  0
SECTION
  2
HEADER
  9
$ACADVER
  1
AC1032
  9
$ACADMAINTVER
 90
      427
  9
$DWGCODEPAGE
  3
ANSI_1252
  9
$LASTSAVEDBY
  1
jisangh
  9
$REQUIREDVERSIONS
160
                 0
  9
$INSBASE
 10
0.0
 20
0.0
 30
0.0
  9
$EXTMIN
 10
-1768.129633956501
 20
-706.4425282565061
 30
-0.0015258207003583
  9
$EXTMAX
 10
57636.62017376878
 20
41251.50072817203
 30
0.0000000349246037
  9
$LIMMIN
 10
0.0
 20
0.0
  9
$LIMMAX
 10
420.0
 20
297.0
  9
$ORTHOMODE
 70
     0
  9
$REGENMODE
 70
     1
  9
$FILLMODE
 70
     1
  9
$QTEXTMODE
 70
     0
  9
$MIRRTEXT
 70
     1
  9
$LTSCALE
 40
200.0
  9
$ATTMODE
 70
     1
  9
$TEXTSIZE
 40
2.5
  9
$TRACEWID
 40
1.0
  9
$TEXTSTYLE
  7
Standard
  9
$CLAYER
  8
0
  9
$CELTYPE
  6
ByLayer
  9
$CECOLOR
 62
   256
  9
$CELTSCALE
 40
1.0
  9
$DISPSILH
 70
     0
  9
$DIMSCALE
 40
1.0
  9
$DIMASZ
 40
2.5
  9
$DIMEXO
 40
0.625
  9
$DIMDLI
 40
3.75
  9
$DIMRND
 40
0.0
  9
$DIMDLE
 40
0.0
  9
$DIMEXE
 40
1.25
  9
$DIMTP
 40
0.0
  9
$DIMTM
 40
0.0
  9
$DIMTXT
 40
2.5
  9
$DIMCEN
 40
2.5
  9
$DIMTSZ
 40
0.0
  9
$DIMTOL
 70
     0
  9
$DIMLIM
 70
     0
  9
$DIMTIH
 70
     0
  9
$DIMTOH
 70
     0
  9
$DIMSE1
 70
     0
  9
$DIMSE2
 70
     0
  9
$DIMTAD
 70
     1
  9
$DIMZIN
 70
     8
  9
$DIMBLK
  1

  9
$DIMASO
 70
     1
  9
$DIMSHO
 70
     1
  9
$DIMPOST
  1

  9
$DIMAPOST
  1

  9
$DIMALT
 70
     0
  9
$DIMALTD
 70
     3
  9
$DIMALTF
 40
0.03937007874016
  9
$DIMLFAC
 40
1.0
  9
$DIMTOFL
 70
     1
  9
$DIMTVP
 40
0.0
  9
$DIMTIX
 70
     0
  9
$DIMSOXD
 70
     0
  9
$DIMSAH
 70
     0
  9
$DIMBLK1
  1

  9
$DIMBLK2
  1

  9
$DIMSTYLE
  2
ISO-25
  9
$DIMCLRD
 70
     0
  9
$DIMCLRE
 70
     0
  9
$DIMCLRT
 70
     0
  9
$DIMTFAC
 40
1.0
  9
$DIMGAP
 40
0.625
  9
$DIMJUST
 70
     0
  9
$DIMSD1
 70
     0
  9
$DIMSD2
 70
     0
  9
$DIMTOLJ
 70
     0
  9
$DIMTZIN
 70
     8
  9
$DIMALTZ
 70
     0
  9
$DIMALTTZ
 70
     0
  9
$DIMUPT
 70
     0
  9
$DIMDEC
 70
     2
  9
$DIMTDEC
 70
     2
  9
$DIMALTU
 70
     2
  9
$DIMALTTD
 70
     3
  9
$DIMTXSTY
  7
Standard
  9
$DIMAUNIT
 70
     0
  9
$DIMADEC
 70
     0
  9
$DIMALTRND
 40
0.0
  9
$DIMAZIN
 70
     0
  9
$DIMDSEP
 70
    44
  9
$DIMATFIT
 70
     3
  9
$DIMFRAC
 70
     0
  9
$DIMLDRBLK
  1

  9
$DIMLUNIT
 70
     2
  9
$DIMLWD
 70
    -2
  9
$DIMLWE
 70
    -2
  9
$DIMTMOVE
 70
     0
  9
$DIMFXL
 40
1.0
  9
$DIMFXLON
 70
     0
  9
$DIMJOGANG
 40
0.7853981633974483
  9
$DIMTFILL
 70
     0
  9
$DIMTFILLCLR
 70
     0
  9
$DIMARCSYM
 70
     0
  9
$DIMLTYPE
  6

  9
$DIMLTEX1
  6

  9
$DIMLTEX2
  6

  9
$DIMTXTDIRECTION
 70
     0
  9
$LUNITS
 70
     2
  9
$LUPREC
 70
     4
  9
$SKETCHINC
 40
1.0
  9
$FILLETRAD
 40
10.0
  9
$AUNITS
 70
     0
  9
$AUPREC
 70
     0
  9
$MENU
  1
.
  9
$ELEVATION
 40
0.0
  9
$PELEVATION
 40
0.0
  9
$THICKNESS
 40
0.0
  9
$LIMCHECK
 70
     0
  9
$CHAMFERA
 40
0.0
  9
$CHAMFERB
 40
0.0
  9
$CHAMFERC
 40
20.0
  9
$CHAMFERD
 40
0.0
  9
$SKPOLY
 70
     0
  9
$TDCREATE
 40
2453460.341018518
  9
$TDUCREATE
 40
2453460.257686852
  9
$TDUPDATE
 40
2461284.539513889
  9
$TDUUPDATE
 40
2461284.456180556
  9
$TDINDWG
 40
0.8444699537
  9
$TDUSRTIMER
 40
0.8444699537
  9
$USRTIMER
 70
     1
  9
$ANGBASE
 50
0.0
  9
$ANGDIR
 70
     0
  9
$PDMODE
 70
     0
  9
$PDSIZE
 40
0.0
  9
$PLINEWID
 40
0.0
  9
$SPLFRAME
 70
     0
  9
$SPLINETYPE
 70
     6
  9
$SPLINESEGS
 70
     8
  9
$HANDSEED
  5
21DB4
  9
$SURFTAB1
 70
     6
  9
$SURFTAB2
 70
     6
  9
$SURFTYPE
 70
     6
  9
$SURFU
 70
     6
  9
$SURFV
 70
     6
  9
$UCSBASE
  2

  9
$UCSNAME
  2

  9
$UCSORG
 10
0.0
 20
0.0
 30
0.0
  9
$UCSXDIR
 10
1.0
 20
0.0
 30
0.0
  9
$UCSYDIR
 10
0.0
 20
1.0
 30
0.0
  9
$UCSORTHOREF
  2

  9
$UCSORTHOVIEW
 70
     0
  9
$UCSORGTOP
 10
0.0
 20
0.0
 30
0.0
  9
$UCSORGBOTTOM
 10
0.0
 20
0.0
 30
0.0
  9
$UCSORGLEFT
 10
0.0
 20
0.0
 30
0.0
  9
$UCSORGRIGHT
 10
0.0
 20
0.0
 30
0.0
  9
$UCSORGFRONT
 10
0.0
 20
0.0
 30
0.0
  9
$UCSORGBACK
 10
0.0
 20
0.0
 30
0.0
  9
$PUCSBASE
  2

  9
$PUCSNAME
  2

  9
$PUCSORG
 10
0.0
 20
0.0
 30
0.0
  9
$PUCSXDIR
 10
1.0
 20
0.0
 30
0.0
  9
$PUCSYDIR
 10
0.0
 20
1.0
 30
0.0
  9
$PUCSORTHOREF
  2

  9
$PUCSORTHOVIEW
 70
     0
  9
$PUCSORGTOP
 10
0.0
 20
0.0
 30
0.0
  9
$PUCSORGBOTTOM
 10
0.0
 20
0.0
 30
0.0
  9
$PUCSORGLEFT
 10
0.0
 20
0.0
 30
0.0
  9
$PUCSORGRIGHT
 10
0.0
 20
0.0
 30
0.0
  9
$PUCSORGFRONT
 10
0.0
 20
0.0
 30
0.0
  9
$PUCSORGBACK
 10
0.0
 20
0.0
 30
0.0
  9
$USERI1
 70
     0
  9
$USERI2
 70
     0
  9
$USERI3
 70
     0
  9
$USERI4
 70
     0
  9
$USERI5
 70
     0
  9
$USERR1
 40
0.0
  9
$USERR2
 40
0.0
  9
$USERR3
 40
0.0
  9
$USERR4
 40
0.0
  9
$USERR5
 40
0.0
  9
$WORLDVIEW
 70
     1
  9
$SHADEDGE
 70
     3
  9
$SHADEDIF
 70
    70
  9
$TILEMODE
 70
     1
  9
$MAXACTVP
 70
    64
  9
$PINSBASE
 10
0.0
 20
0.0
 30
0.0
  9
$PLIMCHECK
 70
     0
  9
$PEXTMIN
 10
1.000000000000000E+20
 20
1.000000000000000E+20
 30
1.000000000000000E+20
  9
$PEXTMAX
 10
-1.000000000000000E+20
 20
-1.000000000000000E+20
 30
-1.000000000000000E+20
  9
$PLIMMIN
 10
0.0
 20
0.0
  9
$PLIMMAX
 10
420.0
 20
297.0
  9
$UNITMODE
 70
     0
  9
$VISRETAIN
 70
     1
  9
$PLINEGEN
 70
     0
  9
$PSLTSCALE
 70
     1
  9
$TREEDEPTH
 70
  3020
  9
$CMLSTYLE
  2
Standard
  9
$CMLJUST
 70
     0
  9
$CMLSCALE
 40
20.0
  9
$PROXYGRAPHICS
 70
     1
  9
$MEASUREMENT
 70
     1
  9
$CELWEIGHT
370
    -1
  9
$ENDCAPS
280
     0
  9
$JOINSTYLE
280
     0
  9
$LWDISPLAY
290
     0
  9
$INSUNITS
 70
     4
  9
$HYPERLINKBASE
  1

  9
$STYLESHEET
  1
monochrome.ctb
  9
$XEDIT
290
     1
  9
$CEPSNTYPE
380
     0
  9
$PSTYLEMODE
290
     1
  9
$FINGERPRINTGUID
  2
{7721278A-44B2-437E-BE92-E42817DFA9B0}
  9
$VERSIONGUID
  2
{34A008B5-4930-0745-A9F4-C8432C36DE01}
  9
$EXTNAMES
290
     1
  9
$PSVPSCALE
 40
0.0
  9
$OLESTARTUP
290
     0
  9
$SORTENTS
280
   127
  9
$INDEXCTL
280
     0
  9
$HIDETEXT
280
     1
  9
$XCLIPFRAME
280
     2
  9
$HALOGAP
280
     0
  9
$OBSCOLOR
 70
   257
  9
$OBSLTYPE
280
     0
  9
$INTERSECTIONDISPLAY
280
     0
  9
$INTERSECTIONCOLOR
 70
   257
  9
$DIMASSOC
280
     2
  9
$PROJECTNAME
  1

  9
$CAMERADISPLAY
290
     0
  9
$LENSLENGTH
 40
50.0
  9
$CAMERAHEIGHT
 40
0.0
  9
$STEPSPERSEC
 40
2.0
  9
$STEPSIZE
 40
6.0
  9
$3DDWFPREC
 40
2.0
  9
$PSOLWIDTH
 40
0.25
  9
$PSOLHEIGHT
 40
4.0
  9
$LOFTANG1
 40
1.570796326794896
  9
$LOFTANG2
 40
1.570796326794896
  9
$LOFTMAG1
 40
0.0
  9
$LOFTMAG2
 40
0.0
  9
$LOFTPARAM
 70
     7
  9
$LOFTNORMALS
280
     1
  9
$LATITUDE
 40
37.795
  9
$LONGITUDE
 40
-122.394
  9
$NORTHDIRECTION
 40
0.0
  9
$TIMEZONE
 70
 -8000
  9
$LIGHTGLYPHDISPLAY
280
     1
  9
$TILEMODELIGHTSYNCH
280
     1
  9
$CMATERIAL
347
1AB24
  9
$SOLIDHIST
280
     0
  9
$SHOWHIST
280
     1
  9
$DWFFRAME
280
     2
  9
$DGNFRAME
280
     0
  9
$REALWORLDSCALE
290
     1
  9
$INTERFERECOLOR
 62
     1
  9
$INTERFEREOBJVS
345
1AB46
  9
$INTERFEREVPVS
346
1AB43
  9
$CSHADOW
280
     0
  9
$SHADOWPLANELOCATION
 40
0.0
  0
ENDSEC
  0
SECTION
  2
CLASSES
  0
CLASS
  1
ACDBDICTIONARYWDFLT
  2
AcDbDictionaryWithDefault
  3
ObjectDBX Classes
 90
        0
 91
        1
280
     0
281
     0
  0
CLASS
  1
STDPART2D
  2
AmgStdPart
  3
"AmgStdPart|Product Description: AutoCAD Mechanical 2000|Company: Autodesk"
 90
     1023
 91
        0
280
     1
281
     1
  0
CLASS
  1
ACDB_PROXY_ENTITY_DATA
  2
AcDbProxyEntityData
  3
ObjectDBX Classes
 90
        0
 91
        0
280
     0
281
     0
  0
CLASS
  1
DICTIONARYVAR
  2
AcDbDictionaryVar
  3
ObjectDBX Classes
 90
        0
 91
       12
280
     0
281
     0
  0
CLASS
  1
TABLESTYLE
  2
AcDbTableStyle
  3
ObjectDBX Classes
 90
     4095
 91
        1
280
     0
281
     0
  0
CLASS
  1
SORTENTSTABLE
  2
AcDbSortentsTable
  3
ObjectDBX Classes
 90
        0
 91
        7
280
     0
281
     0
  0
CLASS
  1
MATERIAL
  2
AcDbMaterial
  3
ObjectDBX Classes
 90
     1153
 91
        3
280
     0
281
     0
  0
CLASS
  1
VISUALSTYLE
  2
AcDbVisualStyle
  3
ObjectDBX Classes
 90
     4095
 91
       24
280
     0
281
     0
  0
CLASS
  1
SCALE
  2
AcDbScale
  3
ObjectDBX Classes
 90
     1153
 91
       17
280
     0
281
     0
  0
CLASS
  1
MLEADERSTYLE
  2
AcDbMLeaderStyle
  3
ACDB_MLEADERSTYLE_CLASS
 90
     4095
 91
        1
280
     0
281
     0
  0
CLASS
  1
ACDBSECTIONVIEWSTYLE
  2
AcDbSectionViewStyle
  3
ObjectDBX Classes
 90
     1025
 91
        1
280
     0
281
     0
  0
CLASS
  1
ACDBDETAILVIEWSTYLE
  2
AcDbDetailViewStyle
  3
ObjectDBX Classes
 90
     1025
 91
        1
280
     0
281
     0
  0
CLASS
  1
ACAD_EVALUATION_GRAPH
  2
AcDbEvalGraph
  3
ObjectDBX Classes
 90
     1153
 91
        1
280
     0
281
     0
  0
CLASS
  1
ACAECUSTOBJ
  2
AcAeEditorObj
  3
AcAeEditorObj
 90
     1024
 91
        1
280
     0
281
     0
  0
CLASS
  1
ACDB_DYNAMICBLOCKPURGEPREVENTER_VERSION
  2
AcDbDynamicBlockPurgePreventer
  3
ObjectDBX Classes
 90
     1153
 91
        1
280
     0
281
     0
  0
CLASS
  1
DIMASSOC
  2
AcDbDimAssoc
  3
"AcDbDimAssoc|Product Desc:     AcDim ARX App For Dimension|Company:          Autodesk, Inc.|WEB Address:      www.autodesk.com"
 90
        0
 91
        0
280
     0
281
     0
  0
CLASS
  1
ACDBASSOCNETWORK
  2
AcDbAssocNetwork
  3
ObjectDBX Classes
 90
     1025
 91
        0
280
     0
281
     0
  0
CLASS
  1
ACDBASSOC2DCONSTRAINTGROUP
  2
AcDbAssoc2dConstraintGroup
  3
ObjectDBX Classes
 90
     1025
 91
        0
280
     0
281
     0
  0
CLASS
  1
ACDBASSOCGEOMDEPENDENCY
  2
AcDbAssocGeomDependency
  3
ObjectDBX Classes
 90
     1025
 91
        0
280
     0
281
     0
  0
CLASS
  1
ACDB_DYNAMICBLOCKPROXYNODE
  2
AcDbDynamicBlockProxyNode
  3
ObjectDBX Classes
 90
     1153
 91
        0
280
     0
281
     0
  0
CLASS
  1
EXACXREFPANELOBJECT
  2
ExAcXREFPanelObject
  3
EXAC_ESW
 90
     1025
 91
        0
280
     0
281
     0
  0
CLASS
  1
NPOCOLLECTION
  2
AcDbImpNonPersistentObjectsCollection
  3
ObjectDBX Classes
 90
     1153
 91
        0
280
     0
281
     0
  0
CLASS
  1
RAPIDRTRENDERSETTINGS
  2
AcDbRapidRTRenderSettings
  3
ObjectDBX Classes
 90
     1024
 91
        7
280
     0
281
     0
  0
CLASS
  1
CELLSTYLEMAP
  2
AcDbCellStyleMap
  3
ObjectDBX Classes
 90
     1152
 91
        1
280
     0
281
     0
  0
ENDSEC
  0
SECTION
  2
TABLES
  0
TABLE
  2
VPORT
  5
8
330
0
100
AcDbSymbolTable
 70
     1
  0
VPORT
  5
1AB1A
330
8
100
AcDbSymbolTableRecord
100
AcDbViewportTableRecord
  2
*Active
 70
     0
 10
0.0
 20
0.0
 11
1.0
 21
1.0
 12
32707.38506869526
 22
22122.06395677729
 13
0.0
 23
0.0
 14
10.0
 24
10.0
 15
10.0
 25
10.0
 16
0.0
 26
0.0
 36
1.0
 17
0.0
 27
0.0
 37
0.0
 40
40179.70302883117
 41
2.176020408163265
 42
50.0
 43
0.0
 44
0.0
 50
0.0
 51
0.0
 71
     0
 72
   100
 73
     1
 74
     2
 75
     1
 76
     0
 77
     0
 78
     0
281
     0
 65
     1
110
0.0
120
0.0
130
0.0
111
1.0
121
0.0
131
0.0
112
0.0
122
1.0
132
0.0
 79
     0
146
0.0
348
1AB42
 60
     3
 61
     5
292
     1
282
     1
141
0.0
142
0.0
 63
   250
421
  3355443
1001
ACAD_NAV_VCDISPLAY
1070
     1
  0
ENDTAB
  0
TABLE
  2
LTYPE
  5
5
330
0
100
AcDbSymbolTable
 70
     6
  0
LTYPE
  5
14
330
5
100
AcDbSymbolTableRecord
100
AcDbLinetypeTableRecord
  2
ByBlock
 70
     0
  3

 72
    65
 73
     0
 40
0.0
  0
LTYPE
  5
15
330
5
100
AcDbSymbolTableRecord
100
AcDbLinetypeTableRecord
  2
ByLayer
 70
     0
  3

 72
    65
 73
     0
 40
0.0
  0
LTYPE
  5
16
330
5
100
AcDbSymbolTableRecord
100
AcDbLinetypeTableRecord
  2
Continuous
 70
     0
  3
Solid line
 72
    65
 73
     0
 40
0.0
  0
LTYPE
  5
8A7B
330
5
100
AcDbSymbolTableRecord
100
AcDbLinetypeTableRecord
  2
DASHED
 70
     0
  3
__ __ __ __ __ __ __ __ __ __ __ __ __ __ __ __
 72
    65
 73
     2
 40
0.75
 49
0.5
 74
     0
 49
-0.25
 74
     0
  0
LTYPE
  5
8A7C
330
5
100
AcDbSymbolTableRecord
100
AcDbLinetypeTableRecord
  2
PHANTOM
 70
     0
  3
______  __  __  ______  __  __  ______  __  __ 
 72
    65
 73
     6
 40
2.1
 49
1.25
 74
     0
 49
-0.2
 74
     0
 49
0.125
 74
     0
 49
-0.2
 74
     0
 49
0.125
 74
     0
 49
-0.2
 74
     0
  0
LTYPE
  5
8A7D
330
5
100
AcDbSymbolTableRecord
100
AcDbLinetypeTableRecord
  2
CENTER
 70
     0
  3
____ _ ____ _ ____ _ ____ _ ____ _ ____ _ ____ 
 72
    65
 73
     4
 40
3.0
 49
2.5
 74
     0
 49
-0.25
 74
     0
 49
0.0
 74
     0
 49
-0.25
 74
     0
  0
LTYPE
  5
1AC8E
330
5
100
AcDbSymbolTableRecord
100
AcDbLinetypeTableRecord
  2
0
 70
     0
  3
MEDUSA PEN 0
 72
    65
 73
     0
 40
0.0
  0
ENDTAB
  0
TABLE
  2
LAYER
  5
2
102
{ACAD_XDICTIONARY
360
2B
102
}
330
0
100
AcDbSymbolTable
 70
    27
  0
LAYER
  5
10
102
{ACAD_XDICTIONARY
360
1AB9F
102
}
330
2
100
AcDbSymbolTableRecord
100
AcDbLayerTableRecord
  2
0
 70
     0
 62
     7
  6
Continuous
370
    -3
390
F
347
1AB34
348
0
  0
LAYER
  5
8A85
102
{ACAD_XDICTIONARY
360
1ABA1
102
}
330
2
100
AcDbSymbolTableRecord
100
AcDbLayerTableRecord
  2
S0CO1
 70
     0
 62
     1
  6
Continuous
370
    -3
390
F
347
1AB34
348
0
  0
LAYER
  5
8A86
102
{ACAD_XDICTIONARY
360
1ABA3
102
}
330
2
100
AcDbSymbolTableRecord
100
AcDbLayerTableRecord
  2
S0TX2
 70
     0
 62
     2
  6
Continuous
370
    -3
390
F
347
1AB34
348
0
  0
LAYER
  5
8A87
102
{ACAD_XDICTIONARY
360
1ABA5
102
}
330
2
100
AcDbSymbolTableRecord
100
AcDbLayerTableRecord
  2
S0DA1
 70
     0
 62
     1
  6
DASHED
370
    -3
390
F
347
1AB34
348
0
  0
LAYER
  5
8A88
102
{ACAD_XDICTIONARY
360
1ABA7
102
}
330
2
100
AcDbSymbolTableRecord
100
AcDbLayerTableRecord
  2
S0CO5
 70
     0
 62
     4
  6
Continuous
370
    -3
390
F
347
1AB34
348
0
  0
LAYER
  5
8A89
102
{ACAD_XDICTIONARY
360
1ABA9
102
}
330
2
100
AcDbSymbolTableRecord
100
AcDbLayerTableRecord
  2
S0CO3
 70
     0
 62
     3
  6
Continuous
370
    -3
390
F
347
1AB34
348
0
  0
LAYER
  5
8A8A
102
{ACAD_XDICTIONARY
360
1ABAB
102
}
330
2
100
AcDbSymbolTableRecord
100
AcDbLayerTableRecord
  2
S0CO2
 70
     0
 62
     2
  6
Continuous
370
    -3
390
F
347
1AB34
348
0
  0
LAYER
  5
8A8B
330
2
100
AcDbSymbolTableRecord
100
AcDbLayerTableRecord
  2
DEFPOINTS
 70
     0
 62
     7
  6
Continuous
290
     0
370
    -3
390
F
347
1AB34
348
0
  0
LAYER
  5
8A8C
102
{ACAD_XDICTIONARY
360
1ABAD
102
}
330
2
100
AcDbSymbolTableRecord
100
AcDbLayerTableRecord
  2
S0CE1
 70
     0
 62
     1
  6
CENTER
370
    -3
390
F
347
1AB34
348
0
  0
LAYER
  5
8A8E
102
{ACAD_XDICTIONARY
360
1ABAF
102
}
330
2
100
AcDbSymbolTableRecord
100
AcDbLayerTableRecord
  2
U0CO2
 70
     0
 62
     2
  6
Continuous
370
    -3
390
F
347
1AB34
348
0
  0
LAYER
  5
8A8F
102
{ACAD_XDICTIONARY
360
1ABB1
102
}
330
2
100
AcDbSymbolTableRecord
100
AcDbLayerTableRecord
  2
U0CO1
 70
     0
 62
     1
  6
Continuous
370
    -3
390
F
347
1AB34
348
0
  0
LAYER
  5
8A90
102
{ACAD_XDICTIONARY
360
1ABB3
102
}
330
2
100
AcDbSymbolTableRecord
100
AcDbLayerTableRecord
  2
A0CO1
 70
     0
 62
     1
  6
Continuous
370
    -3
390
F
347
1AB34
348
0
  0
LAYER
  5
8A91
102
{ACAD_XDICTIONARY
360
1ABB5
102
}
330
2
100
AcDbSymbolTableRecord
100
AcDbLayerTableRecord
  2
I0CO2
 70
     0
 62
     2
  6
Continuous
370
    -3
390
F
347
1AB34
348
0
  0
LAYER
  5
8A92
102
{ACAD_XDICTIONARY
360
1ABB7
102
}
330
2
100
AcDbSymbolTableRecord
100
AcDbLayerTableRecord
  2
LASTLUKE
 70
     0
 62
     1
  6
Continuous
370
    -3
390
F
347
1AB34
348
0
  0
LAYER
  5
8A98
102
{ACAD_XDICTIONARY
360
1ABB9
102
}
330
2
100
AcDbSymbolTableRecord
100
AcDbLayerTableRecord
  2
GEV_FROZEN
 70
     0
 62
     7
  6
Continuous
370
    -3
390
F
347
1AB34
348
0
  0
LAYER
  5
8A99
102
{ACAD_XDICTIONARY
360
1ABBB
102
}
330
2
100
AcDbSymbolTableRecord
100
AcDbLayerTableRecord
  2
CENN
 70
     0
 62
     7
  6
Continuous
370
    -3
390
F
347
1AB34
348
0
  0
LAYER
  5
8A9A
102
{ACAD_XDICTIONARY
360
1ABBD
102
}
330
2
100
AcDbSymbolTableRecord
100
AcDbLayerTableRecord
  2
BHII
 70
     0
 62
     7
  6
Continuous
370
    -3
390
F
347
1AB34
348
0
  0
LAYER
  5
8A9B
102
{ACAD_XDICTIONARY
360
1ABBF
102
}
330
2
100
AcDbSymbolTableRecord
100
AcDbLayerTableRecord
  2
CON1
 70
     0
 62
     7
  6
Continuous
370
    -3
390
F
347
1AB34
348
0
  0
LAYER
  5
8A9C
102
{ACAD_XDICTIONARY
360
1ABC1
102
}
330
2
100
AcDbSymbolTableRecord
100
AcDbLayerTableRecord
  2
VCCNULL
 70
     0
 62
     5
  6
Continuous
370
    -3
390
F
347
1AB34
348
0
  0
LAYER
  5
8A9D
102
{ACAD_XDICTIONARY
360
1ABC3
102
}
330
2
100
AcDbSymbolTableRecord
100
AcDbLayerTableRecord
  2
-BHII
 70
     0
 62
     7
  6
Continuous
370
    -3
390
F
347
1AB34
348
0
  0
LAYER
  5
8A9E
102
{ACAD_XDICTIONARY
360
1ABC5
102
}
330
2
100
AcDbSymbolTableRecord
100
AcDbLayerTableRecord
  2
-BHIU
 70
     0
 62
     7
  6
Continuous
370
    -3
390
F
347
1AB34
348
0
  0
LAYER
  5
8AA4
102
{ACAD_XDICTIONARY
360
1ABC7
102
}
330
2
100
AcDbSymbolTableRecord
100
AcDbLayerTableRecord
  2
S0PH1
 70
     0
 62
     1
  6
PHANTOM
370
    -3
390
F
347
1AB34
348
0
  0
LAYER
  5
2152F
102
{ACAD_XDICTIONARY
360
21530
102
}
330
2
100
AcDbSymbolTableRecord
100
AcDbLayerTableRecord
  2
% rev.A1
 70
     0
 62
  -210
  6
Continuous
370
    -3
390
F
347
1AB34
348
0
1001
AcAecLayerStandard
1000

1000

1001
ACCMTRANSPARENCY
1071
        0
  0
LAYER
  5
215DF
330
2
100
AcDbSymbolTableRecord
100
AcDbLayerTableRecord
  2
% rev.A2
 70
     0
 62
  -210
  6
Continuous
370
    -3
390
F
347
1AB34
348
0
1001
AcAecLayerStandard
1000

1000

1001
ACCMTRANSPARENCY
1071
        0
  0
LAYER
  5
216E8
330
2
100
AcDbSymbolTableRecord
100
AcDbLayerTableRecord
  2
% rev.A3
 70
     0
 62
   210
  6
Continuous
370
    -3
390
F
347
1AB34
348
0
1001
AcAecLayerStandard
1000

1000

1001
ACCMTRANSPARENCY
1071
        0
  0
LAYER
  5
219CE
102
{ACAD_XDICTIONARY
360
219CF
102
}
330
2
100
AcDbSymbolTableRecord
100
AcDbLayerTableRecord
  2
% kommentar
 70
     0
 62
    10
  6
Continuous
370
    -3
390
F
347
1AB34
348
0
1001
AcAecLayerStandard
1000

1000

1001
ACCMTRANSPARENCY
1071
        0
  0
LAYER
  5
219D0
102
{ACAD_XDICTIONARY
360
219D1
102
}
330
2
100
AcDbSymbolTableRecord
100
AcDbLayerTableRecord
  2
Layer 1
 70
     0
 62
     1
420
 16711680
  6
Continuous
370
    -3
390
F
347
1AB34
348
0
  0
ENDTAB
  0
TABLE
  2
STYLE
  5
3
330
0
100
AcDbSymbolTable
 70
     9
  0
STYLE
  5
11
330
3
100
AcDbSymbolTableRecord
100
AcDbTextStyleTableRecord
  2
Standard
 70
     0
 40
0.0
 41
1.0
 50
0.0
 71
     0
 42
2.5
  3
txt
  4

  0
STYLE
  5
8AB1
330
3
100
AcDbSymbolTableRecord
100
AcDbTextStyleTableRecord
  2
ROMANS
 70
     0
 40
100.0
 41
1.0
 50
0.0
 71
     0
 42
100.0
  3
romans
  4

  0
STYLE
  5
8AB2
330
3
100
AcDbSymbolTableRecord
100
AcDbTextStyleTableRecord
  2
18
 70
     0
 40
180.0
 41
1.0
 50
0.0
 71
     0
 42
180.0
  3
romans
  4

  0
STYLE
  5
8AB3
330
3
100
AcDbSymbolTableRecord
100
AcDbTextStyleTableRecord
  2
25
 70
     0
 40
250.0
 41
1.0
 50
0.0
 71
     0
 42
250.0
  3
romans
  4

  0
STYLE
  5
1EB22
330
3
100
AcDbSymbolTableRecord
100
AcDbTextStyleTableRecord
  2
ROMANT
 70
     0
 40
500.0
 41
1.5
 50
0.0
 71
     0
 42
500.0
  3
romant
  4

  0
STYLE
  5
1F520
330
3
100
AcDbSymbolTableRecord
100
AcDbTextStyleTableRecord
  2
style1
 70
     0
 40
2.0
 41
1.0
 50
0.0
 71
     0
 42
2.0
  3
arial.ttf
  4

1001
ACAD
1000
Arial
1071
       34
  0
STYLE
  5
21531
330
3
100
AcDbSymbolTableRecord
100
AcDbTextStyleTableRecord
  2
Romans100
 70
     0
 40
100.0
 41
0.9
 50
0.0
 71
     0
 42
100.0
  3
ROMANS.shx
  4

  0
STYLE
  5
21532
330
3
100
AcDbSymbolTableRecord
100
AcDbTextStyleTableRecord
  2
Romans500
 70
     0
 40
500.0
 41
0.8
 50
0.0
 71
     0
 42
500.0
  3
romans.shx
  4

  0
ENDTAB
  0
TABLE
  2
VIEW
  5
6
330
0
100
AcDbSymbolTable
 70
     4
  0
ENDTAB
  0
TABLE
  2
UCS
  5
7
330
0
100
AcDbSymbolTable
 70
     0
  0
ENDTAB
  0
TABLE
  2
APPID
  5
9
330
0
100
AcDbSymbolTable
 70
    58
  0
APPID
  5
12
330
9
100
AcDbSymbolTableRecord
100
AcDbRegAppTableRecord
  2
ACAD
 70
     0
  0
APPID
  5
8AB9
330
9
100
AcDbSymbolTableRecord
100
AcDbRegAppTableRecord
  2
GENIUS_GENOENT_13
 70
     0
  0
APPID
  5
8ABA
330
9
100
AcDbSymbolTableRecord
100
AcDbRegAppTableRecord
  2
GENIUS_GENOBJ_13
 70
     0
1001
GENIUS_GENODEF_13
1070
     0
1001
GENIUS_GENOENT_13
1070
     0
1001
GENIUS_GENOLIS_13
1070
     0
1001
GENIUS_GENOREF_13
1070
     0
1001
GENIUS_GENOBJ-N-CRS_13
1070
     0
1001
GENIUS_GENOBJ-N-TIT_13
1070
     0
1001
GENIUS_GENTITLE_13
1070
     0
1001
GENIUS_GENZVEED_13
1070
     1
1001
GENIUS_GENOBJ-N-RSSYM_13
1070
     1
1001
GENIUS_GENSYMENT_13
1070
     1
1001
GENIUS_GENOBJ-N-LEADER_13
1070
     0
1001
GENIUS_GENOBJ-N-HINW_13
1070
     0
1001
GENIUS_GENOBJ-N-PAL_13
1070
     0
1001
GENIUS_GENPAL_13
1070
     1
1001
GENIUS_GENOBJ-N-ZOO_13
1070
     0
1001
GENIUS_GENZOO_13
1070
     0
  0
APPID
  5
8ABB
330
9
100
AcDbSymbolTableRecord
100
AcDbRegAppTableRecord
  2
GENIUS_GENODEF_13
 70
     0
1001
GENIUS_GENOBJ_13
1070
     0
  0
APPID
  5
8ABC
330
9
100
AcDbSymbolTableRecord
100
AcDbRegAppTableRecord
  2
GENIUS_GENOLIS_13
 70
     0
1001
GENIUS_GENOBJ_13
1070
     0
  0
APPID
  5
8ABD
330
9
100
AcDbSymbolTableRecord
100
AcDbRegAppTableRecord
  2
GENIUS_GENOREF_13
 70
     0
1001
GENIUS_GENOBJ_13
1070
     0
  0
APPID
  5
8ABE
330
9
100
AcDbSymbolTableRecord
100
AcDbRegAppTableRecord
  2
GENIUS_GENOBJ-N-CRS_13
 70
     0
1001
GENIUS_GENOBJ_13
1070
     0
  0
APPID
  5
8ABF
330
9
100
AcDbSymbolTableRecord
100
AcDbRegAppTableRecord
  2
GENIUS_GENOBJ-N-TIT_13
 70
     0
1001
GENIUS_GENOBJ_13
1070
     0
  0
APPID
  5
8AC0
330
9
100
AcDbSymbolTableRecord
100
AcDbRegAppTableRecord
  2
GENIUS_GENTITLE_13
 70
     0
1001
GENIUS_GENOBJ_13
1070
     0
  0
APPID
  5
8AC1
330
9
100
AcDbSymbolTableRecord
100
AcDbRegAppTableRecord
  2
GENIUS_GENZVEED_13
 70
     0
1001
GENIUS_GENOBJ_13
1070
     1
  0
APPID
  5
8AC2
330
9
100
AcDbSymbolTableRecord
100
AcDbRegAppTableRecord
  2
GENIUS_GENOBJ-N-RSSYM_13
 70
     0
1001
GENIUS_GENOBJ_13
1070
     1
  0
APPID
  5
8AC3
330
9
100
AcDbSymbolTableRecord
100
AcDbRegAppTableRecord
  2
GENIUS_GENSYMENT_13
 70
     0
1001
GENIUS_GENOBJ_13
1070
     1
  0
APPID
  5
8AC4
330
9
100
AcDbSymbolTableRecord
100
AcDbRegAppTableRecord
  2
GENIUS_GENOBJ-N-LEADER_13
 70
     0
1001
GENIUS_GENOBJ_13
1070
     0
  0
APPID
  5
8AC5
330
9
100
AcDbSymbolTableRecord
100
AcDbRegAppTableRecord
  2
GENIUS_GENOBJ-N-HINW_13
 70
     0
1001
GENIUS_GENOBJ_13
1070
     0
  0
APPID
  5
8AC6
330
9
100
AcDbSymbolTableRecord
100
AcDbRegAppTableRecord
  2
GENIUS_GENOBJ-N-PAL_13
 70
     0
1001
GENIUS_GENOBJ_13
1070
     0
  0
APPID
  5
8AC7
330
9
100
AcDbSymbolTableRecord
100
AcDbRegAppTableRecord
  2
GENIUS_GENPAL_13
 70
     0
1001
GENIUS_GENOBJ_13
1070
     1
  0
APPID
  5
8AC8
330
9
100
AcDbSymbolTableRecord
100
AcDbRegAppTableRecord
  2
GENIUS_GENOBJ-N-ZOO_13
 70
     0
1001
GENIUS_GENOBJ_13
1070
     0
  0
APPID
  5
8AC9
330
9
100
AcDbSymbolTableRecord
100
AcDbRegAppTableRecord
  2
GENIUS_GENZOO_13
 70
     0
1001
GENIUS_GENOBJ_13
1070
     0
  0
APPID
  5
8ACA
330
9
100
AcDbSymbolTableRecord
100
AcDbRegAppTableRecord
  2
GENIUS_GENOBJ-N-CEN_13
 70
     0
  0
APPID
  5
8ACB
330
9
100
AcDbSymbolTableRecord
100
AcDbRegAppTableRecord
  2
PROMENU1101_SETUP
 70
     0
  0
APPID
  5
8ACC
330
9
100
AcDbSymbolTableRecord
100
AcDbRegAppTableRecord
  2
GENIUS_GENBH_13
 70
     0
  0
APPID
  5
8ACD
330
9
100
AcDbSymbolTableRecord
100
AcDbRegAppTableRecord
  2
GENIUS_GENOBJ-N-FIL_13
 70
     0
  0
APPID
  5
8ACE
330
9
100
AcDbSymbolTableRecord
100
AcDbRegAppTableRecord
  2
GENIUS_GENREC_14
 70
     0
  0
APPID
  5
8ACF
330
9
100
AcDbSymbolTableRecord
100
AcDbRegAppTableRecord
  2
GENIUS_GENOBJ-N-REC_13
 70
     0
  0
APPID
  5
8AD0
330
9
100
AcDbSymbolTableRecord
100
AcDbRegAppTableRecord
  2
GENIUS_GEFWELD_13
 70
     0
  0
APPID
  5
8AD1
330
9
100
AcDbSymbolTableRecord
100
AcDbRegAppTableRecord
  2
GENIUS_GENOBJ-F-WELS_13
 70
     0
  0
APPID
  5
8AD2
330
9
100
AcDbSymbolTableRecord
100
AcDbRegAppTableRecord
  2
GEVMK
 70
     0
  0
APPID
  5
8AD3
330
9
100
AcDbSymbolTableRecord
100
AcDbRegAppTableRecord
  2
GEVIT
 70
     0
  0
APPID
  5
8AD4
330
9
100
AcDbSymbolTableRecord
100
AcDbRegAppTableRecord
  2
VCC
 70
     0
  0
APPID
  5
8AD5
330
9
100
AcDbSymbolTableRecord
100
AcDbRegAppTableRecord
  2
GENBH
 70
     0
  0
APPID
  5
8AD6
330
9
100
AcDbSymbolTableRecord
100
AcDbRegAppTableRecord
  2
GENIUS_GEFPARTINS_13
 70
     0
  0
APPID
  5
8AD7
330
9
100
AcDbSymbolTableRecord
100
AcDbRegAppTableRecord
  2
GEVID936799088
 70
     0
  0
APPID
  5
8AD8
330
9
100
AcDbSymbolTableRecord
100
AcDbRegAppTableRecord
  2
RAK
 70
     0
  0
APPID
  5
8AD9
330
9
100
AcDbSymbolTableRecord
100
AcDbRegAppTableRecord
  2
GENIUS_GENOBJ-N-HTC_13
 70
     0
  0
APPID
  5
8ADA
330
9
100
AcDbSymbolTableRecord
100
AcDbRegAppTableRecord
  2
GENIUS_GENHATCH_13
 70
     0
  0
APPID
  5
8ADB
330
9
100
AcDbSymbolTableRecord
100
AcDbRegAppTableRecord
  2
ACAD_PSEXT
 70
     0
  0
APPID
  5
8ADC
330
9
100
AcDbSymbolTableRecord
100
AcDbRegAppTableRecord
  2
GEVPT
 70
     0
  0
APPID
  5
8ADD
330
9
100
AcDbSymbolTableRecord
100
AcDbRegAppTableRecord
  2
GEVCON
 70
     0
  0
APPID
  5
8ADE
330
9
100
AcDbSymbolTableRecord
100
AcDbRegAppTableRecord
  2
GEVID936802021
 70
     0
  0
APPID
  5
8ADF
330
9
100
AcDbSymbolTableRecord
100
AcDbRegAppTableRecord
  2
GEVID936802131
 70
     0
  0
APPID
  5
8AE0
330
9
100
AcDbSymbolTableRecord
100
AcDbRegAppTableRecord
  2
GEVID894437423
 70
     0
  0
APPID
  5
8AE1
330
9
100
AcDbSymbolTableRecord
100
AcDbRegAppTableRecord
  2
GEVID894458235
 70
     0
  0
APPID
  5
1AB6D
330
9
100
AcDbSymbolTableRecord
100
AcDbRegAppTableRecord
  2
AcadStringInfo
 70
     0
  0
APPID
  5
1AB72
330
9
100
AcDbSymbolTableRecord
100
AcDbRegAppTableRecord
  2
ACAD_NAV_VCDISPLAY
 70
     0
  0
APPID
  5
1ABEE
330
9
100
AcDbSymbolTableRecord
100
AcDbRegAppTableRecord
  2
AcAecLayerStandard
 70
     0
  0
APPID
  5
1AC90
330
9
100
AcDbSymbolTableRecord
100
AcDbRegAppTableRecord
  2
ACCMTRANSPARENCY
 70
     0
  0
APPID
  5
1C58B
330
9
100
AcDbSymbolTableRecord
100
AcDbRegAppTableRecord
  2
AcDbDynamicBlockGUID
 70
     0
  0
APPID
  5
1C58C
330
9
100
AcDbSymbolTableRecord
100
AcDbRegAppTableRecord
  2
GradientColor1ACI
 70
     0
  0
APPID
  5
1C58D
330
9
100
AcDbSymbolTableRecord
100
AcDbRegAppTableRecord
  2
GradientColor2ACI
 70
     0
  0
APPID
  5
1D560
330
9
100
AcDbSymbolTableRecord
100
AcDbRegAppTableRecord
  2
ACAD_EXEMPT_FROM_CAD_STANDARDS
 70
     0
  0
APPID
  5
1D642
330
9
100
AcDbSymbolTableRecord
100
AcDbRegAppTableRecord
  2
ACAUTHENVIRON
 70
     0
  0
APPID
  5
1D645
330
9
100
AcDbSymbolTableRecord
100
AcDbRegAppTableRecord
  2
AcDbDynamicBlockTrueName
 70
     0
  0
APPID
  5
1DEE4
330
9
100
AcDbSymbolTableRecord
100
AcDbRegAppTableRecord
  2
AcadAnnoMonitorAlertIconDisabled
 70
     0
  0
APPID
  5
1F523
330
9
100
AcDbSymbolTableRecord
100
AcDbRegAppTableRecord
  2
ACAD_DSTYLE_DIMJOGGED_JOGANGLE_SYMBOL
 70
     0
  0
APPID
  5
1F524
330
9
100
AcDbSymbolTableRecord
100
AcDbRegAppTableRecord
  2
ACAD_DSTYLE_DIMJAG
 70
     0
  0
APPID
  5
1F525
330
9
100
AcDbSymbolTableRecord
100
AcDbRegAppTableRecord
  2
ACAD_DSTYLE_DIMTALN
 70
     0
  0
APPID
  5
1F673
330
9
100
AcDbSymbolTableRecord
100
AcDbRegAppTableRecord
  2
AcDbDynamicBlockTrueName2
 70
     0
  0
APPID
  5
21537
330
9
100
AcDbSymbolTableRecord
100
AcDbRegAppTableRecord
  2
ACAD_DSTYLE_DIMBREAK
 70
     0
  0
ENDTAB
  0
TABLE
  2
DIMSTYLE
  5
A
330
0
100
AcDbSymbolTable
 70
     7
100
AcDbDimStyleTable
 71
     1
340
27
  0
DIMSTYLE
105
27
330
A
100
AcDbSymbolTableRecord
100
AcDbDimStyleTableRecord
  2
ISO-25
 70
     0
 41
2.5
 42
0.625
 43
3.75
 44
1.25
 73
     0
 74
     0
 77
     1
 78
     8
140
2.5
141
2.5
143
0.03937007874016
147
0.625
171
     3
172
     1
271
     2
272
     2
274
     3
278
    44
283
     0
284
     8
340
11
  0
DIMSTYLE
105
8AB8
102
{ACAD_REACTORS
330
1F687
330
1F688
330
1D5F5
102
}
330
A
100
AcDbSymbolTableRecord
100
AcDbDimStyleTableRecord
  2
STANDARD
 70
     0
 40
50.0
 41
2.0
 42
1.0
 43
6.0
 44
0.5
 73
     0
 74
     0
 77
     1
 78
     8
 79
     2
140
2.0
141
1.5
143
0.039370078
145
100.0
147
1.0
172
     1
176
     1
177
     1
178
     2
179
     2
271
     2
272
     2
279
     2
284
     8
285
     8
286
     8
340
8AB1
  0
DIMSTYLE
105
21533
330
A
100
AcDbSymbolTableRecord
100
AcDbDimStyleTableRecord
  2
ORGINAL
 70
     0
 40
50.0
 41
2.0
 42
1.0
 43
6.0
 44
0.5
 73
     0
 74
     0
 77
     1
 78
     8
140
100.0
141
0.0
143
0.039370078
145
100.0
147
1.0
172
     1
176
     1
177
     1
178
     2
271
     0
272
     0
279
     2
284
     8
285
     8
286
     8
289
     2
340
21531
1001
ACAD_DSTYLE_DIMJAG
1070
   388
1040
1.5
1001
ACAD_DSTYLE_DIMTALN
1070
   392
1070
     0
  0
DIMSTYLE
105
21534
330
A
100
AcDbSymbolTableRecord
100
AcDbDimStyleTableRecord
  2
SHORT
 70
     0
 40
0.4
 41
2.0
 42
100.0
 43
6.0
 44
100.0
 73
     0
 74
     0
 78
     8
140
2.0
141
0.0
143
0.039370078
145
100.0
147
400.0
172
     1
173
     1
176
     1
177
     1
178
     2
271
     2
272
     2
279
     2
284
     8
285
     8
286
     8
340
21531
341
21522
343
21522
344
2151D
  0
DIMSTYLE
105
21535
330
A
100
AcDbSymbolTableRecord
100
AcDbDimStyleTableRecord
  2
Dim1-250
 70
     0
 41
500.0
 42
250.0
 43
25.0
 44
250.0
 73
     0
 74
     0
 77
     1
 78
     8
140
500.0
141
250.0
143
0.039370078
145
100.0
147
75.0
172
     1
176
     1
177
     1
178
   256
271
     0
272
     0
279
     2
284
     8
285
     8
286
     8
289
     2
340
21532
1001
ACAD_DSTYLE_DIMBREAK
1070
   391
1040
25.0
1001
ACAD_DSTYLE_DIMJAG
1070
   388
1040
1.5
1001
ACAD_DSTYLE_DIMTALN
1070
   392
1070
     0
  0
DIMSTYLE
105
21536
330
A
100
AcDbSymbolTableRecord
100
AcDbDimStyleTableRecord
  2
Dim1-50
 70
     0
 41
100.0
 42
50.0
 43
5.0
 44
50.0
 73
     0
 74
     0
 77
     1
 78
     8
140
100.0
141
50.0
143
0.039370078
145
100.0
147
25.0
172
     1
176
     1
177
     1
178
   256
271
     0
272
     0
279
     2
284
     8
285
     8
286
     8
289
     2
340
21531
1001
ACAD_DSTYLE_DIMBREAK
1070
   391
1040
5.0
1001
ACAD_DSTYLE_DIMJAG
1070
   388
1040
1.5
1001
ACAD_DSTYLE_DIMTALN
1070
   392
1070
     0
  0
ENDTAB
  0
TABLE
  2
BLOCK_RECORD
  5
1
330
0
100
AcDbSymbolTable
 70
    28
  0
BLOCK_RECORD
  5
1F
102
{ACAD_XDICTIONARY
360
D7B0
102
}
330
1
100
AcDbSymbolTableRecord
100
AcDbBlockTableRecord
  2
*Model_Space
340
22
 70
     0
280
     1
281
     0
  0
BLOCK_RECORD
  5
1B
330
1
100
AcDbSymbolTableRecord
100
AcDbBlockTableRecord
  2
*Paper_Space
340
1E
 70
     0
280
     1
281
     0
  0
BLOCK_RECORD
  5
23
330
1
100
AcDbSymbolTableRecord
100
AcDbBlockTableRecord
  2
*Paper_Space0
340
26
 70
     0
280
     1
281
     0
  0
BLOCK_RECORD
  5
EE0
330
1
100
AcDbSymbolTableRecord
100
AcDbBlockTableRecord
  2
VCCISYMB
340
0
102
{BLKREFS
331
1C0B6
331
1AC21
102
}
 70
     0
280
     1
281
     0
  0
BLOCK_RECORD
  5
1A9F0
330
1
100
AcDbSymbolTableRecord
100
AcDbBlockTableRecord
  2
A2
340
0
310
2800000020000000200000000100080000000000000400000000000000000000000000000000000000000000000080000080000000808000800000008000800080800000C0C0C000C0DCC000F0CAA6000020400000206000002080000020A0000020C0000020E00000400000004020000040400000406000004080000040A0
310
000040C0000040E00000600000006020000060400000606000006080000060A0000060C0000060E00000800000008020000080400000806000008080000080A0000080C0000080E00000A0000000A0200000A0400000A0600000A0800000A0A00000A0C00000A0E00000C0000000C0200000C0400000C0600000C0800000C0
310
A00000C0C00000C0E00000E0000000E0200000E0400000E0600000E0800000E0A00000E0C00000E0E00040000000400020004000400040006000400080004000A0004000C0004000E00040200000402020004020400040206000402080004020A0004020C0004020E000404000004040200040404000404060004040800040
310
40A0004040C0004040E00040600000406020004060400040606000406080004060A0004060C0004060E00040800000408020004080400040806000408080004080A0004080C0004080E00040A0000040A0200040A0400040A0600040A0800040A0A00040A0C00040A0E00040C0000040C0200040C0400040C0600040C08000
310
40C0A00040C0C00040C0E00040E0000040E0200040E0400040E0600040E0800040E0A00040E0C00040E0E00080000000800020008000400080006000800080008000A0008000C0008000E00080200000802020008020400080206000802080008020A0008020C0008020E00080400000804020008040400080406000804080
310
008040A0008040C0008040E00080600000806020008060400080606000806080008060A0008060C0008060E00080800000808020008080400080806000808080008080A0008080C0008080E00080A0000080A0200080A0400080A0600080A0800080A0A00080A0C00080A0E00080C0000080C0200080C0400080C0600080C0
310
800080C0A00080C0C00080C0E00080E0000080E0200080E0400080E0600080E0800080E0A00080E0C00080E0E000C0000000C0002000C0004000C0006000C0008000C000A000C000C000C000E000C0200000C0202000C0204000C0206000C0208000C020A000C020C000C020E000C0400000C0402000C0404000C0406000C0
310
408000C040A000C040C000C040E000C0600000C0602000C0604000C0606000C0608000C060A000C060C000C060E000C0800000C0802000C0804000C0806000C0808000C080A000C080C000C080E000C0A00000C0A02000C0A04000C0A06000C0A08000C0A0A000C0A0C000C0A0E000C0C00000C0C02000C0C04000C0C06000
310
C0C08000C0C0A000F0FBFF00A4A0A000808080000000FF0000FF000000FFFF00FF000000FF00FF00FFFF0000FFFFFF0000000000000000000000000000000000000000000000000000000000000000000000000000000000000000000000000000000000000000000000000000000000000000000000000000000000000000
310
000000000000000000000000000000000000000000000000000000000000000000000000000000000000000000000000000000000000000000000000000000000000000000000000000000000000000000000000000000000000000000000000000000000000000000000000000000000000FBFBFFFFFFFFFFFFFFFFFFFFFF
310
FFFFFFFFFFFFFFFFFFFFFFFFFFFFFFFBFB000000FF0000000000000000000000000000000000000000000000000000FF00000000FF0000000000000000000000000000000000000000000000000000FF00000000FF0000000000000000000000000000000000000000000000000000FF00000000FF00000000000000000000
310
00000000000000000000000000000000FF00000000FF0000000000000000000000000000000000000000000000000000FF00000000FF0000000000000000000000000000000000000000000000000000FF00000000FF0000000000000000000000000000000000000000000000000000FF00000000FF000000000000000000
310
0000000000000000000000000000000000FF00000000FF0000000000000000000000000000000000000000000000000000FF00000000FF0000000000000000000000000000000000000000000000000000FF00000000FF0000000000000000000000000000000000000000000000000000FF00000000FF0000000000000000
310
000000000000000000000000000000000000FF00000000FF0000000000000000000000000000000000000000000000000000FF00000000FF0000000000000000000000000000000000000000000000000000FF00000000FF0000000000000000000000000000000000000000000000000000FF00000000FF00000000000000
310
00000000000000000000000000000000000000FF00000000FF0000000000000000000000000000000000000000000000000000FF00000000FF0000000000000000000000000000000000000000000000000000FF000000FBFBFFFFFFFFFFFFFFFFFFFFFFFFFFFFFFFFFFFFFFFFFFFFFFFFFFFFFBFB00000000000000000000
310
00000000000000000000000000000000000000000000000000000000000000000000000000000000000000000000000000000000000000000000000000000000000000000000000000000000000000000000000000000000000000000000000000000000000000000000000000000000000000000000000000000000000000
310
0000000000000000000000000000000000000000000000000000000000000000000000000000000000000000000000000000000000000000
102
{BLKREFS
331
1DA51
102
}
 70
     0
280
     1
281
     0
  0
BLOCK_RECORD
  5
1AC09
330
1
100
AcDbSymbolTableRecord
100
AcDbBlockTableRecord
  2
*U3
340
0
102
{BLKREFS
331
1AC60
102
}
 70
     0
280
     1
281
     0
  0
BLOCK_RECORD
  5
1AC10
330
1
100
AcDbSymbolTableRecord
100
AcDbBlockTableRecord
  2
*U4
340
0
102
{BLKREFS
331
1AC5F
102
}
 70
     0
280
     1
281
     0
  0
BLOCK_RECORD
  5
1AC17
330
1
100
AcDbSymbolTableRecord
100
AcDbBlockTableRecord
  2
*U5
340
0
102
{BLKREFS
331
1AC20
102
}
 70
     0
280
     1
281
     0
  0
BLOCK_RECORD
  5
1AC1E
330
1
100
AcDbSymbolTableRecord
100
AcDbBlockTableRecord
  2
*U6
340
0
102
{BLKREFS
331
1AC5E
102
}
 70
     0
280
     1
281
     0
  0
BLOCK_RECORD
  5
1AC23
102
{ACAD_XDICTIONARY
360
1AC24
102
}
330
1
100
AcDbSymbolTableRecord
100
AcDbBlockTableRecord
  2
A$C4F4610A3
340
0
102
{BLKREFS
331
1E71D
102
}
 70
     0
280
     1
281
     0
  0
BLOCK_RECORD
  5
1C09E
330
1
100
AcDbSymbolTableRecord
100
AcDbBlockTableRecord
  2
*U8
340
0
102
{BLKREFS
331
1C0F5
102
}
 70
     0
280
     1
281
     0
  0
BLOCK_RECORD
  5
1C0A5
330
1
100
AcDbSymbolTableRecord
100
AcDbBlockTableRecord
  2
*U9
340
0
102
{BLKREFS
331
1C0F4
102
}
 70
     0
280
     1
281
     0
  0
BLOCK_RECORD
  5
1C0AC
330
1
100
AcDbSymbolTableRecord
100
AcDbBlockTableRecord
  2
*U10
340
0
102
{BLKREFS
331
1C0B5
102
}
 70
     0
280
     1
281
     0
  0
BLOCK_RECORD
  5
1C0B3
330
1
100
AcDbSymbolTableRecord
100
AcDbBlockTableRecord
  2
*U11
340
0
102
{BLKREFS
331
1C0F3
102
}
 70
     0
280
     1
281
     0
  0
BLOCK_RECORD
  5
1C0B8
102
{ACAD_XDICTIONARY
360
1C0B9
102
}
330
1
100
AcDbSymbolTableRecord
100
AcDbBlockTableRecord
  2
A$C64097268
340
0
102
{BLKREFS
331
1D350
102
}
 70
     0
280
     1
281
     0
1001
AcDbDynamicBlockGUID
1000
{8CF38665-6974-4BA6-9A9D-98E559E1F5B6}
  0
BLOCK_RECORD
  5
1D5F6
330
1
100
AcDbSymbolTableRecord
100
AcDbBlockTableRecord
  2
*D13
340
0
 70
     0
280
     1
281
     0
  0
BLOCK_RECORD
  5
1D619
102
{ACAD_XDICTIONARY
360
1D634
102
}
330
1
100
AcDbSymbolTableRecord
100
AcDbBlockTableRecord
  2
A$C10F6703F
340
0
102
{BLKREFS
331
1D627
102
}
 70
     4
280
     1
281
     0
1001
AcDbDynamicBlockGUID
1000
{18EDE637-CB03-004B-AA4F-CBFE16BBC0A2}
  0
BLOCK_RECORD
  5
1EB8C
102
{ACAD_XDICTIONARY
360
1EBBE
102
}
330
1
100
AcDbSymbolTableRecord
100
AcDbBlockTableRecord
  2
A$C146860D7
340
0
102
{BLKREFS
331
21D64
102
}
 70
     4
280
     1
281
     0
  0
BLOCK_RECORD
  5
1F00D
330
1
100
AcDbSymbolTableRecord
100
AcDbBlockTableRecord
  2
REV-1
340
0
310
2800000020000000200000000100080000000000000400000000000000000000000000000000000000000000000080000080000000808000800000008000800080800000C0C0C000C0DCC000F0CAA6000020400000206000002080000020A0000020C0000020E00000400000004020000040400000406000004080000040A0
310
000040C0000040E00000600000006020000060400000606000006080000060A0000060C0000060E00000800000008020000080400000806000008080000080A0000080C0000080E00000A0000000A0200000A0400000A0600000A0800000A0A00000A0C00000A0E00000C0000000C0200000C0400000C0600000C0800000C0
310
A00000C0C00000C0E00000E0000000E0200000E0400000E0600000E0800000E0A00000E0C00000E0E00040000000400020004000400040006000400080004000A0004000C0004000E00040200000402020004020400040206000402080004020A0004020C0004020E000404000004040200040404000404060004040800040
310
40A0004040C0004040E00040600000406020004060400040606000406080004060A0004060C0004060E00040800000408020004080400040806000408080004080A0004080C0004080E00040A0000040A0200040A0400040A0600040A0800040A0A00040A0C00040A0E00040C0000040C0200040C0400040C0600040C08000
310
40C0A00040C0C00040C0E00040E0000040E0200040E0400040E0600040E0800040E0A00040E0C00040E0E00080000000800020008000400080006000800080008000A0008000C0008000E00080200000802020008020400080206000802080008020A0008020C0008020E00080400000804020008040400080406000804080
310
008040A0008040C0008040E00080600000806020008060400080606000806080008060A0008060C0008060E00080800000808020008080400080806000808080008080A0008080C0008080E00080A0000080A0200080A0400080A0600080A0800080A0A00080A0C00080A0E00080C0000080C0200080C0400080C0600080C0
310
800080C0A00080C0C00080C0E00080E0000080E0200080E0400080E0600080E0800080E0A00080E0C00080E0E000C0000000C0002000C0004000C0006000C0008000C000A000C000C000C000E000C0200000C0202000C0204000C0206000C0208000C020A000C020C000C020E000C0400000C0402000C0404000C0406000C0
310
408000C040A000C040C000C040E000C0600000C0602000C0604000C0606000C0608000C060A000C060C000C060E000C0800000C0802000C0804000C0806000C0808000C080A000C080C000C080E000C0A00000C0A02000C0A04000C0A06000C0A08000C0A0A000C0A0C000C0A0E000C0C00000C0C02000C0C04000C0C06000
310
C0C08000C0C0A000F0FBFF00A4A0A000808080000000FF0000FF000000FFFF00FF000000FF00FF00FFFF0000FFFFFF0000000000000000000000000000000000000000000000000000000000000000000000000000000000000000000000F9F9F9F900000000000000000000000000000000000000000000000000000000F9
310
FBFBFB00000000000000000000000000000000000000000000000000000000FBFBFBFB00000000000000000000000000000000000000000000000000000000F9FBFBFB00000000000000000000000000000000000000000000000000000000F9FBFBFB00000000000000000000000000000000000000000000000000000000
310
F9FBFBFB00000000000000000000000000000000000000000000000000000000F9FBFBFB00000000000000000000000000000000000000000000000000000000F9FBFBFB00000000000000000000000000000000000000000000000000000000F90000FB000000000000000000000000000000000000000000000000000000
310
00F90000FB00000000000000000000000000000000000000000000000000000000F90000FB00000000000000000000000000000000000000000000000000000000F90000FB00000000000000000000000000000000000000000000000000000000F90000FB0000000000000000000000000000000000000000000000000000
310
0000F90000FB00000000000000000000000000000000000000000000000000000000F90000FB00000000000000000000000000000000000000000000000000000000F90000FB00000000000000000000000000000000000000000000000000000000F90000FB00000000000000000000000000000000000000000000000000
310
000000F90000FB00000000000000000000000000000000000000000000000000000000F90000FB00000000000000000000000000000000000000000000000000000000F90000FB00000000000000000000000000000000000000000000000000000000F90000FB000000000000000000000000000000000000000000000000
310
00000000FBFBFBFB00000000000000000000000000000000000000000000000000000000F9FBFBFB00000000000000000000000000000000000000000000000000000000F9FBFBFB00000000000000000000000000000000000000000000000000000000F9FBFBFB0000000000000000000000000000000000000000000000
310
0000000000F9FBFBFB00000000000000000000000000000000000000000000000000000000FBFBFBFB00000000000000000000000000000000000000000000000000000000F9FBFBFB00000000000000000000000000000000000000000000000000000000F9FBFBFB00000000000000000000000000000000000000000000
310
000000000000FBFBFBFB00000000000000000000000000000000000000000000000000000000000000000000000000000000000000000000
 70
     0
280
     1
281
     0
  0
BLOCK_RECORD
  5
1F01D
102
{ACAD_XDICTIONARY
360
21D95
102
}
330
1
100
AcDbSymbolTableRecord
100
AcDbBlockTableRecord
  2
TF-2
340
0
310
2800000020000000200000000100080000000000000400000000000000000000000000000000000000000000000080000080000000808000800000008000800080800000C0C0C000C0DCC000F0CAA6000020400000206000002080000020A0000020C0000020E00000400000004020000040400000406000004080000040A0
310
000040C0000040E00000600000006020000060400000606000006080000060A0000060C0000060E00000800000008020000080400000806000008080000080A0000080C0000080E00000A0000000A0200000A0400000A0600000A0800000A0A00000A0C00000A0E00000C0000000C0200000C0400000C0600000C0800000C0
310
A00000C0C00000C0E00000E0000000E0200000E0400000E0600000E0800000E0A00000E0C00000E0E00040000000400020004000400040006000400080004000A0004000C0004000E00040200000402020004020400040206000402080004020A0004020C0004020E000404000004040200040404000404060004040800040
310
40A0004040C0004040E00040600000406020004060400040606000406080004060A0004060C0004060E00040800000408020004080400040806000408080004080A0004080C0004080E00040A0000040A0200040A0400040A0600040A0800040A0A00040A0C00040A0E00040C0000040C0200040C0400040C0600040C08000
310
40C0A00040C0C00040C0E00040E0000040E0200040E0400040E0600040E0800040E0A00040E0C00040E0E00080000000800020008000400080006000800080008000A0008000C0008000E00080200000802020008020400080206000802080008020A0008020C0008020E00080400000804020008040400080406000804080
310
008040A0008040C0008040E00080600000806020008060400080606000806080008060A0008060C0008060E00080800000808020008080400080806000808080008080A0008080C0008080E00080A0000080A0200080A0400080A0600080A0800080A0A00080A0C00080A0E00080C0000080C0200080C0400080C0600080C0
310
800080C0A00080C0C00080C0E00080E0000080E0200080E0400080E0600080E0800080E0A00080E0C00080E0E000C0000000C0002000C0004000C0006000C0008000C000A000C000C000C000E000C0200000C0202000C0204000C0206000C0208000C020A000C020C000C020E000C0400000C0402000C0404000C0406000C0
310
408000C040A000C040C000C040E000C0600000C0602000C0604000C0606000C0608000C060A000C060C000C060E000C0800000C0802000C0804000C0806000C0808000C080A000C080C000C080E000C0A00000C0A02000C0A04000C0A06000C0A08000C0A0A000C0A0C000C0A0E000C0C00000C0C02000C0C04000C0C06000
310
C0C08000C0C0A000F0FBFF00A4A0A000808080000000FF0000FF000000FFFF00FF000000FF00FF00FFFF0000FFFFFF0000000000000000000000000000000000000000000000000000000000000000000000000000000000000000000000000000000000000000000000000000000000000000000000000000000000000000
310
00000000000000000000000000000000000000000000000000000000000000000000000000000000000000000000000000000000000000000000000000000000000000000000000000000000000000000000000000000000000000000000000000000000000000000000000000000000000000000000000000000000000000
310
0000000000000000000000000000000000000000000000000000000000000000000000000000000000000000000000000000000000000000000000000000000000000000000000000000000000000000000000F9FBFEF9F9F9F9F9F9F9F9F9F9F9F9F9F9F9F9FEF9F9FBFBF9F9F9F9F9F90000F9FBFE00F9F9F9F9F9F9F9F9
310
F9F9F9F9F90000FEFEFEFBFBFEFEFEFEFEFE0000F9FBFE00F9F9F9F9F9F9F9F9F9F9F9F9F90000F9F9F9FEFE0000FEFEFEF90000F9FBFE00F9F9F9F9F9F9F9F9F9F9F9F9F90000F9F9FEFEFEFEFEF9FEFEFE0000F9FBFEFEF9F9F9F9FEFEFEFEFEFEFEFEFEFEFEF9F9FEFEFEFEFEFEFEFEF90000F9FBFE000000000000FEFE
310
FEFE000000000000FEFAFAFAF9FBFBFBF9F9F90000F9FBFE000000000000FEFEFEFE000000000000FEFAFAFAF9FBFBFBF9F9F90000F9FBFEF9FEFEFEFEFEFEFEFEFEFEFEFEFEFEFEFEFEFEFEF9FBFBFBFEFEF90000F9FBFE000000000000FEFEFEFE000000000000FE000000000000000000F90000F9FBFE000000000000FE
310
FEFEFE000000000000FE0000FEFEFEFEFE0000F90000F9FBF9F9FEFEFEFEFEFEFEFEFEFEFEFEFEFEFEF9F9F9F9F9FEFEFEFEFEF90000F9FBFE00000000F9F9F9F9F9F9F9F9F9F9F9F9F9F9F9F9F9F900000000F90000F9FBFE00000000F9F9F9F9F9F9F9F9F9F9F9F9F9F9F9F9F9F900000000F90000F9FBFEFEFEFEFEFEFE
310
FEFEFEFEFEFEFEFEFEFEFEFEFEFEFEFEFEFEFEFEF900000000000000000000000000000000000000000000000000000000000000000000000000000000000000000000000000000000000000000000000000000000000000000000000000000000000000000000000000000000000000000000000000000000000000000000
310
00000000000000000000000000000000000000000000000000000000000000000000000000000000000000000000000000000000000000000000000000000000000000000000000000000000000000000000000000000000000000000000000000000000000000000000000000000000000000000000000000000000000000
310
0000000000000000000000000000000000000000000000000000000000000000000000000000000000000000000000000000000000000000
102
{BLKREFS
331
1F548
102
}
 70
     0
280
     0
281
     1
1001
AcDbDynamicBlockGUID
1000
{2C8ECE1E-FE0A-7349-8793-F5BBF675C5FD}
  0
BLOCK_RECORD
  5
1F05C
102
{ACAD_XDICTIONARY
360
1F05D
102
}
330
1
100
AcDbSymbolTableRecord
100
AcDbBlockTableRecord
  2
PK-LOGO
340
0
 70
     0
280
     0
281
     1
1001
AcDbDynamicBlockGUID
1000
{1A34BB84-CD98-40CE-B69B-A3DBA9F8BDE8}
  0
BLOCK_RECORD
  5
1F696
330
1
100
AcDbSymbolTableRecord
100
AcDbBlockTableRecord
  2
*D19
340
0
 70
     0
280
     1
281
     0
  0
BLOCK_RECORD
  5
1F6A4
330
1
100
AcDbSymbolTableRecord
100
AcDbBlockTableRecord
  2
*D20
340
0
 70
     0
280
     1
281
     0
  0
BLOCK_RECORD
  5
2151D
330
1
100
AcDbSymbolTableRecord
100
AcDbBlockTableRecord
  2
PILC
340
0
 70
     0
280
     1
281
     0
  0
BLOCK_RECORD
  5
21522
330
1
100
AcDbSymbolTableRecord
100
AcDbBlockTableRecord
  2
PILB
340
0
 70
     0
280
     1
281
     0
  0
BLOCK_RECORD
  5
21528
102
{ACAD_XDICTIONARY
360
21529
102
}
330
1
100
AcDbSymbolTableRecord
100
AcDbBlockTableRecord
  2
$REV
340
0
310
2800000020000000200000000100080000000000000400000000000000000000000000000000000000000000000080000080000000808000800000008000800080800000C0C0C000C0DCC000F0CAA6000020400000206000002080000020A0000020C0000020E00000400000004020000040400000406000004080000040A0
310
000040C0000040E00000600000006020000060400000606000006080000060A0000060C0000060E00000800000008020000080400000806000008080000080A0000080C0000080E00000A0000000A0200000A0400000A0600000A0800000A0A00000A0C00000A0E00000C0000000C0200000C0400000C0600000C0800000C0
310
A00000C0C00000C0E00000E0000000E0200000E0400000E0600000E0800000E0A00000E0C00000E0E00040000000400020004000400040006000400080004000A0004000C0004000E00040200000402020004020400040206000402080004020A0004020C0004020E000404000004040200040404000404060004040800040
310
40A0004040C0004040E00040600000406020004060400040606000406080004060A0004060C0004060E00040800000408020004080400040806000408080004080A0004080C0004080E00040A0000040A0200040A0400040A0600040A0800040A0A00040A0C00040A0E00040C0000040C0200040C0400040C0600040C08000
310
40C0A00040C0C00040C0E00040E0000040E0200040E0400040E0600040E0800040E0A00040E0C00040E0E00080000000800020008000400080006000800080008000A0008000C0008000E00080200000802020008020400080206000802080008020A0008020C0008020E00080400000804020008040400080406000804080
310
008040A0008040C0008040E00080600000806020008060400080606000806080008060A0008060C0008060E00080800000808020008080400080806000808080008080A0008080C0008080E00080A0000080A0200080A0400080A0600080A0800080A0A00080A0C00080A0E00080C0000080C0200080C0400080C0600080C0
310
800080C0A00080C0C00080C0E00080E0000080E0200080E0400080E0600080E0800080E0A00080E0C00080E0E000C0000000C0002000C0004000C0006000C0008000C000A000C000C000C000E000C0200000C0202000C0204000C0206000C0208000C020A000C020C000C020E000C0400000C0402000C0404000C0406000C0
310
408000C040A000C040C000C040E000C0600000C0602000C0604000C0606000C0608000C060A000C060C000C060E000C0800000C0802000C0804000C0806000C0808000C080A000C080C000C080E000C0A00000C0A02000C0A04000C0A06000C0A08000C0A0A000C0A0C000C0A0E000C0C00000C0C02000C0C04000C0C06000
310
C0C08000C0C0A000F0FBFF00A4A0A000808080000000FF0000FF000000FFFF00FF000000FF00FF00FFFF0000FFFFFF0000000000000000000000000000000000000000000000000000000000000000000000000000000000000000000000000000000000000000000000000000000000000000000000000000000000000000
310
00000000000000000000000000000000000029292929292929292929292929292929292929292929292929292929292900000029000000000000000000000000000000000000000000000000000029000000002900000000000000000000000000000000000000000000000000002900000000002900000000000000000000
310
00000000000000000000000000002900000000000029000000000000000000000000000000000000000000000000290000000000000029000029000000290000292929292900000029000000002900000000000000002900002900000029000029000000000000002900000029000000000000000000002900290000290000
310
00290000000000002900290000290000000000000000000029002900002900000029000000000000290029002900000000000000000000000029292929292900002929290000002900002900290000000000000000000000000029000000290000290000000000290000292900000000000000000000000000002900000029
310
00002900000000290000002929000000000000000000000000000029292929290000292929292929000000292900000000000000000000000000000029000000000000000000000000002900000000000000000000000000000000000029000000000000000000000000290000000000000000000000000000000000002900
310
00000000000000000000290000000000000000000000000000000000000000290000000000000000002900000000000000000000000000000000000000000000290000000000000000290000000000000000000000000000000000000000000029000000000000002900000000000000000000000000000000000000000000
310
00002900000000000029000000000000000000000000000000000000000000000000290000000000290000000000000000000000000000000000000000000000000000290000002900000000000000000000000000000000000000000000000000000029000000290000000000000000000000000000000000000000000000
310
00000000002900290000000000000000000000000000000000000000000000000000000000290029000000000000000000000000000000000000000000000000000000000000290000000000000000000000000000000000000000000000000000000000000000000000000000000000000000000000000000000000000000
310
0000000000000000000000000000000000000000000000000000000000000000000000000000000000000000000000000000000000000000
102
{BLKREFS
331
2154A
331
2159F
331
215A2
331
215A5
331
215A8
331
215AB
331
215E0
331
215E7
331
215EE
331
2168B
102
}
 70
     4
280
     1
281
     0
  0
BLOCK_RECORD
  5
219BD
102
{ACAD_XDICTIONARY
360
219BE
102
}
330
1
100
AcDbSymbolTableRecord
100
AcDbBlockTableRecord
  2
A$Ce4b58fa5
340
0
102
{BLKREFS
331
21D85
102
}
 70
     4
280
     0
281
     1
1001
AcDbDynamicBlockGUID
1000
{340C1B42-C0EB-394B-A795-E0A89AA7FA13}
  0
ENDTAB
  0
ENDSEC
  0
SECTION
  2
BLOCKS
  0
BLOCK
  5
20
330
1F
100
AcDbEntity
  8
0
100
AcDbBlockBegin
  2
*Model_Space
 70
     0
 10
0.0
 20
0.0
 30
0.0
  3
*Model_Space
  1

  0
ENDBLK
  5
21
330
1F
100
AcDbEntity
  8
0
100
AcDbBlockEnd
  0
BLOCK
  5
1C
330
1B
100
AcDbEntity
 67
     1
  8
0
100
AcDbBlockBegin
  2
*Paper_Space
 70
     0
 10
0.0
 20
0.0
 30
0.0
  3
*Paper_Space
  1

  0
ENDBLK
  5
1D
330
1B
100
AcDbEntity
 67
     1
  8
0
100
AcDbBlockEnd
  0
BLOCK
  5
24
330
23
100
AcDbEntity
 67
     1
  8
0
100
AcDbBlockBegin
  2
*Paper_Space0
 70
     0
 10
0.0
 20
0.0
 30
0.0
  3
*Paper_Space0
  1

  0
ENDBLK
  5
25
330
23
100
AcDbEntity
 67
     1
  8
0
100
AcDbBlockEnd
  0
BLOCK
  5
EE7
330
EE0
100
AcDbEntity
  8
0
100
AcDbBlockBegin
  2
VCCISYMB
 70
     0
 10
0.0
 20
0.0
 30
0.0
  3
VCCISYMB
  1

  0
LINE
  5
EE1
330
EE0
100
AcDbEntity
  8
VCCNULL
100
AcDbLine
 10
4.0
 20
0.0
 30
0.0
 11
3.199999999999818
 21
-0.1999999999998181
 31
0.0
  0
LINE
  5
EE2
330
EE0
100
AcDbEntity
  8
VCCNULL
100
AcDbLine
 10
4.0
 20
0.0
 30
0.0
 11
3.199999999999818
 21
0.1999999999998181
 31
0.0
  0
LINE
  5
EE3
330
EE0
100
AcDbEntity
  8
VCCNULL
100
AcDbLine
 10
0.0
 20
2.0
 30
0.0
 11
0.1999999999998181
 21
1.199999999999818
 31
0.0
  0
LINE
  5
EE4
330
EE0
100
AcDbEntity
  8
VCCNULL
100
AcDbLine
 10
0.0
 20
2.0
 30
0.0
 11
-0.1999999999998181
 21
1.199999999999818
 31
0.0
  0
LINE
  5
EE5
330
EE0
100
AcDbEntity
  8
VCCNULL
100
AcDbLine
 10
0.0
 20
2.0
 30
0.0
 11
0.0
 21
0.0
 31
0.0
  0
LINE
  5
EE6
330
EE0
100
AcDbEntity
  8
VCCNULL
100
AcDbLine
 10
0.0
 20
0.0
 30
0.0
 11
4.0
 21
0.0
 31
0.0
  0
ENDBLK
  5
EE8
330
EE0
100
AcDbEntity
  8
0
100
AcDbBlockEnd
  0
BLOCK
  5
1A9FD
330
1A9F0
100
AcDbEntity
  8
0
100
AcDbBlockBegin
  2
A2
 70
     0
 10
0.0
 20
0.0
 30
0.0
  3
A2
  1

  0
LINE
  5
1A9F1
330
1A9F0
100
AcDbEntity
  8
0
 62
     7
100
AcDbLine
 10
1765.755049999861
 20
41248.03796799999
 30
0.0
 11
58693.69786199997
 21
41248.03796799999
 31
0.0
  0
LINE
  5
1A9F2
330
1A9F0
100
AcDbEntity
  8
0
 62
     7
100
AcDbLine
 10
58693.69786199997
 20
41248.03796799999
 30
0.0
 11
58693.69786199997
 21
706.3020200000027
 31
0.0
  0
LINE
  5
1A9F3
330
1A9F0
100
AcDbEntity
  8
0
 62
     2
100
AcDbLine
 10
58693.69786199997
 20
41954.33998799999
 30
0.0
 11
59399.99988199997
 21
41954.33998799999
 31
0.0
  0
LINE
  5
1A9F4
330
1A9F0
100
AcDbEntity
  8
0
 62
     2
100
AcDbLine
 10
59399.99988199997
 20
41954.33998799999
 30
0.0
 11
59399.99988199997
 21
41248.03796799999
 31
0.0
  0
LINE
  5
1A9F5
330
1A9F0
100
AcDbEntity
  8
0
 62
     7
100
AcDbLine
 10
58693.69786199997
 20
706.3020200000027
 30
0.0
 11
1765.755049999861
 21
706.3020200000027
 31
0.0
  0
LINE
  5
1A9F6
330
1A9F0
100
AcDbEntity
  8
0
 62
     7
100
AcDbLine
 10
1765.755049999861
 20
706.3020200000027
 30
0.0
 11
1765.755049999861
 21
41248.03796799999
 31
0.0
  0
LINE
  5
1A9F7
330
1A9F0
100
AcDbEntity
  8
0
 62
     2
100
AcDbLine
 10
706.3020200000027
 20
0.0
 30
0.0
 11
0.0
 21
0.0
 31
0.0
  0
LINE
  5
1A9F8
330
1A9F0
100
AcDbEntity
  8
0
 62
     2
100
AcDbLine
 10
0.0
 20
0.0
 30
0.0
 11
0.0
 21
706.3020200000027
 31
0.0
  0
LINE
  5
1A9F9
330
1A9F0
100
AcDbEntity
  8
0
 62
     2
100
AcDbLine
 10
59399.99988199997
 20
0.0
 30
0.0
 11
58693.69786199997
 21
0.0
 31
0.0
  0
LINE
  5
1A9FA
330
1A9F0
100
AcDbEntity
  8
0
 62
     2
100
AcDbLine
 10
59399.99988199997
 20
706.3020200000027
 30
0.0
 11
59399.99988199997
 21
0.0
 31
0.0
  0
LINE
  5
1A9FB
330
1A9F0
100
AcDbEntity
  8
0
 62
     2
100
AcDbLine
 10
0.0
 20
41954.33998799999
 30
0.0
 11
706.3020200000027
 21
41954.33998799999
 31
0.0
  0
LINE
  5
1A9FC
330
1A9F0
100
AcDbEntity
  8
0
 62
     2
100
AcDbLine
 10
0.0
 20
41248.03796799999
 30
0.0
 11
0.0
 21
41954.33998799999
 31
0.0
  0
ENDBLK
  5
1A9FE
330
1A9F0
100
AcDbEntity
  8
0
100
AcDbBlockEnd
  0
BLOCK
  5
1AC0A
330
1AC09
100
AcDbEntity
  8
0
100
AcDbBlockBegin
  2
*U3
 70
     1
 10
0.0
 20
0.0
 30
0.0
  3
*U3
  1
*U
  0
CIRCLE
  5
1AC0B
330
1AC09
100
AcDbEntity
  8
BHII
100
AcDbCircle
 10
0.0
 20
0.0
 30
0.0
 40
8.0
  0
LINE
  5
1AC0C
330
1AC09
100
AcDbEntity
  8
CENN
100
AcDbLine
 10
-11.0
 20
0.0
 30
0.0
 11
11.0
 21
0.0000000000000013
 31
0.0
  0
LINE
  5
1AC0D
330
1AC09
100
AcDbEntity
  8
CENN
100
AcDbLine
 10
0.0
 20
11.0
 30
0.0
 11
0.0
 21
-11.0
 31
0.0
  0
CIRCLE
  5
1AC0E
330
1AC09
100
AcDbEntity
  8
BHII
100
AcDbCircle
 10
0.0
 20
0.0
 30
0.0
 40
4.2
  0
ENDBLK
  5
1AC0F
330
1AC09
100
AcDbEntity
  8
0
100
AcDbBlockEnd
  0
BLOCK
  5
1AC11
330
1AC10
100
AcDbEntity
  8
0
100
AcDbBlockBegin
  2
*U4
 70
     1
 10
0.0
 20
0.0
 30
0.0
  3
*U4
  1
*U
  0
LWPOLYLINE
  5
1AC12
330
1AC10
100
AcDbEntity
  8
BHII
100
AcDbPolyline
 90
        6
 70
     1
 43
0.0
 10
-6.5
 20
-3.752776749732569
 10
0.0
 20
-7.505553499465134
 10
6.5
 20
-3.752776749732985
 10
6.5
 20
3.752776749732567
 10
0.0000000000001852
 20
7.505553499465031
 10
-6.5
 20
3.752776749732778
  0
CIRCLE
  5
1AC13
330
1AC10
100
AcDbEntity
  8
CON1
100
AcDbCircle
 10
0.0
 20
0.0
 30
0.0
 40
6.5
  0
LINE
  5
1AC14
330
1AC10
100
AcDbEntity
  8
CENN
100
AcDbLine
 10
-0.0000000000000004
 20
10.50555349946503
 30
0.0
 11
0.0
 21
-10.50555349946503
 31
0.0
  0
LINE
  5
1AC15
330
1AC10
100
AcDbEntity
  8
CENN
100
AcDbLine
 10
-10.50555349946503
 20
0.0
 30
0.0
 11
10.50555349946503
 21
0.0
 31
0.0
  0
ENDBLK
  5
1AC16
330
1AC10
100
AcDbEntity
  8
0
100
AcDbBlockEnd
  0
BLOCK
  5
1AC18
330
1AC17
100
AcDbEntity
  8
0
100
AcDbBlockBegin
  2
*U5
 70
     1
 10
0.0
 20
0.0
 30
0.0
  3
*U5
  1
*U
  0
LINE
  5
1AC19
330
1AC17
100
AcDbEntity
  8
-BHII
100
AcDbLine
 10
0.0
 20
-10.0
 30
0.0
 11
39.99999999999909
 21
-9.999999999999992
 31
0.0
  0
LINE
  5
1AC1A
330
1AC17
100
AcDbEntity
  8
-BHII
100
AcDbLine
 10
0.0
 20
10.0
 30
0.0
 11
39.99999999999909
 21
10.0
 31
0.0
  0
LINE
  5
1AC1B
330
1AC17
100
AcDbEntity
  8
-BHIU
100
AcDbLine
 10
0.0
 20
10.0
 30
0.0
 11
0.0
 21
-10.0
 31
0.0
  0
LINE
  5
1AC1C
330
1AC17
100
AcDbEntity
  8
-BHIU
100
AcDbLine
 10
39.99999999999909
 20
10.0
 30
0.0
 11
39.99999999999909
 21
-9.999999999999992
 31
0.0
  0
ENDBLK
  5
1AC1D
330
1AC17
100
AcDbEntity
  8
0
100
AcDbBlockEnd
  0
BLOCK
  5
1AC1F
330
1AC1E
100
AcDbEntity
  8
0
100
AcDbBlockBegin
  2
*U6
 70
     1
 10
0.0
 20
0.0
 30
0.0
  3
*U6
  1
*U
  0
INSERT
  5
1AC20
330
1AC1E
100
AcDbEntity
  8
GEV_FROZEN
100
AcDbBlockReference
  2
*U5
 10
0.0
 20
0.0
 30
0.0
 41
0.1000000000003638
 42
0.1000000000003638
 43
0.1000000000003638
1001
GENBH
1002
{
1000
-NOBRK
1002
}
  0
INSERT
  5
1AC21
330
1AC1E
100
AcDbEntity
  8
0
100
AcDbBlockReference
  2
VCCISYMB
 10
0.0
 20
0.0
 30
0.0
1001
GENBH
1002
{
1000
-NOBRK
1002
}
  0
ENDBLK
  5
1AC22
330
1AC1E
100
AcDbEntity
  8
0
100
AcDbBlockEnd
  0
BLOCK
  5
1AC26
330
1AC23
100
AcDbEntity
  8
0
100
AcDbBlockBegin
  2
A$C4F4610A3
 70
     0
 10
0.0
 20
0.0
 30
0.0
  3
A$C4F4610A3
  1

  0
TEXT
  5
1AC27
330
1AC23
100
AcDbEntity
  8
LASTLUKE
 62
     2
100
AcDbText
 10
12310.87966209298
 20
-464.2173886311357
 30
0.0
 40
180.0
  1
25
  7
18
100
AcDbText
  0
LINE
  5
1AC28
330
1AC23
100
AcDbEntity
  8
LASTLUKE
 62
     2
100
AcDbLine
 10
-1500.0
 20
-99.9999999999709
 30
0.0
 11
-1500.0
 21
100.0000000000291
 31
0.0
  0
LINE
  5
1AC29
330
1AC23
100
AcDbEntity
  8
LASTLUKE
 62
     2
100
AcDbLine
 10
-1000.0
 20
-99.9999999999709
 30
0.0
 11
-1000.0
 21
100.0000000000291
 31
0.0
  0
TEXT
  5
1AC2A
330
1AC23
100
AcDbEntity
  8
LASTLUKE
 62
     2
100
AcDbText
 10
-128.3917756217706
 20
-464.2173886311357
 30
0.0
 40
180.0
  1
0
  7
18
100
AcDbText
  0
LINE
  5
1AC2B
330
1AC23
100
AcDbEntity
  8
LASTLUKE
 62
     2
100
AcDbLine
 10
-500.0
 20
-99.9999999999709
 30
0.0
 11
-500.0
 21
100.0000000000291
 31
0.0
  0
LINE
  5
1AC2C
330
1AC23
100
AcDbEntity
  8
LASTLUKE
 62
     2
100
AcDbLine
 10
0.0
 20
-99.9999999999709
 30
0.0
 11
0.0
 21
100.0000000000291
 31
0.0
  0
LINE
  5
1AC2D
330
1AC23
100
AcDbEntity
  8
LASTLUKE
 62
     2
100
AcDbLine
 10
499.9999999999995
 20
-99.9999999999709
 30
0.0
 11
499.9999999999995
 21
100.0000000000291
 31
0.0
  0
LINE
  5
1AC2E
330
1AC23
100
AcDbEntity
  8
LASTLUKE
 62
     2
100
AcDbLine
 10
999.9999999999996
 20
-99.9999999999709
 30
0.0
 11
999.9999999999996
 21
100.0000000000291
 31
0.0
  0
LINE
  5
1AC2F
330
1AC23
100
AcDbEntity
  8
LASTLUKE
 62
     2
100
AcDbLine
 10
1500.0
 20
-99.9999999999709
 30
0.0
 11
1500.0
 21
100.0000000000291
 31
0.0
  0
LINE
  5
1AC30
330
1AC23
100
AcDbEntity
  8
LASTLUKE
 62
     2
100
AcDbLine
 10
2000.0
 20
-99.9999999999709
 30
0.0
 11
2000.0
 21
100.0000000000291
 31
0.0
  0
LINE
  5
1AC31
330
1AC23
100
AcDbEntity
  8
LASTLUKE
 62
     2
100
AcDbLine
 10
2500.0
 20
-99.9999999999709
 30
0.0
 11
2500.0
 21
100.0000000000291
 31
0.0
  0
TEXT
  5
1AC32
330
1AC23
100
AcDbEntity
  8
LASTLUKE
 62
     2
100
AcDbText
 10
2382.225613433314
 20
-464.2173886311357
 30
0.0
 40
180.0
  1
5
  7
18
100
AcDbText
  0
LINE
  5
1AC33
330
1AC23
100
AcDbEntity
  8
LASTLUKE
 62
     2
100
AcDbLine
 10
3000.0
 20
-99.9999999999709
 30
0.0
 11
3000.0
 21
100.0000000000291
 31
0.0
  0
LINE
  5
1AC34
330
1AC23
100
AcDbEntity
  8
LASTLUKE
 62
     2
100
AcDbLine
 10
3500.0
 20
-99.9999999999709
 30
0.0
 11
3500.0
 21
100.0000000000291
 31
0.0
  0
LINE
  5
1AC35
330
1AC23
100
AcDbEntity
  8
LASTLUKE
 62
     2
100
AcDbLine
 10
4000.0
 20
-99.9999999999709
 30
0.0
 11
4000.0
 21
100.0000000000291
 31
0.0
  0
LINE
  5
1AC36
330
1AC23
100
AcDbEntity
  8
LASTLUKE
 62
     2
100
AcDbLine
 10
4500.0
 20
-99.9999999999709
 30
0.0
 11
4500.0
 21
100.0000000000291
 31
0.0
  0
LINE
  5
1AC37
330
1AC23
100
AcDbEntity
  8
LASTLUKE
 62
     2
100
AcDbLine
 10
5000.0
 20
-99.9999999999709
 30
0.0
 11
5000.0
 21
100.0000000000291
 31
0.0
  0
TEXT
  5
1AC38
330
1AC23
100
AcDbEntity
  8
LASTLUKE
 62
     2
100
AcDbText
 10
4827.629820961592
 20
-464.2173886311357
 30
0.0
 40
180.0
  1
10
  7
18
100
AcDbText
  0
LINE
  5
1AC39
330
1AC23
100
AcDbEntity
  8
LASTLUKE
 62
     2
100
AcDbLine
 10
5500.0
 20
-99.9999999999709
 30
0.0
 11
5500.0
 21
100.0000000000291
 31
0.0
  0
LINE
  5
1AC3A
330
1AC23
100
AcDbEntity
  8
LASTLUKE
 62
     2
100
AcDbLine
 10
6000.0
 20
-99.9999999999709
 30
0.0
 11
6000.0
 21
100.0000000000291
 31
0.0
  0
LINE
  5
1AC3B
330
1AC23
100
AcDbEntity
  8
LASTLUKE
 62
     2
100
AcDbLine
 10
6500.0
 20
-99.9999999999709
 30
0.0
 11
6500.0
 21
100.0000000000291
 31
0.0
  0
LINE
  5
1AC3C
330
1AC23
100
AcDbEntity
  8
LASTLUKE
 62
     2
100
AcDbLine
 10
7000.0
 20
-99.9999999999709
 30
0.0
 11
7000.0
 21
100.0000000000291
 31
0.0
  0
LINE
  5
1AC3D
330
1AC23
100
AcDbEntity
  8
LASTLUKE
 62
     2
100
AcDbLine
 10
7500.0
 20
-99.9999999999709
 30
0.0
 11
7500.0
 21
100.0000000000291
 31
0.0
  0
LINE
  5
1AC3E
330
1AC23
100
AcDbEntity
  8
LASTLUKE
 62
     2
100
AcDbLine
 10
8000.0
 20
-99.9999999999709
 30
0.0
 11
8000.0
 21
100.0000000000291
 31
0.0
  0
TEXT
  5
1AC3F
330
1AC23
100
AcDbEntity
  8
LASTLUKE
 62
     2
100
AcDbText
 10
7338.247671344987
 20
-464.2173886311357
 30
0.0
 40
180.0
  1
15
  7
18
100
AcDbText
  0
LINE
  5
1AC40
330
1AC23
100
AcDbEntity
  8
LASTLUKE
 62
     2
100
AcDbLine
 10
8500.0
 20
-99.9999999999709
 30
0.0
 11
8500.0
 21
100.0000000000291
 31
0.0
  0
LINE
  5
1AC41
330
1AC23
100
AcDbEntity
  8
LASTLUKE
 62
     2
100
AcDbLine
 10
9000.0
 20
-99.9999999999709
 30
0.0
 11
9000.0
 21
100.0000000000291
 31
0.0
  0
LINE
  5
1AC42
330
1AC23
100
AcDbEntity
  8
LASTLUKE
 62
     2
100
AcDbLine
 10
9500.0
 20
-99.9999999999709
 30
0.0
 11
9500.0
 21
100.0000000000291
 31
0.0
  0
LINE
  5
1AC43
330
1AC23
100
AcDbEntity
  8
LASTLUKE
 62
     2
100
AcDbLine
 10
10000.0
 20
-99.9999999999709
 30
0.0
 11
10000.0
 21
100.0000000000291
 31
0.0
  0
TEXT
  5
1AC44
330
1AC23
100
AcDbEntity
  8
LASTLUKE
 62
     2
100
AcDbText
 10
9824.563205390674
 20
-464.2173886311357
 30
0.0
 40
180.0
  1
20
  7
18
100
AcDbText
  0
LINE
  5
1AC45
330
1AC23
100
AcDbEntity
  8
LASTLUKE
 62
     2
100
AcDbLine
 10
10500.0
 20
-99.9999999999709
 30
0.0
 11
10500.0
 21
100.0000000000291
 31
0.0
  0
LINE
  5
1AC46
330
1AC23
100
AcDbEntity
  8
LASTLUKE
 62
     2
100
AcDbLine
 10
11000.0
 20
-99.9999999999709
 30
0.0
 11
11000.0
 21
100.0000000000291
 31
0.0
  0
LINE
  5
1AC47
330
1AC23
100
AcDbEntity
  8
LASTLUKE
 62
     2
100
AcDbLine
 10
11500.0
 20
-99.9999999999709
 30
0.0
 11
11500.0
 21
100.0000000000291
 31
0.0
  0
LINE
  5
1AC48
330
1AC23
100
AcDbEntity
  8
LASTLUKE
 62
     2
100
AcDbLine
 10
12000.0
 20
-99.9999999999709
 30
0.0
 11
12000.0
 21
100.0000000000291
 31
0.0
  0
LINE
  5
1AC49
330
1AC23
100
AcDbEntity
  8
LASTLUKE
 62
     2
100
AcDbLine
 10
12500.0
 20
-99.9999999999709
 30
0.0
 11
12500.0
 21
100.0000000000291
 31
0.0
  0
LINE
  5
1AC4A
330
1AC23
100
AcDbEntity
  8
LASTLUKE
 62
     2
100
AcDbLine
 10
13000.0
 20
-99.9999999999709
 30
0.0
 11
13000.0
 21
100.0000000000291
 31
0.0
  0
LINE
  5
1AC4B
330
1AC23
100
AcDbEntity
  8
LASTLUKE
 62
     2
100
AcDbLine
 10
13500.0
 20
-99.9999999999709
 30
0.0
 11
13500.0
 21
100.0000000000291
 31
0.0
  0
LINE
  5
1AC4C
330
1AC23
100
AcDbEntity
  8
LASTLUKE
 62
     2
100
AcDbLine
 10
19000.0
 20
-99.9999999999709
 30
0.0
 11
19000.0
 21
100.0000000000291
 31
0.0
  0
LINE
  5
1AC4D
330
1AC23
100
AcDbEntity
  8
LASTLUKE
 62
     2
100
AcDbLine
 10
19500.0
 20
-99.9999999999709
 30
0.0
 11
19500.0
 21
100.0000000000291
 31
0.0
  0
LINE
  5
1AC4E
330
1AC23
100
AcDbEntity
  8
LASTLUKE
 62
     2
100
AcDbLine
 10
20000.0
 20
-99.9999999999709
 30
0.0
 11
20000.0
 21
100.0000000000291
 31
0.0
  0
LINE
  5
1AC4F
330
1AC23
100
AcDbEntity
  8
LASTLUKE
 62
     2
100
AcDbLine
 10
20500.0
 20
-99.9999999999709
 30
0.0
 11
20500.0
 21
100.0000000000291
 31
0.0
  0
LINE
  5
1AC50
330
1AC23
100
AcDbEntity
  8
LASTLUKE
 62
     2
100
AcDbLine
 10
21000.0
 20
-99.9999999999709
 30
0.0
 11
21000.0
 21
100.0000000000291
 31
0.0
  0
TEXT
  5
1AC51
330
1AC23
100
AcDbEntity
  8
LASTLUKE
 62
     2
100
AcDbText
 10
19797.19565746691
 20
-464.2173886311357
 30
0.0
 40
180.0
  1
30
  7
18
100
AcDbText
  0
LINE
  5
1AC52
330
1AC23
100
AcDbEntity
  8
LASTLUKE
 62
     2
100
AcDbLine
 10
21500.0
 20
-99.9999999999709
 30
0.0
 11
21500.0
 21
100.0000000000291
 31
0.0
  0
LINE
  5
1AC53
330
1AC23
100
AcDbEntity
  8
LASTLUKE
 62
     2
100
AcDbLine
 10
22000.0
 20
-99.9999999999709
 30
0.0
 11
22000.0
 21
100.0000000000291
 31
0.0
  0
LINE
  5
1AC54
330
1AC23
100
AcDbEntity
  8
LASTLUKE
 62
     2
100
AcDbLine
 10
22500.0
 20
-99.9999999999709
 30
0.0
 11
22500.0
 21
100.0000000000291
 31
0.0
  0
LINE
  5
1AC55
330
1AC23
100
AcDbEntity
  8
LASTLUKE
 62
     2
100
AcDbLine
 10
23000.0
 20
-99.9999999999709
 30
0.0
 11
23000.0
 21
100.0000000000291
 31
0.0
  0
LINE
  5
1AC56
330
1AC23
100
AcDbEntity
  8
LASTLUKE
 62
     2
100
AcDbLine
 10
23500.0
 20
-99.9999999999709
 30
0.0
 11
23500.0
 21
100.0000000000291
 31
0.0
  0
TEXT
  5
1AC57
330
1AC23
100
AcDbEntity
  8
LASTLUKE
 62
     2
100
AcDbText
 10
22307.813046522
 20
-464.2173886311357
 30
0.0
 40
180.0
  1
35
  7
18
100
AcDbText
  0
LINE
  5
1AC58
330
1AC23
100
AcDbEntity
  8
LASTLUKE
 62
     2
100
AcDbLine
 10
24000.0
 20
-99.9999999999709
 30
0.0
 11
24000.0
 21
100.0000000000291
 31
0.0
  0
LINE
  5
1AC59
330
1AC23
100
AcDbEntity
  8
LASTLUKE
 62
     2
100
AcDbLine
 10
24500.0
 20
-99.9999999999709
 30
0.0
 11
24500.0
 21
100.0000000000291
 31
0.0
  0
LINE
  5
1AC5A
330
1AC23
100
AcDbEntity
  8
LASTLUKE
 62
     2
100
AcDbLine
 10
25000.0
 20
-99.9999999999709
 30
0.0
 11
25000.0
 21
100.0000000000291
 31
0.0
  0
LINE
  5
1AC5B
330
1AC23
100
AcDbEntity
  8
LASTLUKE
 62
     2
100
AcDbLine
 10
25500.0
 20
-99.9999999999709
 30
0.0
 11
25500.0
 21
100.0000000000291
 31
0.0
  0
LINE
  5
1AC5C
330
1AC23
100
AcDbEntity
  8
LASTLUKE
 62
     2
100
AcDbLine
 10
26000.0
 20
-99.9999999999709
 30
0.0
 11
26000.0
 21
100.0000000000291
 31
0.0
  0
TEXT
  5
1AC5D
330
1AC23
100
AcDbEntity
  8
LASTLUKE
 62
     2
100
AcDbText
 10
24795.77765379634
 20
-464.2173886311357
 30
0.0
 40
180.0
  1
40
  7
18
100
AcDbText
  0
INSERT
  5
1AC5E
330
1AC23
100
AcDbEntity
  8
0
100
AcDbBlockReference
  2
*U6
 10
-28182.59963639433
 20
227.760163216677
 30
0.0
 43
-1.0
 50
256.254441529272
210
0.0
220
0.0
230
-1.0
1001
GENIUS_GEFPARTINS_13
1002
{
1011
-165500.2076728271
1021
-171106.1020294722
1031
0.0
1013
-0.0000000000000004
1023
-1.0
1033
0.0
1013
1.0
1023
0.0
1033
0.0
1013
0.0
1023
1.0
1033
0.0
1010
0.0
1020
0.0
1030
0.0
1002
}
1001
VCC
1002
{
1002
}
1001
GENIUS_GENOREF_13
1005
0
1005
0
1005
0
1005
0
1005
0
1005
0
1005
0
1001
GEVMK
1002
{
1000
-CO
1000
-MYREF
1005
1AC5E
1002
}
1001
GEVIT
1000
-BEDIT
1002
{
1000
-BEHI62.00000003
1000
-BVCCT0
1000
-GRP0?
1000
-BAML2
1000
-BASK1
1000
-NT0
1000
-DOC
1005
1AC18
1000
-MYREF
1005
1AC5E
1002
}
1001
GEVID936799088
1002
{
1000
-ID54
1002
}
  0
INSERT
  5
1AC5F
330
1AC23
100
AcDbEntity
  8
GEV_FROZEN
100
AcDbBlockReference
  2
*U4
 10
-27119.61178624633
 20
13.78489061549771
 30
0.0
 41
0.099999999976717
 42
0.099999999976717
 43
-0.0999999999999871
210
0.0
220
0.0
230
-1.0
1001
GENBH
1002
{
1000
-NOBRK
1002
}
  0
INSERT
  5
1AC60
330
1AC23
100
AcDbEntity
  8
GEV_FROZEN
100
AcDbBlockReference
  2
*U3
 10
-27119.61178624633
 20
13.78489061549771
 30
0.0
 41
0.099999999976717
 42
0.099999999976717
 43
-0.0999999999999871
210
0.0
220
0.0
230
-1.0
1001
GENBH
1002
{
1000
-NOBRK
1002
}
  0
LINE
  5
1AC61
330
1AC23
100
AcDbEntity
  8
LASTLUKE
 62
     2
100
AcDbLine
 10
26500.0
 20
-99.9999999999709
 30
0.0
 11
26500.0
 21
100.0000000000291
 31
0.0
  0
LINE
  5
1AC62
330
1AC23
100
AcDbEntity
  8
LASTLUKE
 62
     2
100
AcDbLine
 10
27000.0
 20
-99.9999999999709
 30
0.0
 11
27000.0
 21
100.0000000000291
 31
0.0
  0
LINE
  5
1AC63
330
1AC23
100
AcDbEntity
  8
LASTLUKE
 62
     2
100
AcDbLine
 10
27500.0
 20
-99.9999999999709
 30
0.0
 11
27500.0
 21
100.0000000000291
 31
0.0
  0
LINE
  5
1AC64
330
1AC23
100
AcDbEntity
  8
LASTLUKE
 62
     2
100
AcDbLine
 10
28000.0
 20
-99.9999999999709
 30
0.0
 11
28000.0
 21
100.0000000000291
 31
0.0
  0
TEXT
  5
1AC65
330
1AC23
100
AcDbEntity
  8
LASTLUKE
 62
     2
100
AcDbText
 10
27306.39550417979
 20
-464.2173886311357
 30
0.0
 40
180.0
  1
45
  7
18
100
AcDbText
  0
LINE
  5
1AC66
330
1AC23
100
AcDbEntity
  8
LASTLUKE
 62
     2
100
AcDbLine
 10
28500.0
 20
-99.9999999999709
 30
0.0
 11
28500.0
 21
100.0000000000291
 31
0.0
  0
LINE
  5
1AC67
330
1AC23
100
AcDbEntity
  8
LASTLUKE
 62
     2
100
AcDbLine
 10
29000.0
 20
-99.9999999999709
 30
0.0
 11
29000.0
 21
100.0000000000291
 31
0.0
  0
LINE
  5
1AC68
330
1AC23
100
AcDbEntity
  8
LASTLUKE
 62
     2
100
AcDbLine
 10
29500.0
 20
-99.9999999999709
 30
0.0
 11
29500.0
 21
100.0000000000291
 31
0.0
  0
LINE
  5
1AC69
330
1AC23
100
AcDbEntity
  8
LASTLUKE
 62
     2
100
AcDbLine
 10
30000.0
 20
-99.9999999999709
 30
0.0
 11
30000.0
 21
100.0000000000291
 31
0.0
  0
TEXT
  5
1AC6A
330
1AC23
100
AcDbEntity
  8
LASTLUKE
 62
     2
100
AcDbText
 10
29865.615680597
 20
-464.2173886311357
 30
0.0
 40
180.0
  1
50
  7
18
100
AcDbText
  0
TEXT
  5
1AC6B
330
1AC23
100
AcDbEntity
  8
LASTLUKE
 62
     2
100
AcDbText
 10
32320.07858614906
 20
-464.2173886311357
 30
0.0
 40
180.0
  1
55
  7
18
100
AcDbText
  0
LINE
  5
1AC6C
330
1AC23
100
AcDbEntity
  8
LASTLUKE
 62
     2
100
AcDbLine
 10
30500.0
 20
-99.9999999999709
 30
0.0
 11
30500.0
 21
100.0000000000291
 31
0.0
  0
LINE
  5
1AC6D
330
1AC23
100
AcDbEntity
  8
LASTLUKE
 62
     2
100
AcDbLine
 10
31000.0
 20
-99.9999999999709
 30
0.0
 11
31000.0
 21
100.0000000000291
 31
0.0
  0
LINE
  5
1AC6E
330
1AC23
100
AcDbEntity
  8
LASTLUKE
 62
     2
100
AcDbLine
 10
31500.0
 20
-99.9999999999709
 30
0.0
 11
31500.0
 21
100.0000000000291
 31
0.0
  0
LINE
  5
1AC6F
330
1AC23
100
AcDbEntity
  8
LASTLUKE
 62
     2
100
AcDbLine
 10
32000.0
 20
-99.9999999999709
 30
0.0
 11
32000.0
 21
100.0000000000291
 31
0.0
  0
LINE
  5
1AC70
330
1AC23
100
AcDbEntity
  8
LASTLUKE
 62
     2
100
AcDbLine
 10
32500.0
 20
-99.9999999999709
 30
0.0
 11
32500.0
 21
100.0000000000291
 31
0.0
  0
LINE
  5
1AC71
330
1AC23
100
AcDbEntity
  8
LASTLUKE
 62
     2
100
AcDbLine
 10
33000.0
 20
-99.9999999999709
 30
0.0
 11
33000.0
 21
100.0000000000291
 31
0.0
  0
LINE
  5
1AC72
330
1AC23
100
AcDbEntity
  8
LASTLUKE
 62
     2
100
AcDbLine
 10
33500.0
 20
-99.9999999999709
 30
0.0
 11
33500.0
 21
100.0000000000291
 31
0.0
  0
LINE
  5
1AC73
330
1AC23
100
AcDbEntity
  8
LASTLUKE
 62
     2
100
AcDbLine
 10
34000.0
 20
-99.9999999999709
 30
0.0
 11
34000.0
 21
100.0000000000291
 31
0.0
  0
LINE
  5
1AC74
330
1AC23
100
AcDbEntity
  8
S0CE1
100
AcDbLine
 10
-2084.205947532144
 20
0.0
 30
0.0
 11
34238.36990897481
 21
0.0
 31
0.0
  0
TEXT
  5
1AC75
330
1AC23
100
AcDbEntity
  8
LASTLUKE
 62
     2
100
AcDbText
 10
12810.87966209298
 20
-464.2173886311357
 30
0.0
 40
180.0
  1
26
  7
18
100
AcDbText
  0
TEXT
  5
1AC76
330
1AC23
100
AcDbEntity
  8
LASTLUKE
 62
     2
100
AcDbText
 10
13310.87966209298
 20
-464.2173886311357
 30
0.0
 40
180.0
  1
27
  7
18
100
AcDbText
  0
TEXT
  5
1AC77
330
1AC23
100
AcDbEntity
  8
LASTLUKE
 62
     2
100
AcDbText
 10
18810.87966209298
 20
-464.2173886311357
 30
0.0
 40
180.0
  1
28
  7
18
100
AcDbText
  0
TEXT
  5
1AC78
330
1AC23
100
AcDbEntity
  8
LASTLUKE
 62
     2
100
AcDbText
 10
19310.87966209298
 20
-464.2173886311357
 30
0.0
 40
180.0
  1
29
  7
18
100
AcDbText
  0
LINE
  5
1AC79
330
1AC23
100
AcDbEntity
  8
LASTLUKE
 62
     2
100
AcDbLine
 10
14000.0
 20
-99.9999999999418
 30
0.0
 11
14000.0
 21
100.0000000000582
 31
0.0
  0
TEXT
  5
1AC7A
330
1AC23
100
AcDbEntity
  8
LASTLUKE
 62
     3
100
AcDbText
 10
13919.2473687584
 20
-464.2173886311065
 30
0.0
 40
180.0
  1
A
  7
18
100
AcDbText
  0
LINE
  5
1AC7B
330
1AC23
100
AcDbEntity
  8
LASTLUKE
 62
     2
100
AcDbLine
 10
14500.0
 20
-99.99999999991269
 30
0.0
 11
14500.0
 21
100.0000000000873
 31
0.0
  0
TEXT
  5
1AC7C
330
1AC23
100
AcDbEntity
  8
LASTLUKE
 62
     3
100
AcDbText
 10
14419.2473687584
 20
-464.2173886310774
 30
0.0
 40
180.0
  1
B
  7
18
100
AcDbText
  0
LINE
  5
1AC7D
330
1AC23
100
AcDbEntity
  8
LASTLUKE
 62
     2
100
AcDbLine
 10
15000.0
 20
-99.9999999999418
 30
0.0
 11
15000.0
 21
100.0000000000582
 31
0.0
  0
TEXT
  5
1AC7E
330
1AC23
100
AcDbEntity
  8
LASTLUKE
 62
     3
100
AcDbText
 10
14919.2473687584
 20
-464.2173886311065
 30
0.0
 40
180.0
  1
C
  7
18
100
AcDbText
  0
LINE
  5
1AC7F
330
1AC23
100
AcDbEntity
  8
LASTLUKE
 62
     2
100
AcDbLine
 10
15500.0
 20
-99.9999999999418
 30
0.0
 11
15500.0
 21
100.0000000000582
 31
0.0
  0
TEXT
  5
1AC80
330
1AC23
100
AcDbEntity
  8
LASTLUKE
 62
     3
100
AcDbText
 10
15419.2473687584
 20
-464.2173886311065
 30
0.0
 40
180.0
  1
D
  7
18
100
AcDbText
  0
LINE
  5
1AC81
330
1AC23
100
AcDbEntity
  8
LASTLUKE
 62
     2
100
AcDbLine
 10
16000.0
 20
-99.99999999988359
 30
0.0
 11
16000.0
 21
100.0000000001164
 31
0.0
  0
TEXT
  5
1AC82
330
1AC23
100
AcDbEntity
  8
LASTLUKE
 62
     3
100
AcDbText
 10
15919.2473687584
 20
-464.2173886310484
 30
0.0
 40
180.0
  1
E
  7
18
100
AcDbText
  0
LINE
  5
1AC83
330
1AC23
100
AcDbEntity
  8
LASTLUKE
 62
     2
100
AcDbLine
 10
16500.0
 20
-99.99999999985448
 30
0.0
 11
16500.0
 21
100.0000000001455
 31
0.0
  0
TEXT
  5
1AC84
330
1AC23
100
AcDbEntity
  8
LASTLUKE
 62
     3
100
AcDbText
 10
16419.2473687584
 20
-464.2173886310192
 30
0.0
 40
180.0
  1
F
  7
18
100
AcDbText
  0
LINE
  5
1AC85
330
1AC23
100
AcDbEntity
  8
LASTLUKE
 62
     2
100
AcDbLine
 10
17000.0
 20
-99.99999999988359
 30
0.0
 11
17000.0
 21
100.0000000001164
 31
0.0
  0
TEXT
  5
1AC86
330
1AC23
100
AcDbEntity
  8
LASTLUKE
 62
     3
100
AcDbText
 10
16919.2473687584
 20
-464.2173886310484
 30
0.0
 40
180.0
  1
G
  7
18
100
AcDbText
  0
LINE
  5
1AC87
330
1AC23
100
AcDbEntity
  8
LASTLUKE
 62
     2
100
AcDbLine
 10
17500.0
 20
-99.99999999988359
 30
0.0
 11
17500.0
 21
100.0000000001164
 31
0.0
  0
TEXT
  5
1AC88
330
1AC23
100
AcDbEntity
  8
LASTLUKE
 62
     3
100
AcDbText
 10
17419.2473687584
 20
-464.2173886310484
 30
0.0
 40
180.0
  1
H
  7
18
100
AcDbText
  0
LINE
  5
1AC89
330
1AC23
100
AcDbEntity
  8
LASTLUKE
 62
     2
100
AcDbLine
 10
18000.0
 20
-99.99999999982538
 30
0.0
 11
18000.0
 21
100.0000000001746
 31
0.0
  0
TEXT
  5
1AC8A
330
1AC23
100
AcDbEntity
  8
LASTLUKE
 62
     3
100
AcDbText
 10
17919.2473687584
 20
-464.2173886309901
 30
0.0
 40
180.0
  1
I
  7
18
100
AcDbText
  0
LINE
  5
1AC8B
330
1AC23
100
AcDbEntity
  8
LASTLUKE
 62
     2
100
AcDbLine
 10
18500.0
 20
-99.99999999979628
 30
0.0
 11
18500.0
 21
100.0000000002037
 31
0.0
  0
TEXT
  5
1AC8C
330
1AC23
100
AcDbEntity
  8
LASTLUKE
 62
     3
100
AcDbText
 10
18419.2473687584
 20
-464.2173886309611
 30
0.0
 40
180.0
  1
J
  7
18
100
AcDbText
  0
ENDBLK
  5
1AC8D
330
1AC23
100
AcDbEntity
  8
0
100
AcDbBlockEnd
  0
BLOCK
  5
1C09F
330
1C09E
100
AcDbEntity
  8
0
100
AcDbBlockBegin
  2
*U8
 70
     1
 10
0.0
 20
0.0
 30
0.0
  3
*U8
  1
*U
  0
CIRCLE
  5
1C0A0
330
1C09E
100
AcDbEntity
  8
BHII
100
AcDbCircle
 10
0.0
 20
0.0
 30
0.0
 40
8.0
  0
LINE
  5
1C0A1
330
1C09E
100
AcDbEntity
  8
CENN
100
AcDbLine
 10
-11.0
 20
0.0
 30
0.0
 11
11.0
 21
0.0000000000000013
 31
0.0
  0
LINE
  5
1C0A2
330
1C09E
100
AcDbEntity
  8
CENN
100
AcDbLine
 10
0.0
 20
11.0
 30
0.0
 11
0.0
 21
-11.0
 31
0.0
  0
CIRCLE
  5
1C0A3
330
1C09E
100
AcDbEntity
  8
BHII
100
AcDbCircle
 10
0.0
 20
0.0
 30
0.0
 40
4.2
  0
ENDBLK
  5
1C0A4
330
1C09E
100
AcDbEntity
  8
0
100
AcDbBlockEnd
  0
BLOCK
  5
1C0A6
330
1C0A5
100
AcDbEntity
  8
0
100
AcDbBlockBegin
  2
*U9
 70
     1
 10
0.0
 20
0.0
 30
0.0
  3
*U9
  1
*U
  0
LWPOLYLINE
  5
1C0A7
330
1C0A5
100
AcDbEntity
  8
BHII
100
AcDbPolyline
 90
        6
 70
     1
 43
0.0
 10
-6.5
 20
-3.752776749732569
 10
0.0
 20
-7.505553499465134
 10
6.5
 20
-3.752776749732985
 10
6.5
 20
3.752776749732567
 10
0.0000000000001852
 20
7.505553499465031
 10
-6.5
 20
3.752776749732778
  0
CIRCLE
  5
1C0A8
330
1C0A5
100
AcDbEntity
  8
CON1
100
AcDbCircle
 10
0.0
 20
0.0
 30
0.0
 40
6.5
  0
LINE
  5
1C0A9
330
1C0A5
100
AcDbEntity
  8
CENN
100
AcDbLine
 10
-0.0000000000000004
 20
10.50555349946503
 30
0.0
 11
0.0
 21
-10.50555349946503
 31
0.0
  0
LINE
  5
1C0AA
330
1C0A5
100
AcDbEntity
  8
CENN
100
AcDbLine
 10
-10.50555349946503
 20
0.0
 30
0.0
 11
10.50555349946503
 21
0.0
 31
0.0
  0
ENDBLK
  5
1C0AB
330
1C0A5
100
AcDbEntity
  8
0
100
AcDbBlockEnd
  0
BLOCK
  5
1C0AD
330
1C0AC
100
AcDbEntity
  8
0
100
AcDbBlockBegin
  2
*U10
 70
     1
 10
0.0
 20
0.0
 30
0.0
  3
*U10
  1
*U
  0
LINE
  5
1C0AE
330
1C0AC
100
AcDbEntity
  8
-BHII
100
AcDbLine
 10
0.0
 20
-10.0
 30
0.0
 11
39.99999999999909
 21
-9.999999999999992
 31
0.0
  0
LINE
  5
1C0AF
330
1C0AC
100
AcDbEntity
  8
-BHII
100
AcDbLine
 10
0.0
 20
10.0
 30
0.0
 11
39.99999999999909
 21
10.0
 31
0.0
  0
LINE
  5
1C0B0
330
1C0AC
100
AcDbEntity
  8
-BHIU
100
AcDbLine
 10
0.0
 20
10.0
 30
0.0
 11
0.0
 21
-10.0
 31
0.0
  0
LINE
  5
1C0B1
330
1C0AC
100
AcDbEntity
  8
-BHIU
100
AcDbLine
 10
39.99999999999909
 20
10.0
 30
0.0
 11
39.99999999999909
 21
-9.999999999999992
 31
0.0
  0
ENDBLK
  5
1C0B2
330
1C0AC
100
AcDbEntity
  8
0
100
AcDbBlockEnd
  0
BLOCK
  5
1C0B4
330
1C0B3
100
AcDbEntity
  8
0
100
AcDbBlockBegin
  2
*U11
 70
     1
 10
0.0
 20
0.0
 30
0.0
  3
*U11
  1
*U
  0
INSERT
  5
1C0B5
330
1C0B3
100
AcDbEntity
  8
GEV_FROZEN
100
AcDbBlockReference
  2
*U10
 10
0.0
 20
0.0
 30
0.0
 41
0.1000000000003638
 42
0.1000000000003638
 43
0.1000000000003638
1001
GENBH
1002
{
1000
-NOBRK
1002
}
  0
INSERT
  5
1C0B6
330
1C0B3
100
AcDbEntity
  8
0
100
AcDbBlockReference
  2
VCCISYMB
 10
0.0
 20
0.0
 30
0.0
1001
GENBH
1002
{
1000
-NOBRK
1002
}
  0
ENDBLK
  5
1C0B7
330
1C0B3
100
AcDbEntity
  8
0
100
AcDbBlockEnd
  0
BLOCK
  5
1C0BB
330
1C0B8
100
AcDbEntity
  8
0
100
AcDbBlockBegin
  2
A$C64097268
 70
     0
 10
0.0
 20
0.0
 30
0.0
  3
A$C64097268
  1

  0
TEXT
  5
1C0BC
330
1C0B8
100
AcDbEntity
  8
LASTLUKE
 62
     2
100
AcDbText
 10
12310.87966209298
 20
-464.2173886311357
 30
0.0
 40
180.0
  1
25
  7
18
100
AcDbText
  0
LINE
  5
1C0BD
330
1C0B8
100
AcDbEntity
  8
LASTLUKE
 62
     2
100
AcDbLine
 10
-1500.0
 20
-99.9999999999709
 30
0.0
 11
-1500.0
 21
100.0000000000291
 31
0.0
  0
LINE
  5
1C0BE
330
1C0B8
100
AcDbEntity
  8
LASTLUKE
 62
     2
100
AcDbLine
 10
-1000.0
 20
-99.9999999999709
 30
0.0
 11
-1000.0
 21
100.0000000000291
 31
0.0
  0
TEXT
  5
1C0BF
330
1C0B8
100
AcDbEntity
  8
LASTLUKE
 62
     2
100
AcDbText
 10
-128.3917756217706
 20
-464.2173886311357
 30
0.0
 40
180.0
  1
0
  7
18
100
AcDbText
  0
LINE
  5
1C0C0
330
1C0B8
100
AcDbEntity
  8
LASTLUKE
 62
     2
100
AcDbLine
 10
-500.0
 20
-99.9999999999709
 30
0.0
 11
-500.0
 21
100.0000000000291
 31
0.0
  0
LINE
  5
1C0C1
330
1C0B8
100
AcDbEntity
  8
LASTLUKE
 62
     2
100
AcDbLine
 10
0.0
 20
-99.9999999999709
 30
0.0
 11
0.0
 21
100.0000000000291
 31
0.0
  0
LINE
  5
1C0C2
330
1C0B8
100
AcDbEntity
  8
LASTLUKE
 62
     2
100
AcDbLine
 10
500.0
 20
-99.9999999999709
 30
0.0
 11
500.0
 21
100.0000000000291
 31
0.0
  0
LINE
  5
1C0C3
330
1C0B8
100
AcDbEntity
  8
LASTLUKE
 62
     2
100
AcDbLine
 10
1000.0
 20
-99.9999999999709
 30
0.0
 11
1000.0
 21
100.0000000000291
 31
0.0
  0
LINE
  5
1C0C4
330
1C0B8
100
AcDbEntity
  8
LASTLUKE
 62
     2
100
AcDbLine
 10
1500.0
 20
-99.9999999999709
 30
0.0
 11
1500.0
 21
100.0000000000291
 31
0.0
  0
LINE
  5
1C0C5
330
1C0B8
100
AcDbEntity
  8
LASTLUKE
 62
     2
100
AcDbLine
 10
2000.0
 20
-99.9999999999709
 30
0.0
 11
2000.0
 21
100.0000000000291
 31
0.0
  0
LINE
  5
1C0C6
330
1C0B8
100
AcDbEntity
  8
LASTLUKE
 62
     2
100
AcDbLine
 10
2500.0
 20
-99.9999999999709
 30
0.0
 11
2500.0
 21
100.0000000000291
 31
0.0
  0
TEXT
  5
1C0C7
330
1C0B8
100
AcDbEntity
  8
LASTLUKE
 62
     2
100
AcDbText
 10
2382.225613433315
 20
-464.2173886311357
 30
0.0
 40
180.0
  1
5
  7
18
100
AcDbText
  0
LINE
  5
1C0C8
330
1C0B8
100
AcDbEntity
  8
LASTLUKE
 62
     2
100
AcDbLine
 10
3000.0
 20
-99.9999999999709
 30
0.0
 11
3000.0
 21
100.0000000000291
 31
0.0
  0
LINE
  5
1C0C9
330
1C0B8
100
AcDbEntity
  8
LASTLUKE
 62
     2
100
AcDbLine
 10
3500.0
 20
-99.9999999999709
 30
0.0
 11
3500.0
 21
100.0000000000291
 31
0.0
  0
LINE
  5
1C0CA
330
1C0B8
100
AcDbEntity
  8
LASTLUKE
 62
     2
100
AcDbLine
 10
4000.0
 20
-99.9999999999709
 30
0.0
 11
4000.0
 21
100.0000000000291
 31
0.0
  0
LINE
  5
1C0CB
330
1C0B8
100
AcDbEntity
  8
LASTLUKE
 62
     2
100
AcDbLine
 10
4500.0
 20
-99.9999999999709
 30
0.0
 11
4500.0
 21
100.0000000000291
 31
0.0
  0
LINE
  5
1C0CC
330
1C0B8
100
AcDbEntity
  8
LASTLUKE
 62
     2
100
AcDbLine
 10
5000.0
 20
-99.9999999999709
 30
0.0
 11
5000.0
 21
100.0000000000291
 31
0.0
  0
TEXT
  5
1C0CD
330
1C0B8
100
AcDbEntity
  8
LASTLUKE
 62
     2
100
AcDbText
 10
4827.629820961592
 20
-464.2173886311357
 30
0.0
 40
180.0
  1
10
  7
18
100
AcDbText
  0
LINE
  5
1C0CE
330
1C0B8
100
AcDbEntity
  8
LASTLUKE
 62
     2
100
AcDbLine
 10
5500.0
 20
-99.9999999999709
 30
0.0
 11
5500.0
 21
100.0000000000291
 31
0.0
  0
LINE
  5
1C0CF
330
1C0B8
100
AcDbEntity
  8
LASTLUKE
 62
     2
100
AcDbLine
 10
6000.0
 20
-99.9999999999709
 30
0.0
 11
6000.0
 21
100.0000000000291
 31
0.0
  0
LINE
  5
1C0D0
330
1C0B8
100
AcDbEntity
  8
LASTLUKE
 62
     2
100
AcDbLine
 10
6500.0
 20
-99.9999999999709
 30
0.0
 11
6500.0
 21
100.0000000000291
 31
0.0
  0
LINE
  5
1C0D1
330
1C0B8
100
AcDbEntity
  8
LASTLUKE
 62
     2
100
AcDbLine
 10
7000.0
 20
-99.9999999999709
 30
0.0
 11
7000.0
 21
100.0000000000291
 31
0.0
  0
LINE
  5
1C0D2
330
1C0B8
100
AcDbEntity
  8
LASTLUKE
 62
     2
100
AcDbLine
 10
7500.0
 20
-99.9999999999709
 30
0.0
 11
7500.0
 21
100.0000000000291
 31
0.0
  0
LINE
  5
1C0D3
330
1C0B8
100
AcDbEntity
  8
LASTLUKE
 62
     2
100
AcDbLine
 10
8000.0
 20
-99.9999999999709
 30
0.0
 11
8000.0
 21
100.0000000000291
 31
0.0
  0
TEXT
  5
1C0D4
330
1C0B8
100
AcDbEntity
  8
LASTLUKE
 62
     2
100
AcDbText
 10
7338.247671344987
 20
-464.2173886311357
 30
0.0
 40
180.0
  1
15
  7
18
100
AcDbText
  0
LINE
  5
1C0D5
330
1C0B8
100
AcDbEntity
  8
LASTLUKE
 62
     2
100
AcDbLine
 10
8500.0
 20
-99.9999999999709
 30
0.0
 11
8500.0
 21
100.0000000000291
 31
0.0
  0
LINE
  5
1C0D6
330
1C0B8
100
AcDbEntity
  8
LASTLUKE
 62
     2
100
AcDbLine
 10
9000.0
 20
-99.9999999999709
 30
0.0
 11
9000.0
 21
100.0000000000291
 31
0.0
  0
LINE
  5
1C0D7
330
1C0B8
100
AcDbEntity
  8
LASTLUKE
 62
     2
100
AcDbLine
 10
9500.0
 20
-99.9999999999709
 30
0.0
 11
9500.0
 21
100.0000000000291
 31
0.0
  0
LINE
  5
1C0D8
330
1C0B8
100
AcDbEntity
  8
LASTLUKE
 62
     2
100
AcDbLine
 10
10000.0
 20
-99.9999999999709
 30
0.0
 11
10000.0
 21
100.0000000000291
 31
0.0
  0
TEXT
  5
1C0D9
330
1C0B8
100
AcDbEntity
  8
LASTLUKE
 62
     2
100
AcDbText
 10
9824.563205390674
 20
-464.2173886311357
 30
0.0
 40
180.0
  1
20
  7
18
100
AcDbText
  0
LINE
  5
1C0DA
330
1C0B8
100
AcDbEntity
  8
LASTLUKE
 62
     2
100
AcDbLine
 10
10500.0
 20
-99.9999999999709
 30
0.0
 11
10500.0
 21
100.0000000000291
 31
0.0
  0
LINE
  5
1C0DB
330
1C0B8
100
AcDbEntity
  8
LASTLUKE
 62
     2
100
AcDbLine
 10
11000.0
 20
-99.9999999999709
 30
0.0
 11
11000.0
 21
100.0000000000291
 31
0.0
  0
LINE
  5
1C0DC
330
1C0B8
100
AcDbEntity
  8
LASTLUKE
 62
     2
100
AcDbLine
 10
11500.0
 20
-99.9999999999709
 30
0.0
 11
11500.0
 21
100.0000000000291
 31
0.0
  0
LINE
  5
1C0DD
330
1C0B8
100
AcDbEntity
  8
LASTLUKE
 62
     2
100
AcDbLine
 10
12000.0
 20
-99.9999999999709
 30
0.0
 11
12000.0
 21
100.0000000000291
 31
0.0
  0
LINE
  5
1C0DE
330
1C0B8
100
AcDbEntity
  8
LASTLUKE
 62
     2
100
AcDbLine
 10
12500.0
 20
-99.9999999999709
 30
0.0
 11
12500.0
 21
100.0000000000291
 31
0.0
  0
LINE
  5
1C0DF
330
1C0B8
100
AcDbEntity
  8
LASTLUKE
 62
     2
100
AcDbLine
 10
13000.0
 20
-99.9999999999709
 30
0.0
 11
13000.0
 21
100.0000000000291
 31
0.0
  0
LINE
  5
1C0E0
330
1C0B8
100
AcDbEntity
  8
LASTLUKE
 62
     2
100
AcDbLine
 10
13500.0
 20
-99.9999999999709
 30
0.0
 11
13500.0
 21
100.0000000000291
 31
0.0
  0
LINE
  5
1C0E1
330
1C0B8
100
AcDbEntity
  8
LASTLUKE
 62
     2
100
AcDbLine
 10
19000.0
 20
-99.9999999999709
 30
0.0
 11
19000.0
 21
100.0000000000291
 31
0.0
  0
LINE
  5
1C0E2
330
1C0B8
100
AcDbEntity
  8
LASTLUKE
 62
     2
100
AcDbLine
 10
19500.0
 20
-99.9999999999709
 30
0.0
 11
19500.0
 21
100.0000000000291
 31
0.0
  0
LINE
  5
1C0E3
330
1C0B8
100
AcDbEntity
  8
LASTLUKE
 62
     2
100
AcDbLine
 10
20000.0
 20
-99.9999999999709
 30
0.0
 11
20000.0
 21
100.0000000000291
 31
0.0
  0
LINE
  5
1C0E4
330
1C0B8
100
AcDbEntity
  8
LASTLUKE
 62
     2
100
AcDbLine
 10
20500.0
 20
-99.9999999999709
 30
0.0
 11
20500.0
 21
100.0000000000291
 31
0.0
  0
LINE
  5
1C0E5
330
1C0B8
100
AcDbEntity
  8
LASTLUKE
 62
     2
100
AcDbLine
 10
21000.0
 20
-99.9999999999709
 30
0.0
 11
21000.0
 21
100.0000000000291
 31
0.0
  0
TEXT
  5
1C0E6
330
1C0B8
100
AcDbEntity
  8
LASTLUKE
 62
     2
100
AcDbText
 10
19797.19565746691
 20
-464.2173886311357
 30
0.0
 40
180.0
  1
30
  7
18
100
AcDbText
  0
LINE
  5
1C0E7
330
1C0B8
100
AcDbEntity
  8
LASTLUKE
 62
     2
100
AcDbLine
 10
21500.0
 20
-99.9999999999709
 30
0.0
 11
21500.0
 21
100.0000000000291
 31
0.0
  0
LINE
  5
1C0E8
330
1C0B8
100
AcDbEntity
  8
LASTLUKE
 62
     2
100
AcDbLine
 10
22000.0
 20
-99.9999999999709
 30
0.0
 11
22000.0
 21
100.0000000000291
 31
0.0
  0
LINE
  5
1C0E9
330
1C0B8
100
AcDbEntity
  8
LASTLUKE
 62
     2
100
AcDbLine
 10
22500.0
 20
-99.9999999999709
 30
0.0
 11
22500.0
 21
100.0000000000291
 31
0.0
  0
LINE
  5
1C0EA
330
1C0B8
100
AcDbEntity
  8
LASTLUKE
 62
     2
100
AcDbLine
 10
23000.0
 20
-99.9999999999709
 30
0.0
 11
23000.0
 21
100.0000000000291
 31
0.0
  0
LINE
  5
1C0EB
330
1C0B8
100
AcDbEntity
  8
LASTLUKE
 62
     2
100
AcDbLine
 10
23500.0
 20
-99.9999999999709
 30
0.0
 11
23500.0
 21
100.0000000000291
 31
0.0
  0
TEXT
  5
1C0EC
330
1C0B8
100
AcDbEntity
  8
LASTLUKE
 62
     2
100
AcDbText
 10
22307.813046522
 20
-464.2173886311357
 30
0.0
 40
180.0
  1
35
  7
18
100
AcDbText
  0
LINE
  5
1C0ED
330
1C0B8
100
AcDbEntity
  8
LASTLUKE
 62
     2
100
AcDbLine
 10
24000.0
 20
-99.9999999999709
 30
0.0
 11
24000.0
 21
100.0000000000291
 31
0.0
  0
LINE
  5
1C0EE
330
1C0B8
100
AcDbEntity
  8
LASTLUKE
 62
     2
100
AcDbLine
 10
24500.0
 20
-99.9999999999709
 30
0.0
 11
24500.0
 21
100.0000000000291
 31
0.0
  0
LINE
  5
1C0EF
330
1C0B8
100
AcDbEntity
  8
LASTLUKE
 62
     2
100
AcDbLine
 10
25000.0
 20
-99.9999999999709
 30
0.0
 11
25000.0
 21
100.0000000000291
 31
0.0
  0
LINE
  5
1C0F0
330
1C0B8
100
AcDbEntity
  8
LASTLUKE
 62
     2
100
AcDbLine
 10
25500.0
 20
-99.9999999999709
 30
0.0
 11
25500.0
 21
100.0000000000291
 31
0.0
  0
LINE
  5
1C0F1
330
1C0B8
100
AcDbEntity
  8
LASTLUKE
 62
     2
100
AcDbLine
 10
26000.0
 20
-99.9999999999709
 30
0.0
 11
26000.0
 21
100.0000000000291
 31
0.0
  0
TEXT
  5
1C0F2
330
1C0B8
100
AcDbEntity
  8
LASTLUKE
 62
     2
100
AcDbText
 10
24795.77765379634
 20
-464.2173886311357
 30
0.0
 40
180.0
  1
40
  7
18
100
AcDbText
  0
INSERT
  5
1C0F3
330
1C0B8
100
AcDbEntity
  8
0
100
AcDbBlockReference
  2
*U11
 10
-28182.59963639433
 20
227.760163216677
 30
0.0
 43
-1.0
 50
256.254441529272
210
0.0
220
0.0
230
-1.0
1001
GENIUS_GEFPARTINS_13
1002
{
1011
-165500.2076728271
1021
-171106.1020294722
1031
0.0
1013
-0.0000000000000004
1023
-1.0
1033
0.0
1013
1.0
1023
0.0
1033
0.0
1013
0.0
1023
1.0
1033
0.0
1010
0.0
1020
0.0
1030
0.0
1002
}
1001
VCC
1002
{
1002
}
1001
GENIUS_GENOREF_13
1005
0
1005
0
1005
0
1005
0
1005
0
1005
0
1005
0
1001
GEVMK
1002
{
1000
-CO
1000
-MYREF
1005
1C0F3
1002
}
1001
GEVIT
1000
-BEDIT
1002
{
1000
-BEHI62.00000003
1000
-BVCCT0
1000
-GRP0?
1000
-BAML2
1000
-BASK1
1000
-NT0
1000
-DOC
1005
1C0AD
1000
-MYREF
1005
1C0F3
1002
}
1001
GEVID936799088
1002
{
1000
-ID54
1002
}
  0
INSERT
  5
1C0F4
330
1C0B8
100
AcDbEntity
  8
GEV_FROZEN
100
AcDbBlockReference
  2
*U9
 10
-27119.61178624633
 20
13.78489061549771
 30
0.0
 41
0.099999999976717
 42
0.099999999976717
 43
-0.0999999999999871
210
0.0
220
0.0
230
-1.0
1001
GENBH
1002
{
1000
-NOBRK
1002
}
  0
INSERT
  5
1C0F5
330
1C0B8
100
AcDbEntity
  8
GEV_FROZEN
100
AcDbBlockReference
  2
*U8
 10
-27119.61178624633
 20
13.78489061549771
 30
0.0
 41
0.099999999976717
 42
0.099999999976717
 43
-0.0999999999999871
210
0.0
220
0.0
230
-1.0
1001
GENBH
1002
{
1000
-NOBRK
1002
}
  0
LINE
  5
1C0F6
330
1C0B8
100
AcDbEntity
  8
LASTLUKE
 62
     2
100
AcDbLine
 10
26500.0
 20
-99.9999999999709
 30
0.0
 11
26500.0
 21
100.0000000000291
 31
0.0
  0
LINE
  5
1C0F7
330
1C0B8
100
AcDbEntity
  8
LASTLUKE
 62
     2
100
AcDbLine
 10
27000.0
 20
-99.9999999999709
 30
0.0
 11
27000.0
 21
100.0000000000291
 31
0.0
  0
LINE
  5
1C0F8
330
1C0B8
100
AcDbEntity
  8
LASTLUKE
 62
     2
100
AcDbLine
 10
27500.0
 20
-99.9999999999709
 30
0.0
 11
27500.0
 21
100.0000000000291
 31
0.0
  0
LINE
  5
1C0F9
330
1C0B8
100
AcDbEntity
  8
LASTLUKE
 62
     2
100
AcDbLine
 10
28000.0
 20
-99.9999999999709
 30
0.0
 11
28000.0
 21
100.0000000000291
 31
0.0
  0
TEXT
  5
1C0FA
330
1C0B8
100
AcDbEntity
  8
LASTLUKE
 62
     2
100
AcDbText
 10
27306.39550417979
 20
-464.2173886311357
 30
0.0
 40
180.0
  1
45
  7
18
100
AcDbText
  0
LINE
  5
1C0FB
330
1C0B8
100
AcDbEntity
  8
LASTLUKE
 62
     2
100
AcDbLine
 10
28500.0
 20
-99.9999999999709
 30
0.0
 11
28500.0
 21
100.0000000000291
 31
0.0
  0
LINE
  5
1C0FC
330
1C0B8
100
AcDbEntity
  8
LASTLUKE
 62
     2
100
AcDbLine
 10
29000.0
 20
-99.9999999999709
 30
0.0
 11
29000.0
 21
100.0000000000291
 31
0.0
  0
LINE
  5
1C0FD
330
1C0B8
100
AcDbEntity
  8
LASTLUKE
 62
     2
100
AcDbLine
 10
29500.0
 20
-99.9999999999709
 30
0.0
 11
29500.0
 21
100.0000000000291
 31
0.0
  0
LINE
  5
1C0FE
330
1C0B8
100
AcDbEntity
  8
LASTLUKE
 62
     2
100
AcDbLine
 10
30000.0
 20
-99.9999999999709
 30
0.0
 11
30000.0
 21
100.0000000000291
 31
0.0
  0
TEXT
  5
1C0FF
330
1C0B8
100
AcDbEntity
  8
LASTLUKE
 62
     2
100
AcDbText
 10
29865.615680597
 20
-464.2173886311357
 30
0.0
 40
180.0
  1
50
  7
18
100
AcDbText
  0
TEXT
  5
1C100
330
1C0B8
100
AcDbEntity
  8
LASTLUKE
 62
     2
100
AcDbText
 10
32320.07858614906
 20
-464.2173886311357
 30
0.0
 40
180.0
  1
55
  7
18
100
AcDbText
  0
LINE
  5
1C101
330
1C0B8
100
AcDbEntity
  8
LASTLUKE
 62
     2
100
AcDbLine
 10
30500.0
 20
-99.9999999999709
 30
0.0
 11
30500.0
 21
100.0000000000291
 31
0.0
  0
LINE
  5
1C102
330
1C0B8
100
AcDbEntity
  8
LASTLUKE
 62
     2
100
AcDbLine
 10
31000.0
 20
-99.9999999999709
 30
0.0
 11
31000.0
 21
100.0000000000291
 31
0.0
  0
LINE
  5
1C103
330
1C0B8
100
AcDbEntity
  8
LASTLUKE
 62
     2
100
AcDbLine
 10
31500.0
 20
-99.9999999999709
 30
0.0
 11
31500.0
 21
100.0000000000291
 31
0.0
  0
LINE
  5
1C104
330
1C0B8
100
AcDbEntity
  8
LASTLUKE
 62
     2
100
AcDbLine
 10
32000.0
 20
-99.9999999999709
 30
0.0
 11
32000.0
 21
100.0000000000291
 31
0.0
  0
LINE
  5
1C105
330
1C0B8
100
AcDbEntity
  8
LASTLUKE
 62
     2
100
AcDbLine
 10
32500.0
 20
-99.9999999999709
 30
0.0
 11
32500.0
 21
100.0000000000291
 31
0.0
  0
LINE
  5
1C106
330
1C0B8
100
AcDbEntity
  8
LASTLUKE
 62
     2
100
AcDbLine
 10
33000.0
 20
-99.9999999999709
 30
0.0
 11
33000.0
 21
100.0000000000291
 31
0.0
  0
LINE
  5
1C107
330
1C0B8
100
AcDbEntity
  8
LASTLUKE
 62
     2
100
AcDbLine
 10
33500.0
 20
-99.9999999999709
 30
0.0
 11
33500.0
 21
100.0000000000291
 31
0.0
  0
LINE
  5
1C108
330
1C0B8
100
AcDbEntity
  8
LASTLUKE
 62
     2
100
AcDbLine
 10
34000.0
 20
-99.9999999999709
 30
0.0
 11
34000.0
 21
100.0000000000291
 31
0.0
  0
LINE
  5
1C109
330
1C0B8
100
AcDbEntity
  8
LASTLUKE
 62
     2
100
AcDbLine
 10
34500.0
 20
-99.9999999999709
 30
0.0
 11
34500.0
 21
100.0000000000291
 31
0.0
  0
LINE
  5
1C10A
330
1C0B8
100
AcDbEntity
  8
LASTLUKE
 62
     2
100
AcDbLine
 10
35000.0
 20
-99.9999999999709
 30
0.0
 11
35000.0
 21
100.0000000000291
 31
0.0
  0
TEXT
  5
1C10B
330
1C0B8
100
AcDbEntity
  8
LASTLUKE
 62
     2
100
AcDbText
 10
34820.07858614906
 20
-464.2173886311357
 30
0.0
 40
180.0
  1
60
  7
18
100
AcDbText
  0
LINE
  5
1C10C
330
1C0B8
100
AcDbEntity
  8
S0CE1
100
AcDbLine
 10
-2084.205947532144
 20
0.0
 30
0.0
 11
35128.7032418942
 21
0.0
 31
0.0
  0
TEXT
  5
1C10D
330
1C0B8
100
AcDbEntity
  8
LASTLUKE
 62
     2
100
AcDbText
 10
12810.87966209298
 20
-464.2173886311357
 30
0.0
 40
180.0
  1
26
  7
18
100
AcDbText
  0
TEXT
  5
1C10E
330
1C0B8
100
AcDbEntity
  8
LASTLUKE
 62
     2
100
AcDbText
 10
13310.87966209298
 20
-464.2173886311357
 30
0.0
 40
180.0
  1
27
  7
18
100
AcDbText
  0
TEXT
  5
1C10F
330
1C0B8
100
AcDbEntity
  8
LASTLUKE
 62
     2
100
AcDbText
 10
18810.87966209298
 20
-464.2173886311357
 30
0.0
 40
180.0
  1
28
  7
18
100
AcDbText
  0
TEXT
  5
1C110
330
1C0B8
100
AcDbEntity
  8
LASTLUKE
 62
     2
100
AcDbText
 10
19310.87966209298
 20
-464.2173886311357
 30
0.0
 40
180.0
  1
29
  7
18
100
AcDbText
  0
LINE
  5
1C111
330
1C0B8
100
AcDbEntity
  8
LASTLUKE
 62
     2
100
AcDbLine
 10
14000.0
 20
-99.9999999999418
 30
0.0
 11
14000.0
 21
100.0000000000582
 31
0.0
  0
TEXT
  5
1C112
330
1C0B8
100
AcDbEntity
  8
LASTLUKE
 62
     3
100
AcDbText
 10
13919.2473687584
 20
-464.2173886311065
 30
0.0
 40
180.0
  1
A
  7
18
100
AcDbText
  0
LINE
  5
1C113
330
1C0B8
100
AcDbEntity
  8
LASTLUKE
 62
     2
100
AcDbLine
 10
14500.0
 20
-99.99999999991269
 30
0.0
 11
14500.0
 21
100.0000000000873
 31
0.0
  0
TEXT
  5
1C114
330
1C0B8
100
AcDbEntity
  8
LASTLUKE
 62
     3
100
AcDbText
 10
14419.2473687584
 20
-464.2173886310774
 30
0.0
 40
180.0
  1
B
  7
18
100
AcDbText
  0
LINE
  5
1C115
330
1C0B8
100
AcDbEntity
  8
LASTLUKE
 62
     2
100
AcDbLine
 10
15000.0
 20
-99.9999999999418
 30
0.0
 11
15000.0
 21
100.0000000000582
 31
0.0
  0
TEXT
  5
1C116
330
1C0B8
100
AcDbEntity
  8
LASTLUKE
 62
     3
100
AcDbText
 10
14919.2473687584
 20
-464.2173886311065
 30
0.0
 40
180.0
  1
C
  7
18
100
AcDbText
  0
LINE
  5
1C117
330
1C0B8
100
AcDbEntity
  8
LASTLUKE
 62
     2
100
AcDbLine
 10
15500.0
 20
-99.9999999999418
 30
0.0
 11
15500.0
 21
100.0000000000582
 31
0.0
  0
TEXT
  5
1C118
330
1C0B8
100
AcDbEntity
  8
LASTLUKE
 62
     3
100
AcDbText
 10
15419.2473687584
 20
-464.2173886311065
 30
0.0
 40
180.0
  1
D
  7
18
100
AcDbText
  0
LINE
  5
1C119
330
1C0B8
100
AcDbEntity
  8
LASTLUKE
 62
     2
100
AcDbLine
 10
16000.0
 20
-99.99999999988359
 30
0.0
 11
16000.0
 21
100.0000000001164
 31
0.0
  0
TEXT
  5
1C11A
330
1C0B8
100
AcDbEntity
  8
LASTLUKE
 62
     3
100
AcDbText
 10
15919.2473687584
 20
-464.2173886310484
 30
0.0
 40
180.0
  1
E
  7
18
100
AcDbText
  0
LINE
  5
1C11B
330
1C0B8
100
AcDbEntity
  8
LASTLUKE
 62
     2
100
AcDbLine
 10
16500.0
 20
-99.99999999985448
 30
0.0
 11
16500.0
 21
100.0000000001455
 31
0.0
  0
TEXT
  5
1C11C
330
1C0B8
100
AcDbEntity
  8
LASTLUKE
 62
     3
100
AcDbText
 10
16419.2473687584
 20
-464.2173886310192
 30
0.0
 40
180.0
  1
F
  7
18
100
AcDbText
  0
LINE
  5
1C11D
330
1C0B8
100
AcDbEntity
  8
LASTLUKE
 62
     2
100
AcDbLine
 10
17000.0
 20
-99.99999999988359
 30
0.0
 11
17000.0
 21
100.0000000001164
 31
0.0
  0
TEXT
  5
1C11E
330
1C0B8
100
AcDbEntity
  8
LASTLUKE
 62
     3
100
AcDbText
 10
16919.2473687584
 20
-464.2173886310484
 30
0.0
 40
180.0
  1
G
  7
18
100
AcDbText
  0
LINE
  5
1C11F
330
1C0B8
100
AcDbEntity
  8
LASTLUKE
 62
     2
100
AcDbLine
 10
17500.0
 20
-99.99999999988359
 30
0.0
 11
17500.0
 21
100.0000000001164
 31
0.0
  0
TEXT
  5
1C120
330
1C0B8
100
AcDbEntity
  8
LASTLUKE
 62
     3
100
AcDbText
 10
17419.2473687584
 20
-464.2173886310484
 30
0.0
 40
180.0
  1
H
  7
18
100
AcDbText
  0
LINE
  5
1C121
330
1C0B8
100
AcDbEntity
  8
LASTLUKE
 62
     2
100
AcDbLine
 10
18000.0
 20
-99.99999999982538
 30
0.0
 11
18000.0
 21
100.0000000001746
 31
0.0
  0
TEXT
  5
1C122
330
1C0B8
100
AcDbEntity
  8
LASTLUKE
 62
     3
100
AcDbText
 10
17919.2473687584
 20
-464.2173886309901
 30
0.0
 40
180.0
  1
I
  7
18
100
AcDbText
  0
LINE
  5
1C123
330
1C0B8
100
AcDbEntity
  8
LASTLUKE
 62
     2
100
AcDbLine
 10
18500.0
 20
-99.99999999979628
 30
0.0
 11
18500.0
 21
100.0000000002037
 31
0.0
  0
TEXT
  5
1C124
330
1C0B8
100
AcDbEntity
  8
LASTLUKE
 62
     3
100
AcDbText
 10
18419.2473687584
 20
-464.2173886309611
 30
0.0
 40
180.0
  1
J
  7
18
100
AcDbText
  0
ENDBLK
  5
1C125
330
1C0B8
100
AcDbEntity
  8
0
100
AcDbBlockEnd
  0
BLOCK
  5
1D5F7
330
1D5F6
100
AcDbEntity
  8
0
100
AcDbBlockBegin
  2
*D13
 70
     1
 10
0.0
 20
0.0
 30
0.0
  3
*D13
  1

  0
LINE
  5
1EFEF
330
1D5F6
100
AcDbEntity
  8
S0CO1
 62
     1
440
 16777216
370
    -2
100
AcDbLine
 10
16069.50458839108
 20
14378.32774981523
 30
0.0
 11
16069.50458839108
 21
12794.51343048696
 31
0.0
  0
LINE
  5
1EFF0
330
1D5F6
100
AcDbEntity
  8
S0CO1
 62
     1
440
 16777216
370
    -2
100
AcDbLine
 10
21069.50458839108
 20
14378.32774981523
 30
0.0
 11
21069.50458839108
 21
12794.51343048696
 31
0.0
  0
LINE
  5
1EFF1
330
1D5F6
100
AcDbEntity
  8
S0CO1
 62
     1
440
 16777216
370
    -2
100
AcDbLine
 10
16169.50458839108
 20
12819.51343048695
 30
0.0
 11
20969.50458839108
 21
12819.51343048695
 31
0.0
  0
SOLID
  5
1EFF2
330
1D5F6
100
AcDbEntity
  8
S0CO1
 62
     1
440
 16777216
100
AcDbTrace
 10
16169.50458839108
 20
12836.18009715362
 30
0.0
 11
16169.50458839108
 21
12802.84676382029
 31
0.0
 12
16069.50458839108
 22
12819.51343048695
 32
0.0
 13
16069.50458839108
 23
12819.51343048695
 33
0.0
  0
SOLID
  5
1EFF3
330
1D5F6
100
AcDbEntity
  8
S0CO1
 62
     1
440
 16777216
100
AcDbTrace
 10
20969.50458839108
 20
12836.18009715362
 30
0.0
 11
20969.50458839108
 21
12802.84676382029
 31
0.0
 12
21069.50458839108
 22
12819.51343048695
 32
0.0
 13
21069.50458839108
 23
12819.51343048695
 33
0.0
  0
MTEXT
  5
1EFF4
330
1D5F6
100
AcDbEntity
  8
S0CO1
 62
     2
440
 16777216
100
AcDbMText
 10
18569.50458839108
 20
12936.18009715362
 30
0.0
 40
100.0
 41
0.0
 46
0.0
 71
     5
 72
     1
  1
\A1;5000 Lengthening
  7
ROMANS
 73
     1
 44
1.0
  0
POINT
  5
1EFF5
330
1D5F6
100
AcDbEntity
  8
DEFPOINTS
 62
     0
440
 16777216
100
AcDbPoint
 10
16069.50458839108
 20
14428.32774981523
 30
0.0
  0
POINT
  5
1EFF6
330
1D5F6
100
AcDbEntity
  8
DEFPOINTS
 62
     0
440
 16777216
100
AcDbPoint
 10
21069.50458839108
 20
14428.32774981523
 30
0.0
  0
POINT
  5
1EFF7
330
1D5F6
100
AcDbEntity
  8
DEFPOINTS
 62
     0
440
 16777216
100
AcDbPoint
 10
21069.50458839108
 20
12819.51343048695
 30
0.0
  0
ENDBLK
  5
1D5F8
330
1D5F6
100
AcDbEntity
  8
0
100
AcDbBlockEnd
  0
BLOCK
  5
1D625
330
1D619
100
AcDbEntity
  8
0
100
AcDbBlockBegin
  2
A$C10F6703F
 70
     0
 10
0.0
 20
0.0
 30
0.0
  3
A$C10F6703F
  1

  0
ARC
  5
1D62B
330
1D619
100
AcDbEntity
  8
U0CO1
100
AcDbCircle
 10
18304.37059567327
 20
-5683.89106143864
 30
0.0
 40
354.3705956733611
100
AcDbArc
 50
90.0
 51
270.0
  0
LINE
  5
1D62C
330
1D619
100
AcDbEntity
  8
U0CO1
100
AcDbLine
 10
17949.99999999991
 20
-5683.89106143864
 30
0.0
 11
18716.78328787893
 21
-5683.89106143864
 31
0.0
  0
CIRCLE
  5
1D62D
330
1D619
100
AcDbEntity
  8
U0CO1
100
AcDbCircle
 10
17949.99999999991
 20
-5683.89106143864
 30
0.0
 40
354.3705956733611
  0
LINE
  5
1D62E
330
1D619
100
AcDbEntity
  8
U0CO1
100
AcDbLine
 10
17595.62940432655
 20
-5329.52046576528
 30
0.0
 11
17343.36766498195
 21
-5329.52046576528
 31
0.0
  0
ARC
  5
1D62F
330
1D619
100
AcDbEntity
  8
U0CO1
100
AcDbCircle
 10
17595.62940432655
 20
-5683.89106143864
 30
0.0
 40
354.3705956733611
100
AcDbArc
 50
270.0
 51
90.0
  0
LINE
  5
1D630
330
1D619
100
AcDbEntity
  8
U0CO1
100
AcDbLine
 10
17949.99999999991
 20
-5683.89106143864
 30
0.0
 11
17183.21671212089
 21
-5683.89106143864
 31
0.0
  0
LINE
  5
1D631
330
1D619
100
AcDbEntity
  8
U0CO1
100
AcDbLine
 10
17949.99999999991
 20
-6205.813292913648
 30
0.0
 11
17949.99999999991
 21
-3699.633317290253
 31
0.0
  0
LINE
  5
1D632
330
1D619
100
AcDbEntity
  8
U0CO1
100
AcDbLine
 10
18304.37059567327
 20
-5329.52046576528
 30
0.0
 11
18556.63233501787
 21
-5329.52046576528
 31
0.0
  0
ENDBLK
  5
1D626
330
1D619
100
AcDbEntity
  8
0
100
AcDbBlockEnd
  0
BLOCK
  5
1EBC0
330
1EB8C
100
AcDbEntity
  8
0
100
AcDbBlockBegin
  2
A$C146860D7
 70
     0
 10
0.0
 20
0.0
 30
0.0
  3
A$C146860D7
  1

  0
TEXT
  5
1EB8D
330
1EB8C
100
AcDbEntity
  8
S0TX2
 62
     3
100
AcDbText
 10
-2738.097706759059
 20
8993.946225834296
 30
0.0
 40
250.0
  1
 9,60
  7
ROMANS
 72
     2
 11
-1690.478659140012
 21
8993.946225834296
 31
0.0
100
AcDbText
  0
TEXT
  5
1EB8E
330
1EB8C
100
AcDbEntity
  8
S0TX2
 62
     3
100
AcDbText
 10
-2449.775587721315
 20
8144.413306725079
 30
0.0
 40
250.0
  1
4,20
  7
ROMANS
 72
     2
 11
-1652.156540102267
 21
8144.413306725079
 31
0.0
100
AcDbText
  0
TEXT
  5
1EB8F
330
1EB8C
100
AcDbEntity
  8
S0TX2
 62
     3
100
AcDbText
 10
-2687.870825816443
 20
10933.27733762112
 30
0.0
 40
250.0
  1
36,25
  7
ROMANS
 72
     2
 11
-1652.156540102158
 21
10933.27733762112
 31
0.0
100
AcDbText
  0
TEXT
  5
1EB90
330
1EB8C
100
AcDbEntity
  8
S0TX2
 62
     3
100
AcDbText
 10
-2687.870825816553
 20
10003.65599398913
 30
0.0
 40
250.0
  1
33,90
  7
ROMANS
 72
     2
 11
-1652.156540102267
 21
10003.65599398913
 31
0.0
100
AcDbText
  0
TEXT
  5
1EB91
330
1EB8C
100
AcDbEntity
  8
S0TX2
 62
     3
100
AcDbText
 10
-2449.775587721206
 20
6161.22139311528
 30
0.0
 40
250.0
  1
2,50
  7
ROMANS
 72
     2
 11
-1652.156540102158
 21
6161.22139311528
 31
0.0
100
AcDbText
  0
TEXT
  5
1EB92
330
1EB8C
100
AcDbEntity
  8
S0TX2
 62
     3
100
AcDbText
 10
-2449.775587721206
 20
4257.4679501223
 30
0.0
 40
250.0
  1
2,90
  7
ROMANS
 72
     2
 11
-1652.156540102158
 21
4257.4679501223
 31
0.0
100
AcDbText
  0
TEXT
  5
1EB93
330
1EB8C
100
AcDbEntity
  8
S0TX2
 62
     3
100
AcDbText
 10
-2449.775587721206
 20
7214.791963093029
 30
0.0
 40
250.0
  1
6,60
  7
ROMANS
 72
     2
 11
-1652.156540102158
 21
7214.791963093029
 31
0.0
100
AcDbText
  0
TEXT
  5
1EB94
330
1EB8C
100
AcDbEntity
  8
S0TX2
 62
     3
100
AcDbText
 10
-2449.775587721206
 20
5231.600049483284
 30
0.0
 40
250.0
  1
2,70
  7
ROMANS
 72
     2
 11
-1652.156540102158
 21
5231.600049483284
 31
0.0
100
AcDbText
  0
LINE
  5
1EB95
330
1EB8C
100
AcDbEntity
  8
S0TX2
 62
     1
100
AcDbLine
 10
-11408.21161468979
 20
6025.678973406306
 30
0.0
 11
-185.0517880066254
 21
6025.678973406306
 31
0.0
  0
LINE
  5
1EB96
330
1EB8C
100
AcDbEntity
  8
S0TX2
 62
     1
100
AcDbLine
 10
-11408.21161468979
 20
4121.925530413325
 30
0.0
 11
-185.0517880066254
 21
4121.925530413325
 31
0.0
  0
LINE
  5
1EB97
330
1EB8C
100
AcDbEntity
  8
S0TX2
 62
     1
100
AcDbLine
 10
-11408.21161468979
 20
5096.05762977431
 30
0.0
 11
-185.0517880066254
 21
5096.05762977431
 31
0.0
  0
LINE
  5
1EB98
330
1EB8C
100
AcDbEntity
  8
S0TX2
 62
     1
100
AcDbLine
 10
-11408.21161468979
 20
7079.24954338405
 30
0.0
 11
-185.0517880066254
 21
7079.24954338405
 31
0.0
  0
LINE
  5
1EB99
330
1EB8C
100
AcDbEntity
  8
S0TX2
 62
     1
100
AcDbLine
 10
-11408.21161468979
 20
8008.870887016046
 30
0.0
 11
-185.0517880066254
 21
8008.870887016046
 31
0.0
  0
LINE
  5
1EB9A
330
1EB8C
100
AcDbEntity
  8
S0TX2
 62
     1
100
AcDbLine
 10
-11408.21161468979
 20
8938.492230648042
 30
0.0
 11
-185.0517880066254
 21
8938.492230648042
 31
0.0
  0
LINE
  5
1EB9B
330
1EB8C
100
AcDbEntity
  8
S0TX2
 62
     1
100
AcDbLine
 10
-11408.21161468979
 20
10797.73491791215
 30
0.0
 11
-185.0517880066254
 21
10797.73491791215
 31
0.0
  0
LINE
  5
1EB9C
330
1EB8C
100
AcDbEntity
  8
S0TX2
 62
     1
100
AcDbLine
 10
-11408.21161468979
 20
9868.113574280101
 30
0.0
 11
-185.0517880066254
 21
9868.113574280101
 31
0.0
  0
TEXT
  5
1EB9D
330
1EB8C
100
AcDbEntity
  8
S0TX2
 62
     3
100
AcDbText
 10
-2330.727968673587
 20
3327.846606490302
 30
0.0
 40
250.0
  1
430
  7
ROMANS
 72
     2
 11
-1652.156540102158
 21
3327.846606490302
 31
0.0
100
AcDbText
  0
LINE
  5
1EB9E
330
1EB8C
100
AcDbEntity
  8
S0TX2
 62
     1
100
AcDbLine
 10
-11408.21161468979
 20
3192.30418678133
 30
0.0
 11
-185.0517880066254
 21
3192.30418678133
 31
0.0
  0
TEXT
  5
1EB9F
330
1EB8C
100
AcDbEntity
  8
S0TX2
 62
     3
100
AcDbText
 10
-5035.970936961341
 20
689.1469516906218
 30
0.0
 40
250.0
  1
DNV +1A1 Ice C E0 R2
  7
ROMANS
 72
     2
 11
-369.3042702946768
 21
689.1469516906218
 31
0.0
100
AcDbText
  0
LINE
  5
1EBA0
330
1EB8C
100
AcDbEntity
  8
S0TX2
 62
     1
100
AcDbLine
 10
-11408.21161468979
 20
553.6045319815894
 30
0.0
 11
-185.0517880066254
 21
553.6045319815894
 31
0.0
  0
LINE
  5
1EBA1
330
1EB8C
100
AcDbEntity
  8
S0TX2
 62
     1
100
AcDbLine
 10
-11408.21161468979
 20
2262.682843149203
 30
0.0
 11
-185.0517880066254
 21
2262.682843149203
 31
0.0
  0
LWPOLYLINE
  5
1EBA2
330
1EB8C
100
AcDbEntity
  8
A0CO1
100
AcDbPolyline
 90
        4
 70
     1
 43
0.0
 10
-11711.07566053717
 20
12705.16657510452
 10
5.905813148070592
 20
12705.16657510452
 10
-0.000000000007276
 20
0.0
 10
-11713.30170231586
 20
1.064920798933599
  0
TEXT
  5
1EBA3
330
1EB8C
100
AcDbEntity
  8
S0TX2
 62
     3
100
AcDbText
 10
-11315.06267915096
 20
3342.146186400831
 30
0.0
 40
250.0
  1
GROSS TONNAGE
  7
ROMANS
100
AcDbText
  0
TEXT
  5
1EBA4
330
1EB8C
100
AcDbEntity
  8
S0TX2
 62
     3
100
AcDbText
 10
-11315.06267915096
 20
2414.271538093948
 30
0.0
 40
250.0
  1
FRAME DISTANCE
  7
ROMANS
100
AcDbText
  0
TEXT
  5
1EBA5
330
1EB8C
100
AcDbEntity
  8
S0TX2
 62
     3
100
AcDbText
 10
-11298.23086217348
 20
688.6362271930102
 30
0.0
 40
250.0
  1
ACC TO:
  7
ROMANS
100
AcDbText
  0
TEXT
  5
1EBA6
330
1EB8C
100
AcDbEntity
  8
S0TX2
 62
     3
100
AcDbText
 10
-11315.06267915096
 20
10943.05645137686
 30
0.0
 40
250.0
  1
LENGTH O.A.
  7
ROMANS
100
AcDbText
  0
LINE
  5
1EBA7
330
1EB8C
100
AcDbEntity
  8
S0TX2
 62
     1
100
AcDbLine
 10
-11444.88990899717
 20
11856.17358476283
 30
0.0
 11
-3473.511873193151
 21
11856.17358476283
 31
0.0
  0
TEXT
  5
1EBA8
330
1EB8C
100
AcDbEntity
  8
S0TX2
 62
     3
100
AcDbText
 10
-11325.32941906433
 20
7232.244083032113
 30
0.0
 40
250.0
  1
DEPTH TO A-DECK
  7
ROMANS
100
AcDbText
  0
TEXT
  5
1EBA9
330
1EB8C
100
AcDbEntity
  8
S0TX2
 62
     3
100
AcDbText
 10
-11315.06267915096
 20
6175.520973025805
 30
0.0
 40
250.0
  1
DRAUGHT NORM. OPERATIVE
  7
ROMANS
100
AcDbText
  0
TEXT
  5
1EBAA
330
1EB8C
100
AcDbEntity
  8
S0TX2
 62
     3
100
AcDbText
 10
-11315.06267915096
 20
5245.899629393811
 30
0.0
 40
250.0
  1
DRAUGHT MAX  LOADED
  7
ROMANS
100
AcDbText
  0
TEXT
  5
1EBAB
330
1EB8C
100
AcDbEntity
  8
S0TX2
 62
     3
100
AcDbText
 10
-11315.06267915096
 20
4271.767530032824
 30
0.0
 40
250.0
  1
SCANTLING DRAUGHT
  7
ROMANS
100
AcDbText
  0
TEXT
  5
1EBAC
330
1EB8C
100
AcDbEntity
  8
S0TX2
 62
     3
100
AcDbText
 10
-11304.79593923757
 20
10019.36141860297
 30
0.0
 40
250.0
  1
LENGTH BETW. PERP.
  7
ROMANS
100
AcDbText
  0
TEXT
  5
1EBAD
330
1EB8C
100
AcDbEntity
  8
S0TX2
 62
     3
100
AcDbText
 10
-11304.79593923757
 20
9089.740074970922
 30
0.0
 40
250.0
  1
BREADTH MOULDED
  7
ROMANS
100
AcDbText
  0
TEXT
  5
1EBAE
330
1EB8C
100
AcDbEntity
  8
S0TX2
 62
     3
100
AcDbText
 10
-11304.79593923757
 20
8160.118731338922
 30
0.0
 40
250.0
  1
DEPTH TO 1-DECK
  7
ROMANS
100
AcDbText
  0
TEXT
  5
1EBAF
330
1EB8C
100
AcDbEntity
  8
S0CO5
100
AcDbText
 10
-11234.39060521941
 20
12026.26417460163
 30
0.0
 40
312.5
  1
MAIN DIMENSIONS:
 41
1.399999999999999
  7
ROMANT
100
AcDbText
  0
TEXT
  5
1EBB1
330
1EB8C
100
AcDbEntity
  8
S0TX2
 62
     3
100
AcDbText
 10
-893.1137941042006
 20
2398.225262858236
 30
0.0
 40
250.0
  1
MM
  7
ROMANS
 72
     2
 11
-369.3042702946768
 21
2398.225262858236
 31
0.0
100
AcDbText
  0
TEXT
  5
1EBB2
330
1EB8C
100
AcDbEntity
  8
S0TX2
 62
     3
100
AcDbText
 10
-2330.727968673587
 20
2398.225262858236
 30
0.0
 40
250.0
  1
500
  7
ROMANS
 72
     2
 11
-1652.156540102158
 21
2398.225262858236
 31
0.0
100
AcDbText
  0
TEXT
  5
1EBB3
330
1EB8C
100
AcDbEntity
  8
S0TX2
 62
     3
100
AcDbText
 10
-607.3995083899148
 20
6161.22139311528
 30
0.0
 40
250.0
  1
M
  7
ROMANS
 72
     2
 11
-369.3042702946768
 21
6161.22139311528
 31
0.0
100
AcDbText
  0
TEXT
  5
1EBB4
330
1EB8C
100
AcDbEntity
  8
S0TX2
 62
     3
100
AcDbText
 10
-607.3995083899148
 20
4216.482287594394
 30
0.0
 40
250.0
  1
M
  7
ROMANS
 72
     2
 11
-369.3042702946768
 21
4216.482287594394
 31
0.0
100
AcDbText
  0
TEXT
  5
1EBB5
330
1EB8C
100
AcDbEntity
  8
S0TX2
 62
     3
100
AcDbText
 10
-607.3995083899148
 20
7214.791963093029
 30
0.0
 40
250.0
  1
M
  7
ROMANS
 72
     2
 11
-369.3042702946768
 21
7214.791963093029
 31
0.0
100
AcDbText
  0
TEXT
  5
1EBB6
330
1EB8C
100
AcDbEntity
  8
S0TX2
 62
     3
100
AcDbText
 10
-607.3995083899148
 20
5231.600049483284
 30
0.0
 40
250.0
  1
M
  7
ROMANS
 72
     2
 11
-369.3042702946768
 21
5231.600049483284
 31
0.0
100
AcDbText
  0
TEXT
  5
1EBB7
330
1EB8C
100
AcDbEntity
  8
S0TX2
 62
     3
100
AcDbText
 10
-607.399508390024
 20
8144.413306725079
 30
0.0
 40
250.0
  1
M
  7
ROMANS
 72
     2
 11
-369.304270294786
 21
8144.413306725079
 31
0.0
100
AcDbText
  0
TEXT
  5
1EBB8
330
1EB8C
100
AcDbEntity
  8
S0TX2
 62
     3
100
AcDbText
 10
-607.399508390024
 20
9074.034650357077
 30
0.0
 40
250.0
  1
M
  7
ROMANS
 72
     2
 11
-369.304270294786
 21
9074.034650357077
 31
0.0
100
AcDbText
  0
TEXT
  5
1EBB9
330
1EB8C
100
AcDbEntity
  8
S0TX2
 62
     3
100
AcDbText
 10
-607.3995083899148
 20
10933.27733762112
 30
0.0
 40
250.0
  1
M
  7
ROMANS
 72
     2
 11
-369.3042702946768
 21
10933.27733762112
 31
0.0
100
AcDbText
  0
TEXT
  5
1EBBA
330
1EB8C
100
AcDbEntity
  8
S0TX2
 62
     3
100
AcDbText
 10
-607.399508390024
 20
10003.65599398913
 30
0.0
 40
250.0
  1
M
  7
ROMANS
 72
     2
 11
-369.304270294786
 21
10003.65599398913
 31
0.0
100
AcDbText
  0
TEXT
  5
1EBBB
330
1EB8C
100
AcDbEntity
  8
S0TX2
 62
     3
100
AcDbText
 10
-11298.23086217348
 20
1618.257570825139
 30
0.0
 40
250.0
  1
CLASS:
  7
ROMANS
100
AcDbText
  0
LINE
  5
1EBBC
330
1EB8C
100
AcDbEntity
  8
S0TX2
 62
     1
100
AcDbLine
 10
-11408.21161468979
 20
1483.225875613716
 30
0.0
 11
-185.0517880066254
 21
1483.225875613716
 31
0.0
  0
TEXT
  5
1EBBD
330
1EB8C
100
AcDbEntity
  8
S0TX2
 62
     3
100
AcDbText
 10
-5309.780460770869
 20
1618.768295322748
 30
0.0
 40
250.0
  1
Sjøfartsdirektoratet (NMD)
  7
ROMANS
 72
     2
 11
-369.3042702946768
 21
1618.768295322748
 31
0.0
100
AcDbText
  0
ENDBLK
  5
1EBC1
330
1EB8C
100
AcDbEntity
  8
0
100
AcDbBlockEnd
  0
BLOCK
  5
1F00E
330
1F00D
100
AcDbEntity
  8
0
100
AcDbBlockBegin
  2
REV-1
 70
     2
 10
0.0
 20
0.0
 30
0.0
  3
REV-1
  1

  0
LINE
  5
1F00F
330
1F00D
100
AcDbEntity
  8
0
 62
     2
100
AcDbLine
 10
0.0
 20
0.0
 30
0.0
 11
0.0
 21
81.27606780768109
 31
0.0
  0
LINE
  5
1F010
330
1F00D
100
AcDbEntity
  8
0
 62
     1
100
AcDbLine
 10
-6.0
 20
81.27606780768109
 30
0.0
 11
-6.0
 21
0.0
 31
0.0
  0
LINE
  5
1F011
330
1F00D
100
AcDbEntity
  8
0
 62
     2
100
AcDbLine
 10
-6.0
 20
6.0
 30
0.0
 11
0.0
 21
6.0
 31
0.0
  0
LINE
  5
1F012
330
1F00D
100
AcDbEntity
  8
0
 62
     2
100
AcDbLine
 10
0.0
 20
60.2760678076811
 30
0.0
 11
-6.0
 21
60.2760678076811
 31
0.0
  0
LINE
  5
1F013
330
1F00D
100
AcDbEntity
  8
0
 62
     2
100
AcDbLine
 10
-6.0
 20
60.2760678076811
 30
0.0
 11
0.0
 21
60.2760678076811
 31
0.0
  0
LINE
  5
1F014
330
1F00D
100
AcDbEntity
  8
0
 62
     2
100
AcDbLine
 10
0.0
 20
73.2760678076811
 30
0.0
 11
-6.0
 21
73.2760678076811
 31
0.0
  0
LINE
  5
1F015
330
1F00D
100
AcDbEntity
  8
0
 62
     2
100
AcDbLine
 10
-6.0
 20
73.2760678076811
 30
0.0
 11
0.0
 21
73.2760678076811
 31
0.0
  0
LINE
  5
1F016
330
1F00D
100
AcDbEntity
  8
0
 62
     2
100
AcDbLine
 10
0.0
 20
81.27606780768109
 30
0.0
 11
-6.0
 21
81.27606780768109
 31
0.0
  0
LINE
  5
1F017
330
1F00D
100
AcDbEntity
  8
S0CO1
100
AcDbLine
 10
-6.0
 20
0.0
 30
0.0
 11
0.0
 21
-0.000000000007276
 31
0.0
  0
ATTDEF
  5
1F018
330
1F00D
100
AcDbEntity
  8
0
 62
     2
100
AcDbText
 10
-3.0
 20
3.0
 30
0.0
 40
1.5
  1

 50
90.0
 41
1.35
  7
ROMANS
 72
     4
 11
-3.0
 21
3.0
 31
0.0
100
AcDbAttributeDefinition
280
     0
  3
Revisjon:
  2
REV
 70
     0
280
     0
  0
ATTDEF
  5
1F019
330
1F00D
100
AcDbEntity
  8
0
 62
     2
100
AcDbText
 10
-2.25
 20
6.977149802216445
 30
0.0
 40
1.5
  1

 50
90.0
  7
ROMANS
100
AcDbAttributeDefinition
280
     0
  3
Rev. tekst:
  2
REV.BESKR
 70
     0
280
     0
  0
ATTDEF
  5
1F01A
330
1F00D
100
AcDbEntity
  8
0
 62
     2
100
AcDbText
 10
-3.0
 20
66.7760678076811
 30
0.0
 40
1.5
  1

 50
90.0
  7
ROMANS
 72
     4
 11
-3.0
 21
66.7760678076811
 31
0.0
100
AcDbAttributeDefinition
280
     0
  3
Revisjon dato:
  2
REVDATO
 70
     0
280
     0
  0
ATTDEF
  5
1F01B
330
1F00D
100
AcDbEntity
  8
0
 62
     2
100
AcDbText
 10
-3.0
 20
77.2760678076811
 30
0.0
 40
1.5
  1

 50
90.0
  7
ROMANS
 72
     4
 11
-3.0
 21
77.2760678076811
 31
0.0
100
AcDbAttributeDefinition
280
     0
  3
Signatur:
  2
SIGN.
 70
     0
280
     0
  0
ENDBLK
  5
1F01C
330
1F00D
100
AcDbEntity
  8
0
100
AcDbBlockEnd
  0
BLOCK
  5
1F01F
330
1F01D
100
AcDbEntity
  8
0
100
AcDbBlockBegin
  2
TF-2
 70
     2
 10
0.0
 20
0.0
 30
0.0
  3
TF-2
  1

  0
LINE
  5
21D77
330
1F01D
100
AcDbEntity
  8
0
 62
     1
440
 33554687
100
AcDbLine
 10
-180.0
 20
-10.0
 30
0.0
 11
-5.000000000000056
 21
-9.999999999992724
 31
0.0
  0
LINE
  5
21D78
330
1F01D
100
AcDbEntity
  8
0
 62
     4
440
 33554687
100
AcDbLine
 10
-172.9824193312558
 20
12.17780262450845
 30
0.0
 11
-69.98241933125587
 21
12.17780262450845
 31
0.0
  0
LINE
  5
21D79
330
1F01D
100
AcDbEntity
  8
0
 62
     4
440
 33554687
100
AcDbLine
 10
-173.0
 20
54.00000000000727
 30
0.0
 11
-5.000000000000056
 21
54.00000000000727
 31
0.0
  0
LINE
  5
21D7A
330
1F01D
100
AcDbEntity
  8
0
 62
     4
440
 33554687
100
AcDbLine
 10
-5.000000000000056
 20
71.27606780768838
 30
0.0
 11
-173.0
 21
71.27606780768838
 31
0.0
  0
LINE
  5
21D7B
330
1F01D
100
AcDbEntity
  8
0
 62
     2
440
 33554687
100
AcDbLine
 10
-86.27606780768088
 20
71.27606780768838
 30
0.0
 11
-4.999999999999829
 21
71.27606780768838
 31
0.0
  0
LINE
  5
21D7C
330
1F01D
100
AcDbEntity
  8
0
 62
     4
440
 33554687
100
AcDbLine
 10
-173.0
 20
-9.999999999992724
 30
0.0
 11
-173.0
 21
71.27606780768838
 31
0.0
  0
LINE
  5
21D7D
330
1F01D
100
AcDbEntity
  8
0
 62
     2
440
 33554687
100
AcDbLine
 10
-4.999999999999829
 20
71.27606780768838
 30
0.0
 11
-4.999999999999829
 21
77.27606780768837
 31
0.0
  0
TEXT
  5
21D7E
330
1F01D
100
AcDbEntity
  8
0
 62
     1
440
 33554687
100
AcDbText
 10
-68.54745488971531
 20
67.39871641374475
 30
0.0
 40
1.4
  1
SCALE:
 41
1.35
  7
ROMANS
100
AcDbText
  0
LINE
  5
21D7F
330
1F01D
100
AcDbEntity
  8
0
 62
     1
440
 33554687
100
AcDbLine
 10
-4.999999999999829
 20
77.27606780768837
 30
0.0
 11
-5.000000000000056
 21
-9.999999999992724
 31
0.0
  0
TEXT
  5
21D80
330
1F01D
100
AcDbEntity
  8
0
 62
     1
440
 33554687
100
AcDbText
 10
-36.55255780492741
 20
67.39955404656939
 30
0.0
 40
1.4
  1
SHEETS:
 41
1.35
  7
ROMANS
100
AcDbText
  0
LINE
  5
21D81
330
1F01D
100
AcDbEntity
  8
0
 62
     4
440
 33554687
100
AcDbLine
 10
-37.54823930404388
 20
54.00000000000727
 30
0.0
 11
-37.54823930404388
 21
71.27606780768838
 31
0.0
  0
TEXT
  5
21D82
330
1F01D
100
AcDbEntity
  8
0
 62
     1
440
 33554687
100
AcDbText
 10
-172.039015503382
 20
67.39955404656939
 30
0.0
 40
1.4
  1
PROJECT:
 41
1.35
  7
ROMANS
100
AcDbText
  0
ATTDEF
  5
21D83
330
1F01D
100
AcDbEntity
  8
0
 62
     4
440
 33554687
100
AcDbText
 10
-134.2194888942862
 20
62.44948260266875
 30
0.0
 40
3.0
  1

 41
1.5
  7
ROMANS
 72
     4
 11
-123.5052031800005
 21
63.94948260266875
 31
0.0
100
AcDbAttributeDefinition
280
     0
  3
PK prosjekt nr.:
  2
PROSJ
 70
     0
280
     0
  0
ATTDEF
  5
21D84
330
1F01D
100
AcDbEntity
  8
0
 62
     4
440
 33554687
100
AcDbText
 10
-33.27278998790528
 20
62.0816471514554
 30
0.0
 40
2.0
  1

  7
ROMANS
 72
     4
 11
-28.60612332123861
 21
63.0816471514554
 31
0.0
100
AcDbAttributeDefinition
280
     0
  3
Blad nr./total:
  2
SHEET
 70
     0
280
     0
  0
INSERT
  5
21D85
330
1F01D
100
AcDbEntity
  8
0
440
 33554687
100
AcDbBlockReference
  2
A$Ce4b58fa5
 10
-173.0
 20
-12.86496665953687
 30
0.0
  0
MTEXT
  5
21D86
330
1F01D
100
AcDbEntity
  8
% kommentar
 62
   142
420
    37299
440
 33554687
100
AcDbMText
 10
-109.7756500361048
 20
-4.582712867301976
 30
0.0
 40
1.6
 41
46.79408000000001
 46
0.0
 71
     5
 72
     5
  1
PASSION FOR IMPROVING LIFE AT SEA
  7
style1
 73
     1
 44
1.0
  0
MTEXT
  5
21D87
330
1F01D
100
AcDbEntity
  8
% kommentar
 62
   142
420
    37299
440
 33554687
100
AcDbMText
 10
-110.8205125420011
 20
-7.86530041147993
 30
0.0
 40
1.6
 41
46.79408000000001
 46
0.0
 71
     5
 72
     5
  1
www.polarkonsult.com
  7
style1
 73
     1
 44
1.0
  0
LINE
  5
21D88
330
1F01D
100
AcDbEntity
  8
0
 62
     4
440
 33554687
100
AcDbLine
 10
-5.000000000000056
 20
54.00000000000727
 30
0.0
 11
-5.000000000000056
 21
71.27606780768838
 31
0.0
  0
LINE
  5
21D89
330
1F01D
100
AcDbEntity
  8
0
 62
     4
440
 33554687
100
AcDbLine
 10
-5.000000000000056
 20
54.00000000000727
 30
0.0
 11
-5.000000000000056
 21
71.27606780768838
 31
0.0
  0
LINE
  5
21D8A
330
1F01D
100
AcDbEntity
  8
0
 62
     4
440
 33554687
100
AcDbLine
 10
-70.24777705422849
 20
53.65070236252086
 30
0.0
 11
-70.24777705422849
 21
70.92677017020196
 31
0.0
  0
ATTDEF
  5
21D8B
330
1F01D
100
AcDbEntity
  8
0
 62
     4
440
 33554687
100
AcDbText
 10
-136.890248875126
 20
56.31935923741349
 30
0.0
 40
3.0
  1

 41
1.5
  7
ROMANS
 72
     4
 11
-122.3188203036974
 21
57.81935923741349
 31
0.0
100
AcDbAttributeDefinition
280
     0
  3
drawing nr
  2
DRAWING
 70
     0
280
     0
  0
ATTDEF
  5
21D8C
330
1F01D
100
AcDbEntity
  8
0
 62
     4
440
 33554687
100
AcDbText
 10
-66.21295786946685
 20
62.21502902787324
 30
0.0
 40
2.0
  1

  7
ROMANS
 72
     4
 11
-61.64152929803828
 21
63.21502902787324
 31
0.0
100
AcDbAttributeDefinition
280
     0
  3
scale
  2
SCALE
 70
     0
280
     0
  0
LINE
  5
21D8D
330
1F01D
100
AcDbEntity
  8
0
 62
     4
440
 33554687
100
AcDbLine
 10
-172.8374382141629
 20
35.34408838878881
 30
0.0
 11
-4.837438214162943
 21
35.34408838878881
 31
0.0
  0
HATCH
  5
21D8E
330
1F01D
100
AcDbEntity
  8
0
 62
   154
420
    20638
440
 33554687
100
AcDbHatch
 10
0.0
 20
0.0
 30
0.0
210
0.0
220
0.0
230
1.0
  2
SOLID
 70
     1
 71
     0
 91
        2
 92
        1
 93
       84
 72
     1
 10
-150.4827236237557
 20
32.45910323185345
 11
-157.9786769166469
 21
32.45910323185345
 72
     1
 10
-157.9786769166469
 20
32.45910323185345
 11
-158.2859720330313
 21
32.4466805513752
 72
     1
 10
-158.2859720330313
 20
32.44668055137521
 11
-158.5864207245074
 21
32.41005617583525
 72
     1
 10
-158.5864207245074
 20
32.41005617583525
 11
-158.8790592766721
 21
32.35019560407574
 72
     1
 10
-158.8790592766721
 20
32.35019560407574
 11
-159.1629239751225
 21
32.26806433493884
 72
     1
 10
-159.1629239751226
 20
32.26806433493883
 11
-159.4370511054556
 21
32.16462786726668
 72
     1
 10
-159.4370511054557
 20
32.16462786726668
 11
-159.7004769532685
 21
32.04085169990146
 72
     1
 10
-159.7004769532685
 20
32.04085169990147
 11
-159.952237804158
 21
31.89770133168536
 72
     1
 10
-159.952237804158
 20
31.89770133168535
 11
-160.1913699437212
 21
31.7361422614605
 72
     1
 10
-160.1913699437212
 20
31.7361422614605
 11
-160.4169096575552
 21
31.55713998806906
 72
     1
 10
-160.4169096575552
 20
31.55713998806906
 11
-160.627893231257
 21
31.36166001035319
 72
     1
 10
-160.627893231257
 20
31.36166001035319
 11
-160.8233569504235
 21
31.15066782715507
 72
     1
 10
-160.8233569504235
 20
31.15066782715508
 11
-161.0023371006518
 21
30.92512893731686
 72
     1
 10
-161.0023371006518
 20
30.92512893731686
 11
-161.163869967539
 21
30.68600883968071
 72
     1
 10
-161.163869967539
 20
30.68600883968072
 11
-161.306991836682
 21
30.4342730330888
 72
     1
 10
-161.306991836682
 20
30.43427303308879
 11
-161.4307389936779
 21
30.17088701638326
 72
     1
 10
-161.4307389936779
 20
30.17088701638327
 11
-161.5341477241236
 21
29.89681628840629
 72
     1
 10
-161.5341477241236
 20
29.89681628840629
 11
-161.6162543136162
 21
29.61302634800003
 72
     1
 10
-161.6162543136162
 20
29.61302634800003
 11
-161.6760950477527
 21
29.32048269400664
 72
     1
 10
-161.6760950477527
 20
29.32048269400665
 11
-161.7127062121302
 21
29.0201508252683
 72
     1
 10
-161.7127062121302
 20
29.0201508252683
 11
-161.7251240923455
 21
28.71299624062716
 72
     1
 10
-161.7251240923455
 20
28.71299624062716
 11
-161.7251240923455
 21
21.21534406444219
 72
     1
 10
-161.7251240923455
 20
21.21534406444218
 11
-161.7127062121302
 21
20.90828878741396
 72
     1
 10
-161.7127062121302
 20
20.90828878741396
 11
-161.6760950477527
 21
20.60805113830469
 72
     1
 10
-161.6760950477527
 20
20.60805113830469
 11
-161.6162543136162
 21
20.31559661544677
 72
     1
 10
-161.6162543136162
 20
20.31559661544677
 11
-161.5341477241236
 21
20.0318907171726
 72
     1
 10
-161.5341477241236
 20
20.0318907171726
 11
-161.4307389936779
 21
19.75789894181456
 72
     1
 10
-161.4307389936779
 20
19.75789894181456
 11
-161.306991836682
 21
19.49458678770507
 72
     1
 10
-161.306991836682
 20
19.49458678770507
 11
-161.163869967539
 21
19.24291975317651
 72
     1
 10
-161.163869967539
 20
19.2429197531765
 11
-161.0023371006518
 21
19.00386333656127
 72
     1
 10
-161.0023371006518
 20
19.00386333656127
 11
-160.8233569504235
 21
18.77838303619175
 72
     1
 10
-160.8233569504235
 20
18.77838303619174
 11
-160.627893231257
 21
18.56744435040035
 72
     1
 10
-160.627893231257
 20
18.56744435040035
 11
-160.4169096575552
 21
18.37201277751946
 72
     1
 10
-160.4169096575552
 20
18.37201277751946
 11
-160.1913699437212
 21
18.19305381588148
 72
     1
 10
-160.1913699437212
 20
18.19305381588147
 11
-159.9522378041579
 21
18.0315329638188
 72
     1
 10
-159.952237804158
 20
18.0315329638188
 11
-159.7004769532685
 21
17.88841571966382
 72
     1
 10
-159.7004769532685
 20
17.88841571966382
 11
-159.4370511054557
 21
17.76466758174892
 72
     1
 10
-159.4370511054557
 20
17.76466758174893
 11
-159.1629239751226
 21
17.66125404840653
 72
     1
 10
-159.1629239751226
 20
17.66125404840652
 11
-158.8790592766722
 21
17.579140617969
 72
     1
 10
-158.8790592766721
 20
17.57914061796901
 11
-158.5864207245074
 21
17.51929278876877
 72
     1
 10
-158.5864207245074
 20
17.51929278876876
 11
-158.2859720330313
 21
17.48267605913819
 72
     1
 10
-158.2859720330313
 20
17.4826760591382
 11
-157.9786769166468
 21
17.4702559274097
 72
     1
 10
-157.9786769166469
 20
17.47025592740969
 11
-150.4827236237557
 21
17.47025592740969
 72
     1
 10
-150.4827236237557
 20
17.47025592740969
 11
-150.1754795335978
 21
17.48267605913819
 72
     1
 10
-150.1754795335978
 20
17.4826760591382
 11
-149.8750815946034
 21
17.51929278876877
 72
     1
 10
-149.8750815946034
 20
17.51929278876876
 11
-149.5824932678213
 21
17.579140617969
 72
     1
 10
-149.5824932678213
 20
17.57914061796901
 11
-149.2986780143003
 21
17.66125404840653
 72
     1
 10
-149.2986780143003
 20
17.66125404840653
 11
-149.0245992950893
 21
17.76466758174892
 72
     1
 10
-149.0245992950893
 20
17.76466758174893
 11
-148.7612205712371
 21
17.88841571966381
 72
     1
 10
-148.7612205712371
 20
17.88841571966381
 11
-148.5095053037925
 21
18.03153296381879
 72
     1
 10
-148.5095053037925
 20
18.0315329638188
 11
-148.2704169538043
 21
18.19305381588148
 72
     1
 10
-148.2704169538043
 20
18.19305381588147
 11
-148.0449189823212
 21
18.37201277751946
 72
     1
 10
-148.0449189823212
 20
18.37201277751946
 11
-147.8339748503922
 21
18.56744435040035
 72
     1
 10
-147.8339748503922
 20
18.56744435040035
 11
-147.638548019066
 21
18.77838303619174
 72
     1
 10
-147.638548019066
 20
18.77838303619174
 11
-147.4596019493915
 21
19.00386333656126
 72
     1
 10
-147.4596019493915
 20
19.00386333656127
 11
-147.2981001024175
 21
19.2429197531765
 72
     1
 10
-147.2981001024175
 20
19.2429197531765
 11
-147.1550059391927
 21
19.49458678770507
 72
     1
 10
-147.1550059391927
 20
19.49458678770507
 11
-147.0312829207661
 21
19.75789894181456
 72
     1
 10
-147.031282920766
 20
19.75789894181456
 11
-146.9278945081863
 21
20.0318907171726
 72
     1
 10
-146.9278945081863
 20
20.0318907171726
 11
-146.8458041625022
 21
20.31559661544677
 72
     1
 10
-146.8458041625022
 20
20.31559661544677
 11
-146.7859753447627
 21
20.60805113830469
 72
     1
 10
-146.7859753447627
 20
20.60805113830469
 11
-146.7493715160165
 21
20.90828878741396
 72
     1
 10
-146.7493715160165
 20
20.90828878741396
 11
-146.7369561373125
 21
21.21534406444218
 72
     1
 10
-146.7369561373125
 20
21.21534406444218
 11
-146.7369561373125
 21
28.71299624062716
 72
     1
 10
-146.7369561373125
 20
28.71299624062716
 11
-146.7493715160165
 21
29.0201508252683
 72
     1
 10
-146.7493715160165
 20
29.02015082526829
 11
-146.7859753447627
 21
29.32048269400664
 72
     1
 10
-146.7859753447627
 20
29.32048269400665
 11
-146.8458041625022
 21
29.61302634800003
 72
     1
 10
-146.8458041625022
 20
29.61302634800003
 11
-146.9278945081863
 21
29.8968162884063
 72
     1
 10
-146.9278945081863
 20
29.8968162884063
 11
-147.031282920766
 21
30.17088701638327
 72
     1
 10
-147.031282920766
 20
30.17088701638327
 11
-147.1550059391927
 21
30.4342730330888
 72
     1
 10
-147.1550059391927
 20
30.43427303308879
 11
-147.2981001024175
 21
30.68600883968071
 72
     1
 10
-147.2981001024175
 20
30.68600883968072
 11
-147.4596019493916
 21
30.92512893731687
 72
     1
 10
-147.4596019493915
 20
30.92512893731686
 11
-147.638548019066
 21
31.15066782715508
 72
     1
 10
-147.638548019066
 20
31.15066782715508
 11
-147.8339748503922
 21
31.3616600103532
 72
     1
 10
-147.8339748503922
 20
31.3616600103532
 11
-148.0449189823212
 21
31.55713998806906
 72
     1
 10
-148.0449189823212
 20
31.55713998806906
 11
-148.2704169538043
 21
31.7361422614605
 72
     1
 10
-148.2704169538043
 20
31.7361422614605
 11
-148.5095053037925
 21
31.89770133168535
 72
     1
 10
-148.5095053037925
 20
31.89770133168535
 11
-148.7612205712371
 21
32.04085169990147
 72
     1
 10
-148.7612205712371
 20
32.04085169990147
 11
-149.0245992950893
 21
32.16462786726668
 72
     1
 10
-149.0245992950893
 20
32.16462786726668
 11
-149.2986780143003
 21
32.26806433493882
 72
     1
 10
-149.2986780143003
 20
32.26806433493882
 11
-149.5824932678213
 21
32.35019560407573
 72
     1
 10
-149.5824932678213
 20
32.35019560407574
 11
-149.8750815946034
 21
32.41005617583525
 72
     1
 10
-149.8750815946034
 20
32.41005617583525
 11
-150.1754795335978
 21
32.44668055137521
 72
     1
 10
-150.1754795335978
 20
32.44668055137521
 11
-150.4827236237557
 21
32.45910323185345
 97
        0
 92
        1
 93
        4
 72
     1
 10
-150.4827236237557
 20
21.21534406444218
 11
-157.9786769166469
 21
21.21534406444218
 72
     1
 10
-157.9786769166469
 20
21.21534406444218
 11
-157.9786769166469
 21
28.71299624062716
 72
     1
 10
-157.9786769166469
 20
28.71299624062716
 11
-150.4827236237557
 21
28.71299624062716
 72
     1
 10
-150.4827236237557
 20
28.71299624062716
 11
-150.4827236237557
 21
21.21534406444219
 97
        0
 75
     0
 76
     1
 98
        1
 10
-161.7251240923455
 20
32.45910323185345
450
        0
451
        0
460
0.0
461
0.0
452
        0
462
0.0
453
        0
470

  0
HATCH
  5
21D8F
330
1F01D
100
AcDbEntity
  8
0
 62
   154
420
    20638
440
 33554687
100
AcDbHatch
 10
0.0
 20
0.0
 30
0.0
210
0.0
220
0.0
230
1.0
  2
SOLID
 70
     1
 71
     0
 91
        1
 92
        1
 93
       80
 72
     1
 10
-154.2559505561167
 20
28.06501448900301
 11
-154.508133069228
 21
28.05481375513872
 72
     1
 10
-154.508133069228
 20
28.05481375513873
 11
-154.7546925980906
 21
28.02474052170888
 72
     1
 10
-154.7546925980906
 20
28.02474052170887
 11
-154.9948387490618
 21
27.97558824095796
 72
     1
 10
-154.9948387490618
 20
27.97558824095797
 11
-155.2277811284985
 21
27.90815036513052
 72
     1
 10
-155.2277811284985
 20
27.90815036513052
 11
-155.452729342758
 21
27.82322034647104
 72
     1
 10
-155.452729342758
 20
27.82322034647104
 11
-155.6688929981974
 21
27.72159163722402
 72
     1
 10
-155.6688929981974
 20
27.72159163722403
 11
-155.8754817011738
 21
27.60405768963399
 72
     1
 10
-155.8754817011738
 20
27.60405768963399
 11
-156.0717050580444
 21
27.47141195594544
 72
     1
 10
-156.0717050580444
 20
27.47141195594543
 11
-156.2567726751663
 21
27.32444788840288
 72
     1
 10
-156.2567726751663
 20
27.32444788840288
 11
-156.4298941588967
 21
27.16395893925084
 72
     1
 10
-156.4298941588967
 20
27.16395893925084
 11
-156.5902791155927
 21
26.9907385607338
 72
     1
 10
-156.5902791155927
 20
26.9907385607338
 11
-156.7371371516114
 21
26.80558020509629
 72
     1
 10
-156.7371371516114
 20
26.80558020509629
 11
-156.86967787331
 21
26.60927732458281
 72
     1
 10
-156.86967787331
 20
26.60927732458281
 11
-156.9871108870456
 21
26.40262337143787
 72
     1
 10
-156.9871108870456
 20
26.40262337143787
 11
-157.0886457991754
 21
26.18641179790598
 72
     1
 10
-157.0886457991754
 20
26.18641179790598
 11
-157.1734922160564
 21
25.96143605623164
 72
     1
 10
-157.1734922160564
 20
25.96143605623164
 11
-157.2408597440459
 21
25.72848959865937
 72
     1
 10
-157.2408597440459
 20
25.72848959865937
 11
-157.289957989501
 21
25.48836587743367
 72
     1
 10
-157.289957989501
 20
25.48836587743367
 11
-157.3199965587789
 21
25.24185834479905
 72
     1
 10
-157.3199965587789
 20
25.24185834479905
 11
-157.3301850582366
 21
24.98976045300003
 72
     1
 10
-157.3301850582366
 20
24.98976045300003
 11
-157.3199965587789
 21
24.7375319358861
 72
     1
 10
-157.3199965587789
 20
24.7375319358861
 11
-157.2899579895011
 21
24.49093583829717
 72
     1
 10
-157.289957989501
 20
24.49093583829716
 11
-157.2408597440459
 21
24.2507617887159
 72
     1
 10
-157.2408597440459
 20
24.25076178871591
 11
-157.1734922160564
 21
24.01779941562499
 72
     1
 10
-157.1734922160564
 20
24.01779941562499
 11
-157.0886457991753
 21
23.79283834750711
 72
     1
 10
-157.0886457991754
 20
23.7928383475071
 11
-156.9871108870456
 21
23.57666821284493
 72
     1
 10
-156.9871108870456
 20
23.57666821284493
 11
-156.86967787331
 21
23.37007864012115
 72
     1
 10
-156.86967787331
 20
23.37007864012114
 11
-156.7371371516114
 21
23.17385925781842
 72
     1
 10
-156.7371371516114
 20
23.17385925781842
 11
-156.5902791155927
 21
22.98879969441945
 72
     1
 10
-156.5902791155927
 20
22.98879969441945
 11
-156.4298941588967
 21
22.81568957840691
 72
     1
 10
-156.4298941588967
 20
22.81568957840692
 11
-156.2567726751663
 21
22.65531853826348
 72
     1
 10
-156.2567726751663
 20
22.65531853826348
 11
-156.0717050580444
 21
22.50847620247185
 72
     1
 10
-156.0717050580444
 20
22.50847620247184
 11
-155.8754817011738
 21
22.37595219951467
 72
     1
 10
-155.8754817011738
 20
22.37595219951467
 11
-155.6688929981974
 21
22.25853615787465
 72
     1
 10
-155.6688929981974
 20
22.25853615787465
 11
-155.452729342758
 21
22.15701770603446
 72
     1
 10
-155.452729342758
 20
22.15701770603446
 11
-155.2277811284985
 21
22.07218647247678
 72
     1
 10
-155.2277811284985
 20
22.07218647247678
 11
-154.9948387490618
 21
22.00483208568428
 72
     1
 10
-154.9948387490618
 20
22.00483208568428
 11
-154.7546925980906
 21
21.95574417413967
 72
     1
 10
-154.7546925980906
 20
21.95574417413966
 11
-154.508133069228
 21
21.92571236632559
 72
     1
 10
-154.508133069228
 20
21.92571236632559
 11
-154.2559505561166
 21
21.91552629072475
 72
     1
 10
-154.2559505561167
 20
21.91552629072475
 11
-154.0038140494718
 21
21.92571236632559
 72
     1
 10
-154.0038140494718
 20
21.92571236632559
 11
-153.7572910963872
 21
21.95574417413966
 72
     1
 10
-153.7572910963872
 20
21.95574417413966
 11
-153.5171728551561
 21
22.00483208568428
 72
     1
 10
-153.5171728551562
 20
22.00483208568428
 11
-153.2842504840719
 21
22.07218647247678
 72
     1
 10
-153.2842504840718
 20
22.07218647247677
 11
-153.0593151414276
 21
22.15701770603446
 72
     1
 10
-153.0593151414277
 20
22.15701770603446
 11
-152.8431579855167
 21
22.25853615787465
 72
     1
 10
-152.8431579855167
 20
22.25853615787465
 11
-152.6365701746325
 21
22.37595219951467
 72
     1
 10
-152.6365701746325
 20
22.37595219951467
 11
-152.4403428670681
 21
22.50847620247184
 72
     1
 10
-152.4403428670681
 20
22.50847620247184
 11
-152.2552672211169
 21
22.65531853826347
 72
     1
 10
-152.2552672211168
 20
22.65531853826348
 11
-152.082134395072
 21
22.81568957840692
 72
     1
 10
-152.082134395072
 20
22.81568957840692
 11
-151.9217355472269
 21
22.98879969441945
 72
     1
 10
-151.9217355472269
 20
22.98879969441945
 11
-151.7748618358747
 21
23.17385925781842
 72
     1
 10
-151.7748618358747
 20
23.17385925781842
 11
-151.6423044193088
 21
23.37007864012114
 72
     1
 10
-151.6423044193088
 20
23.37007864012114
 11
-151.5248544558224
 21
23.57666821284492
 72
     1
 10
-151.5248544558223
 20
23.57666821284492
 11
-151.4233031037087
 21
23.7928383475071
 72
     1
 10
-151.4233031037087
 20
23.7928383475071
 11
-151.3384415212611
 21
24.01779941562499
 72
     1
 10
-151.3384415212611
 20
24.01779941562499
 11
-151.2710608667729
 21
24.25076178871591
 72
     1
 10
-151.2710608667729
 20
24.25076178871591
 11
-151.2219522985372
 21
24.49093583829717
 72
     1
 10
-151.2219522985372
 20
24.49093583829717
 11
-151.1919069748474
 21
24.7375319358861
 72
     1
 10
-151.1919069748474
 20
24.7375319358861
 11
-151.1817160539967
 21
24.98976045300002
 72
     1
 10
-151.1817160539967
 20
24.98976045300003
 11
-151.1919069748474
 21
25.24185834479905
 72
     1
 10
-151.1919069748474
 20
25.24185834479905
 11
-151.2219522985372
 21
25.48836587743367
 72
     1
 10
-151.2219522985372
 20
25.48836587743366
 11
-151.2710608667729
 21
25.72848959865936
 72
     1
 10
-151.2710608667729
 20
25.72848959865937
 11
-151.3384415212611
 21
25.96143605623164
 72
     1
 10
-151.3384415212611
 20
25.96143605623164
 11
-151.4233031037087
 21
26.18641179790598
 72
     1
 10
-151.4233031037087
 20
26.18641179790598
 11
-151.5248544558223
 21
26.40262337143787
 72
     1
 10
-151.5248544558223
 20
26.40262337143787
 11
-151.6423044193087
 21
26.60927732458281
 72
     1
 10
-151.6423044193088
 20
26.60927732458281
 11
-151.7748618358747
 21
26.80558020509629
 72
     1
 10
-151.7748618358747
 20
26.80558020509629
 11
-151.9217355472269
 21
26.99073856073381
 72
     1
 10
-151.9217355472269
 20
26.9907385607338
 11
-152.082134395072
 21
27.16395893925084
 72
     1
 10
-152.082134395072
 20
27.16395893925084
 11
-152.2552672211168
 21
27.32444788840288
 72
     1
 10
-152.2552672211168
 20
27.32444788840288
 11
-152.4403428670681
 21
27.47141195594544
 72
     1
 10
-152.4403428670681
 20
27.47141195594543
 11
-152.6365701746325
 21
27.60405768963398
 72
     1
 10
-152.6365701746325
 20
27.60405768963399
 11
-152.8431579855168
 21
27.72159163722403
 72
     1
 10
-152.8431579855167
 20
27.72159163722403
 11
-153.0593151414277
 21
27.82322034647104
 72
     1
 10
-153.0593151414277
 20
27.82322034647104
 11
-153.2842504840719
 21
27.90815036513052
 72
     1
 10
-153.2842504840718
 20
27.90815036513052
 11
-153.5171728551561
 21
27.97558824095797
 72
     1
 10
-153.5171728551562
 20
27.97558824095797
 11
-153.7572910963872
 21
28.02474052170888
 72
     1
 10
-153.7572910963872
 20
28.02474052170887
 11
-154.0038140494718
 21
28.05481375513872
 72
     1
 10
-154.0038140494718
 20
28.05481375513873
 11
-154.2559505561167
 21
28.06501448900301
 97
        0
 75
     0
 76
     1
 98
        1
 10
-161.7251240923455
 20
32.45910323185345
450
        0
451
        0
460
0.0
461
0.0
452
        0
462
0.0
453
        0
470

  0
HATCH
  5
21D90
330
1F01D
100
AcDbEntity
  8
0
 62
    18
420
        0
440
 33554687
100
AcDbHatch
 10
0.0
 20
0.0
 30
0.0
210
0.0
220
0.0
230
1.0
  2
SOLID
 70
     1
 71
     0
 91
        1
 92
        1
 93
       25
 72
     1
 10
-136.2517971283059
 20
32.44316485865924
 11
-128.9522743700665
 21
21.83151635891416
 72
     1
 10
-128.9522743700665
 20
21.83151635891416
 11
-128.9522743700665
 21
29.99628353926246
 72
     1
 10
-128.9522743700665
 20
29.99628353926246
 11
-128.9733447369835
 21
31.93815574190596
 72
     1
 10
-128.9733447369835
 20
31.93815574190596
 11
-131.1670418087483
 21
31.93815574190596
 72
     1
 10
-131.1670418087483
 20
31.93815574190596
 11
-131.1670418087483
 21
32.44316485865924
 72
     1
 10
-131.1670418087483
 20
32.44316485865924
 11
-126.4625726275803
 21
32.44316485865924
 72
     1
 10
-126.4625726275803
 20
32.44316485865924
 11
-126.4625726275803
 21
31.93815574190596
 72
     1
 10
-126.4625726275803
 20
31.93815574190596
 11
-128.2770030948385
 21
31.93815574190596
 72
     1
 10
-128.2770030948385
 20
31.93815574190596
 11
-128.2980734617556
 21
29.99628353926246
 72
     1
 10
-128.2980734617556
 20
29.99628353926246
 11
-128.2980734617556
 21
17.35882053414421
 72
     1
 10
-128.2980734617556
 20
17.35882053414421
 11
-128.6355391770557
 21
17.25312987446525
 72
     1
 10
-128.6355391770557
 20
17.25312987446526
 11
-138.4247636777813
 21
31.4943186581376
 72
     1
 10
-138.4247636777813
 20
31.4943186581376
 11
-138.4247636777813
 21
20.05888610117302
 72
     1
 10
-138.4247636777813
 20
20.05888610117302
 11
-138.404033155492
 21
18.0551621762892
 72
     1
 10
-138.404033155492
 20
18.05516217628921
 11
-136.1471249829762
 21
18.05516217628921
 72
     1
 10
-136.1471249829761
 20
18.05516217628921
 11
-136.1471249829761
 21
17.54879436071441
 72
     1
 10
-136.1471249829761
 20
17.54879436071441
 11
-141.019477410225
 21
17.54879436071441
 72
     1
 10
-141.019477410225
 20
17.54879436071441
 11
-141.019477410225
 21
18.05516217628921
 72
     1
 10
-141.019477410225
 20
18.05516217628921
 11
-139.0789645860923
 21
18.05516217628921
 72
     1
 10
-139.0789645860923
 20
18.05516217628921
 11
-139.0582340638029
 21
20.05888610117302
 72
     1
 10
-139.0582340638029
 20
20.05888610117302
 11
-139.0582340638029
 21
29.99628353926246
 72
     1
 10
-139.0582340638029
 20
29.99628353926246
 11
-139.0789645860923
 21
31.93815574190596
 72
     1
 10
-139.0789645860923
 20
31.93815574190596
 11
-141.019477410225
 21
31.93815574190596
 72
     1
 10
-141.019477410225
 20
31.93815574190596
 11
-141.019477410225
 21
32.44316485865924
 72
     1
 10
-141.019477410225
 20
32.44316485865924
 11
-136.2517971283059
 21
32.44316485865924
 97
        0
 75
     0
 76
     1
 98
        1
 10
-161.7251240923455
 20
32.45910323185345
450
        0
451
        0
460
0.0
461
0.0
452
        0
462
0.0
453
        0
470

  0
HATCH
  5
21D91
330
1F01D
100
AcDbEntity
  8
0
 62
    18
420
        0
440
 33554687
100
AcDbHatch
 10
0.0
 20
0.0
 30
0.0
210
0.0
220
0.0
230
1.0
  2
SOLID
 70
     1
 71
     0
 91
        1
 92
        1
 93
       98
 72
     1
 10
-111.9051251130652
 20
32.44316485865924
 11
-111.9051251130652
 21
27.67616426599554
 72
     1
 10
-111.9051251130652
 20
27.67616426599554
 11
-112.5382556544591
 21
27.67616426599554
 72
     1
 10
-112.5382556544591
 20
27.67616426599554
 11
-112.5480148451908
 21
27.78830296771803
 72
     1
 10
-112.5480148451908
 20
27.78830296771804
 11
-112.5585012184647
 21
27.90326679783057
 72
     1
 10
-112.5585012184647
 20
27.90326679783056
 11
-112.570125901319
 21
28.02104148285874
 72
     1
 10
-112.570125901319
 20
28.02104148285874
 11
-112.5833000207922
 21
28.14161274932822
 72
     1
 10
-112.5833000207922
 20
28.14161274932822
 11
-112.5984347039225
 21
28.26496632376462
 72
     1
 10
-112.5984347039225
 20
28.26496632376462
 11
-112.6159410777483
 21
28.39108793269359
 72
     1
 10
-112.6159410777483
 20
28.39108793269359
 11
-112.636230269308
 21
28.51996330264076
 72
     1
 10
-112.636230269308
 20
28.51996330264077
 11
-112.6597134056399
 21
28.65157816013178
 72
     1
 10
-112.6597134056399
 20
28.65157816013178
 11
-112.6868016137824
 21
28.78591823169228
 72
     1
 10
-112.6868016137824
 20
28.78591823169228
 11
-112.7179060207738
 21
28.92296924384789
 72
     1
 10
-112.7179060207738
 20
28.92296924384789
 11
-112.7534377536526
 21
29.06271692312424
 72
     1
 10
-112.7534377536526
 20
29.06271692312424
 11
-112.7938079394569
 21
29.205146996047
 72
     1
 10
-112.7938079394569
 20
29.205146996047
 11
-112.8394277052253
 21
29.35024518914178
 72
     1
 10
-112.8394277052253
 20
29.35024518914178
 11
-112.8907081779959
 21
29.49799722893422
 72
     1
 10
-112.8907081779959
 20
29.49799722893422
 11
-112.9480604848073
 21
29.64838884194996
 72
     1
 10
-112.9480604848073
 20
29.64838884194996
 11
-113.0118957526977
 21
29.80140575471463
 72
     1
 10
-113.0118957526977
 20
29.80140575471463
 11
-113.0826251087055
 21
29.95703369375389
 72
     1
 10
-113.0826251087055
 20
29.95703369375388
 11
-113.1606596798691
 21
30.11525838559334
 72
     1
 10
-113.1606596798691
 20
30.11525838559334
 11
-113.2464105932268
 21
30.27606555675864
 72
     1
 10
-113.2464105932268
 20
30.27606555675864
 11
-113.3402889758169
 21
30.43944093377543
 72
     1
 10
-113.3402889758169
 20
30.43944093377543
 11
-113.4561958322907
 21
30.62341811692881
 72
     1
 10
-113.4561958322907
 20
30.62341811692881
 11
-113.5760041900516
 21
30.78995464371125
 72
     1
 10
-113.5760041900516
 20
30.78995464371125
 11
-113.6994915358296
 21
30.93995127230845
 72
     1
 10
-113.6994915358296
 20
30.93995127230845
 11
-113.8264353563547
 21
31.07430876090612
 72
     1
 10
-113.8264353563547
 20
31.07430876090611
 11
-113.9566131383569
 21
31.19392786768994
 72
     1
 10
-113.9566131383569
 20
31.19392786768995
 11
-114.0898023685663
 21
31.29970935084565
 72
     1
 10
-114.0898023685663
 20
31.29970935084565
 11
-114.2257805337129
 21
31.39255396855893
 72
     1
 10
-114.2257805337129
 20
31.39255396855892
 11
-114.3643251205266
 21
31.47336247901547
 72
     1
 10
-114.3643251205266
 20
31.47336247901547
 11
-114.5052136157376
 21
31.543035640401
 72
     1
 10
-114.5052136157376
 20
31.543035640401
 11
-114.6482235060757
 21
31.60247421090121
 72
     1
 10
-114.6482235060757
 20
31.60247421090121
 11
-114.7931322782712
 21
31.65257894870181
 72
     1
 10
-114.7931322782712
 20
31.65257894870181
 11
-114.9397174190538
 21
31.69425061198849
 72
     1
 10
-114.9397174190538
 20
31.69425061198849
 11
-115.0877564151538
 21
31.72838995894695
 72
     1
 10
-115.0877564151538
 20
31.72838995894695
 11
-115.237026753301
 21
31.75589774776292
 72
     1
 10
-115.237026753301
 20
31.75589774776292
 11
-115.3873059202256
 21
31.77767473662208
 72
     1
 10
-115.3873059202256
 20
31.77767473662208
 11
-115.5383714026575
 21
31.79462168371014
 72
     1
 10
-115.5383714026574
 20
31.79462168371014
 11
-115.6900006873267
 21
31.80763934721281
 72
     1
 10
-115.6900006873267
 20
31.80763934721281
 11
-115.8419712609632
 21
31.81762848531577
 72
     1
 10
-115.8419712609632
 20
31.81762848531577
 11
-115.9940606102972
 21
31.82548985620475
 72
     1
 10
-115.9940606102972
 20
31.82548985620475
 11
-116.1460462220586
 21
31.83212421806543
 72
     1
 10
-116.1460462220586
 20
31.83212421806543
 11
-117.3280258371783
 21
31.83212421806543
 72
     1
 10
-117.3280258371783
 20
31.83212421806543
 11
-117.3484165148399
 21
29.93307243851138
 72
     1
 10
-117.34841651484
 20
29.93307243851138
 11
-117.34841651484
 21
20.2077394074815
 72
     1
 10
-117.34841651484
 20
20.20773940748151
 11
-117.3280258371783
 21
18.05516217628921
 72
     1
 10
-117.3280258371783
 20
18.05516217628921
 11
-115.0486879192347
 21
18.05516217628921
 72
     1
 10
-115.0486879192347
 20
18.05516217628921
 11
-115.0486879192347
 21
17.54879436071441
 72
     1
 10
-115.0486879192347
 20
17.54879436071441
 11
-121.9682643837121
 21
17.54879436071441
 72
     1
 10
-121.9682643837121
 20
17.54879436071441
 11
-121.9682643837121
 21
18.05516217628921
 72
     1
 10
-121.9682643837121
 20
18.05516217628921
 11
-119.690625688907
 21
18.05516217628921
 72
     1
 10
-119.690625688907
 20
18.05516217628921
 11
-119.6688756327346
 21
20.2077394074815
 72
     1
 10
-119.6688756327345
 20
20.20773940748151
 11
-119.6688756327345
 21
29.93307243851138
 72
     1
 10
-119.6688756327345
 20
29.93307243851138
 11
-119.690625688907
 21
31.83212421806543
 72
     1
 10
-119.690625688907
 20
31.83212421806543
 11
-120.6612216057564
 21
31.83212421806543
 72
     1
 10
-120.6612216057564
 20
31.83212421806543
 11
-120.8425520448374
 21
31.82894238025807
 72
     1
 10
-120.8425520448374
 20
31.82894238025807
 11
-121.0196381635985
 21
31.82500073482434
 72
     1
 10
-121.0196381635985
 20
31.82500073482434
 11
-121.1926706141111
 21
31.81922341863411
 72
     1
 10
-121.1926706141111
 20
31.81922341863412
 11
-121.3618400484468
 21
31.81053456855729
 72
     1
 10
-121.3618400484468
 20
31.81053456855729
 11
-121.5273371186771
 21
31.79785832146372
 72
     1
 10
-121.527337118677
 20
31.79785832146372
 11
-121.6893524768733
 21
31.7801188142233
 72
     1
 10
-121.6893524768733
 20
31.7801188142233
 11
-121.8480767751071
 21
31.7562401837059
 72
     1
 10
-121.848076775107
 20
31.7562401837059
 11
-122.0037006654498
 21
31.7251465667814
 72
     1
 10
-122.0037006654498
 20
31.72514656678141
 11
-122.156414799973
 21
31.68576210031968
 72
     1
 10
-122.1564147999731
 20
31.68576210031968
 11
-122.3064098307482
 21
31.63701092119061
 72
     1
 10
-122.3064098307483
 20
31.63701092119062
 11
-122.4538764098469
 21
31.57781716626408
 72
     1
 10
-122.4538764098469
 20
31.57781716626408
 11
-122.5990051893405
 21
31.50710497240996
 72
     1
 10
-122.5990051893405
 20
31.50710497240996
 11
-122.7419868213005
 21
31.42379847649813
 72
     1
 10
-122.7419868213005
 20
31.42379847649812
 11
-122.8830119577984
 21
31.32682181539845
 72
     1
 10
-122.8830119577984
 20
31.32682181539845
 11
-123.0222712509058
 21
31.21509912598082
 72
     1
 10
-123.0222712509058
 20
31.21509912598082
 11
-123.159955352694
 21
31.08755454511512
 72
     1
 10
-123.159955352694
 20
31.08755454511511
 11
-123.2962549152346
 21
30.94311220967121
 72
     1
 10
-123.2962549152346
 20
30.94311220967121
 11
-123.431360590599
 21
30.78069625651898
 72
     1
 10
-123.431360590599
 20
30.78069625651898
 11
-123.5654630308588
 21
30.59923082252831
 72
     1
 10
-123.5654630308588
 20
30.59923082252831
 11
-123.6987528880854
 21
30.39764004456906
 72
     1
 10
-123.6987528880854
 20
30.39764004456907
 11
-123.7984862013464
 21
30.23156277532038
 72
     1
 10
-123.7984862013464
 20
30.23156277532037
 11
-123.8891912917773
 21
30.06892974641221
 72
     1
 10
-123.8891912917773
 20
30.06892974641221
 11
-123.971326694232
 21
29.90969329463553
 72
     1
 10
-123.971326694232
 20
29.90969329463553
 11
-124.0453509435647
 21
29.7538057567813
 72
     1
 10
-124.0453509435647
 20
29.7538057567813
 11
-124.1117225746297
 21
29.60121946964049
 72
     1
 10
-124.1117225746297
 20
29.60121946964049
 11
-124.170900122281
 21
29.45188677000408
 72
     1
 10
-124.170900122281
 20
29.45188677000408
 11
-124.2233421213727
 21
29.305759994663
 72
     1
 10
-124.2233421213727
 20
29.305759994663
 11
-124.2695071067591
 21
29.16279148040825
 72
     1
 10
-124.2695071067591
 20
29.16279148040825
 11
-124.3098536132943
 21
29.02293356403077
 72
     1
 10
-124.3098536132943
 20
29.02293356403077
 11
-124.3448401758324
 21
28.88613858232155
 72
     1
 10
-124.3448401758324
 20
28.88613858232155
 11
-124.3749253292276
 21
28.75235887207154
 72
     1
 10
-124.3749253292276
 20
28.75235887207154
 11
-124.4005676083341
 21
28.62154677007172
 72
     1
 10
-124.4005676083341
 20
28.62154677007172
 11
-124.4222255480059
 21
28.49365461311304
 72
     1
 10
-124.4222255480059
 20
28.49365461311304
 11
-124.4403576830972
 21
28.36863473798647
 72
     1
 10
-124.4403576830972
 20
28.36863473798647
 11
-124.4554225484622
 21
28.24643948148299
 72
     1
 10
-124.4554225484623
 20
28.24643948148299
 11
-124.4678786789551
 21
28.12702118039354
 72
     1
 10
-124.4678786789551
 20
28.12702118039354
 11
-124.4781846094299
 21
28.01033217150911
 72
     1
 10
-124.47818460943
 20
28.01033217150911
 11
-124.4867988747409
 21
27.89632479162066
 72
     1
 10
-124.4867988747409
 20
27.89632479162066
 11
-124.4941800097421
 21
27.78495137751915
 72
     1
 10
-124.4941800097421
 20
27.78495137751914
 11
-124.5007865492878
 21
27.67616426599554
 72
     1
 10
-124.5007865492878
 20
27.67616426599554
 11
-125.1121670345093
 21
27.67616426599554
 72
     1
 10
-125.1121670345093
 20
27.67616426599554
 11
-125.1121670345093
 21
32.44316485865924
 72
     1
 10
-125.1121670345093
 20
32.44316485865924
 11
-111.9051251130652
 21
32.44316485865924
 97
        0
 75
     0
 76
     1
 98
        1
 10
-161.7251240923455
 20
32.45910323185345
450
        0
451
        0
460
0.0
461
0.0
452
        0
462
0.0
453
        0
470

  0
HATCH
  5
21D92
330
1F01D
100
AcDbEntity
  8
0
 62
    18
420
        0
440
 33554687
100
AcDbHatch
 10
0.0
 20
0.0
 30
0.0
210
0.0
220
0.0
230
1.0
  2
SOLID
 70
     1
 71
     0
 91
        1
 92
        1
 93
       25
 72
     1
 10
-105.9136983112828
 20
32.44316485865924
 11
-98.61417555304342
 21
21.83151635891416
 72
     1
 10
-98.61417555304342
 20
21.83151635891416
 11
-98.61417555304342
 21
29.99628353926246
 72
     1
 10
-98.61417555304342
 20
29.99628353926246
 11
-98.63490607533274
 21
31.93815574190596
 72
     1
 10
-98.63490607533277
 20
31.93815574190596
 11
-100.8292828363529
 21
31.93815574190596
 72
     1
 10
-100.8292828363529
 20
31.93815574190596
 11
-100.8292828363529
 21
32.44316485865924
 72
     1
 10
-100.8292828363529
 20
32.44316485865924
 11
-96.12481331534025
 21
32.44316485865924
 72
     1
 10
-96.12481331534027
 20
32.44316485865924
 11
-96.12481331534027
 21
31.93815574190596
 72
     1
 10
-96.12481331534027
 20
31.93815574190596
 11
-97.93924412244315
 21
31.93815574190596
 72
     1
 10
-97.93924412244315
 20
31.93815574190596
 11
-97.96065433398787
 21
29.99628353926246
 72
     1
 10
-97.96065433398787
 20
29.99628353926246
 11
-97.96065433398787
 21
17.35882053414421
 72
     1
 10
-97.96065433398787
 20
17.35882053414421
 11
-98.298120049288
 21
17.25312987446525
 72
     1
 10
-98.29812004928802
 20
17.25312987446526
 11
-108.0873445500136
 21
31.4943186581376
 72
     1
 10
-108.0873445500136
 20
31.4943186581376
 11
-108.0873445500136
 21
20.05888610117302
 72
     1
 10
-108.0873445500136
 20
20.05888610117302
 11
-108.0659343384688
 21
18.0551621762892
 72
     1
 10
-108.0659343384688
 20
18.05516217628921
 11
-105.8076667874422
 21
18.05516217628921
 72
     1
 10
-105.8076667874422
 20
18.05516217628921
 11
-105.8076667874422
 21
17.54879436071441
 72
     1
 10
-105.8076667874422
 20
17.54879436071441
 11
-110.6820582824572
 21
17.54879436071441
 72
     1
 10
-110.6820582824572
 20
17.54879436071441
 11
-110.6820582824572
 21
18.05516217628921
 72
     1
 10
-110.6820582824572
 20
18.05516217628921
 11
-108.7401860798138
 21
18.05516217628921
 72
     1
 10
-108.7401860798138
 20
18.05516217628921
 11
-108.7204750914075
 21
20.05888610117302
 72
     1
 10
-108.7204750914075
 20
20.05888610117302
 11
-108.7204750914075
 21
29.99628353926246
 72
     1
 10
-108.7204750914075
 20
29.99628353926246
 11
-108.7401860798138
 21
31.93815574190596
 72
     1
 10
-108.7401860798138
 20
31.93815574190596
 11
-110.6820582824572
 21
31.93815574190596
 72
     1
 10
-110.6820582824572
 20
31.93815574190596
 11
-110.6820582824572
 21
32.44316485865924
 72
     1
 10
-110.6820582824572
 20
32.44316485865924
 11
-105.9136983112828
 21
32.44316485865924
 97
        0
 75
     0
 76
     1
 98
        1
 10
-161.7251240923455
 20
32.45910323185345
450
        0
451
        0
460
0.0
461
0.0
452
        0
462
0.0
453
        0
470

  0
HATCH
  5
21D93
330
1F01D
100
AcDbEntity
  8
0
 62
    18
420
        0
440
 33554687
100
AcDbHatch
 10
0.0
 20
0.0
 30
0.0
210
0.0
220
0.0
230
1.0
  2
SOLID
 70
     1
 71
     0
 91
        1
 92
        1
 93
      118
 72
     1
 10
-87.93312738187696
 20
32.44316485865924
 11
-87.93312738187696
 21
31.93815574190596
 72
     1
 10
-87.93312738187696
 20
31.93815574190596
 11
-90.02249215293964
 21
31.93815574190596
 72
     1
 10
-90.02249215293964
 20
31.93815574190596
 11
-90.04254298597359
 21
30.14377610768165
 72
     1
 10
-90.04254298597359
 20
30.14377610768165
 11
-90.04254298597359
 21
22.0847006065462
 72
     1
 10
-90.04254298597359
 20
22.08470060654619
 11
-90.03887984321226
 21
21.77242770692851
 72
     1
 10
-90.03887984321226
 20
21.77242770692851
 11
-90.03197687665396
 21
21.46315274185123
 72
     1
 10
-90.03197687665396
 20
21.46315274185123
 11
-90.01894090402199
 21
21.15828317809486
 72
     1
 10
-90.01894090402199
 20
21.15828317809487
 11
-89.99687874303962
 21
20.85922648243986
 72
     1
 10
-89.99687874303962
 20
20.85922648243986
 11
-89.96289721143012
 21
20.56739012166671
 72
     1
 10
-89.96289721143012
 20
20.56739012166671
 11
-89.91410312691682
 21
20.28418156255589
 72
     1
 10
-89.9141031269168
 20
20.28418156255589
 11
-89.84760330722295
 21
20.01100827188787
 72
     1
 10
-89.84760330722295
 20
20.01100827188787
 11
-89.76050457007184
 21
19.74927771644314
 72
     1
 10
-89.76050457007186
 20
19.74927771644314
 11
-89.64991373318676
 21
19.50039736300218
 72
     1
 10
-89.64991373318673
 20
19.50039736300218
 11
-89.51293761429097
 21
19.26577467834546
 72
     1
 10
-89.51293761429097
 20
19.26577467834546
 11
-89.34668303110779
 21
19.04681712925346
 72
     1
 10
-89.34668303110779
 20
19.04681712925345
 11
-89.14825680136047
 21
18.84493218250665
 72
     1
 10
-89.14825680136047
 20
18.84493218250665
 11
-88.91476574277232
 21
18.66152730488552
 72
     1
 10
-88.91476574277232
 20
18.66152730488552
 11
-88.64331667306661
 21
18.49800996317055
 72
     1
 10
-88.64331667306659
 20
18.49800996317054
 11
-88.33101640996662
 21
18.35578762414221
 72
     1
 10
-88.33101640996662
 20
18.35578762414221
 11
-87.97497177119565
 21
18.23626775458098
 72
     1
 10
-87.97497177119566
 20
18.23626775458098
 11
-87.57228957447699
 21
18.14085782126734
 72
     1
 10
-87.57228957447699
 20
18.14085782126734
 11
-87.12007663753391
 21
18.07096529098176
 72
     1
 10
-87.12007663753391
 20
18.07096529098177
 11
-86.61543977808968
 21
18.02799763050474
 72
     1
 10
-86.61543977808968
 20
18.02799763050474
 11
-86.05548581386761
 21
18.01336230661673
 72
     1
 10
-86.05548581386761
 20
18.01336230661673
 11
-85.48799349865381
 21
18.02613812818622
 72
     1
 10
-85.48799349865381
 20
18.02613812818621
 11
-84.97355135029577
 21
18.06367460452369
 72
     1
 10
-84.97355135029579
 20
18.06367460452369
 11
-84.50951750238369
 21
18.12478525307273
 72
     1
 10
-84.50951750238369
 20
18.12478525307273
 11
-84.09325008850762
 21
18.2082835912769
 72
     1
 10
-84.09325008850762
 20
18.2082835912769
 11
-83.72210724225768
 21
18.31298313657976
 72
     1
 10
-83.72210724225768
 20
18.31298313657976
 11
-83.393447097224
 21
18.43769740642487
 72
     1
 10
-83.393447097224
 20
18.43769740642487
 11
-83.10462778699667
 21
18.5812399182558
 72
     1
 10
-83.10462778699671
 20
18.5812399182558
 11
-82.85300744516588
 21
18.74242418951611
 72
     1
 10
-82.85300744516588
 20
18.74242418951611
 11
-82.63594420532163
 21
18.92006373764936
 72
     1
 10
-82.63594420532163
 20
18.92006373764936
 11
-82.45079620105412
 21
19.11297208009912
 72
     1
 10
-82.45079620105412
 20
19.11297208009912
 11
-82.29492156595343
 21
19.31996273430895
 72
     1
 10
-82.29492156595343
 20
19.31996273430895
 11
-82.16567843360968
 21
19.53984921772241
 72
     1
 10
-82.16567843360968
 20
19.53984921772241
 11
-82.06042493761298
 21
19.77144504778307
 72
     1
 10
-82.060424937613
 20
19.77144504778307
 11
-81.97651921155346
 21
20.01356374193449
 72
     1
 10
-81.97651921155346
 20
20.01356374193449
 11
-81.91131938902122
 21
20.26501881762023
 72
     1
 10
-81.9113193890212
 20
20.26501881762024
 11
-81.86218360360637
 21
20.52462379228387
 72
     1
 10
-81.86218360360637
 20
20.52462379228386
 11
-81.82646998889904
 21
20.79119218336894
 72
     1
 10
-81.82646998889904
 20
20.79119218336895
 11
-81.80153667848932
 21
21.06353750831904
 72
     1
 10
-81.80153667848934
 20
21.06353750831904
 11
-81.78474180596737
 21
21.34047328457771
 72
     1
 10
-81.78474180596737
 20
21.34047328457771
 11
-81.77344350492326
 21
21.62081302958852
 72
     1
 10
-81.77344350492324
 20
21.62081302958852
 11
-81.77344350492324
 21
30.14377610768165
 72
     1
 10
-81.77344350492324
 20
30.14377610768165
 11
-81.7938341825849
 21
31.93815574190596
 72
     1
 10
-81.79383418258488
 20
31.93815574190596
 11
-83.92398030897089
 21
31.93815574190596
 72
     1
 10
-83.92398030897089
 20
31.93815574190596
 11
-83.92398030897089
 21
32.44316485865924
 72
     1
 10
-83.92398030897089
 20
32.44316485865924
 11
-79.26301157999233
 21
32.44316485865924
 72
     1
 10
-79.26301157999232
 20
32.44316485865924
 11
-79.26301157999232
 21
31.93815574190596
 72
     1
 10
-79.26301157999232
 20
31.93815574190596
 11
-81.0971526958122
 21
31.93815574190596
 72
     1
 10
-81.09715269581219
 20
31.93815574190596
 11
-81.1182230627292
 21
30.14377610768165
 72
     1
 10
-81.11822306272923
 20
30.14377610768165
 11
-81.11822306272923
 21
22.4639672110527
 72
     1
 10
-81.11822306272923
 20
22.4639672110527
 11
-81.12220693385793
 21
22.05268011539589
 72
     1
 10
-81.12220693385793
 20
22.05268011539589
 11
-81.13025390239421
 21
21.64888403067155
 72
     1
 10
-81.13025390239421
 20
21.64888403067155
 11
-81.14644745642324
 21
21.25404963552556
 72
     1
 10
-81.14644745642324
 20
21.25404963552557
 11
-81.17487108403027
 21
20.8696476086038
 72
     1
 10
-81.17487108403027
 20
20.8696476086038
 11
-81.21960827330049
 21
20.49714862855216
 72
     1
 10
-81.21960827330052
 20
20.49714862855216
 11
-81.28474251231915
 21
20.13802337401651
 72
     1
 10
-81.28474251231912
 20
20.13802337401651
 11
-81.37435728917136
 21
19.79374252364271
 72
     1
 10
-81.37435728917138
 20
19.7937425236427
 11
-81.49253609194245
 21
19.46577675607666
 72
     1
 10
-81.49253609194245
 20
19.46577675607667
 11
-81.6433624087176
 21
19.15559674996426
 72
     1
 10
-81.6433624087176
 20
19.15559674996426
 11
-81.83091972758202
 21
18.86467318395135
 72
     1
 10
-81.83091972758202
 20
18.86467318395135
 11
-82.0592915366209
 21
18.59447673668383
 72
     1
 10
-82.05929153662088
 20
18.59447673668383
 11
-82.33256132391947
 21
18.34647808680758
 72
     1
 10
-82.33256132391947
 20
18.34647808680758
 11
-82.65481257756295
 21
18.12214791296849
 72
     1
 10
-82.65481257756293
 20
18.12214791296848
 11
-83.03012878563654
 21
17.9229568938124
 72
     1
 10
-83.03012878563656
 20
17.9229568938124
 11
-83.4625934362255
 21
17.75037570798523
 72
     1
 10
-83.4625934362255
 20
17.75037570798523
 11
-83.956290017415
 21
17.60587503413285
 72
     1
 10
-83.956290017415
 20
17.60587503413285
 11
-84.51530201729026
 21
17.49092555090113
 72
     1
 10
-84.51530201729026
 20
17.49092555090113
 11
-85.14371292393649
 21
17.40699793693595
 72
     1
 10
-85.14371292393647
 20
17.40699793693595
 11
-85.84560622543891
 21
17.3555628708832
 72
     1
 10
-85.84560622543891
 20
17.3555628708832
 11
-86.62506540988276
 21
17.33809103138876
 72
     1
 10
-86.62506540988276
 20
17.33809103138876
 11
-86.74987394413149
 21
17.33876030801716
 72
     1
 10
-86.74987394413149
 20
17.33876030801716
 11
-86.8895406554253
 21
17.3409270161154
 72
     1
 10
-86.8895406554253
 20
17.34092701611541
 11
-87.0427488157542
 21
17.34482947300311
 72
     1
 10
-87.0427488157542
 20
17.34482947300311
 11
-87.20818169710822
 21
17.35070599599983
 72
     1
 10
-87.20818169710822
 20
17.35070599599983
 11
-87.38452257147731
 21
17.35879490242518
 72
     1
 10
-87.38452257147731
 20
17.35879490242518
 11
-87.57045471085149
 21
17.36933450959873
 72
     1
 10
-87.57045471085149
 20
17.36933450959873
 11
-87.76466138722078
 21
17.38256313484008
 72
     1
 10
-87.76466138722076
 20
17.38256313484007
 11
-87.96582587257514
 21
17.3987190954688
 72
     1
 10
-87.96582587257516
 20
17.3987190954688
 11
-88.17263143890462
 21
17.4180407088045
 72
     1
 10
-88.17263143890464
 20
17.4180407088045
 11
-88.3837613581992
 21
17.44076629216676
 72
     1
 10
-88.3837613581992
 20
17.44076629216676
 11
-88.59789890244886
 21
17.46713416287516
 72
     1
 10
-88.59789890244886
 20
17.46713416287516
 11
-88.8137273436436
 21
17.49738263824929
 72
     1
 10
-88.8137273436436
 20
17.49738263824928
 11
-89.02992995377344
 21
17.53175003560874
 72
     1
 10
-89.02992995377344
 20
17.53175003560874
 11
-89.24519000482836
 21
17.57047467227311
 72
     1
 10
-89.24519000482836
 20
17.57047467227311
 11
-89.45819076879841
 21
17.61379486556196
 72
     1
 10
-89.45819076879837
 20
17.61379486556196
 11
-89.6676155176735
 21
17.6619489327949
 72
     1
 10
-89.6676155176735
 20
17.6619489327949
 11
-89.87214752344369
 21
17.71517519129152
 72
     1
 10
-89.87214752344369
 20
17.71517519129152
 11
-90.07047005809898
 21
17.77371195837139
 72
     1
 10
-90.070470058099
 20
17.77371195837139
 11
-90.26126639362937
 21
17.83779755135411
 72
     1
 10
-90.26126639362935
 20
17.83779755135411
 11
-90.44321980202481
 21
17.90767028755927
 72
     1
 10
-90.44321980202481
 20
17.90767028755927
 11
-90.71132662725888
 21
18.03419270665083
 72
     1
 10
-90.7113266272589
 20
18.03419270665083
 11
-90.95326201771426
 21
18.17302038459169
 72
     1
 10
-90.95326201771426
 20
18.17302038459169
 11
-91.17038705112481
 21
18.32380616983979
 72
     1
 10
-91.17038705112481
 20
18.32380616983979
 11
-91.36406280522448
 21
18.48620291085304
 72
     1
 10
-91.36406280522448
 20
18.48620291085304
 11
-91.53565035774716
 21
18.65986345608939
 72
     1
 10
-91.53565035774716
 20
18.65986345608939
 11
-91.6865107864268
 21
18.84444065400674
 72
     1
 10
-91.68651078642682
 20
18.84444065400674
 11
-91.81800516899732
 21
19.03958735306304
 72
     1
 10
-91.8180051689973
 20
19.03958735306304
 11
-91.93149458319258
 21
19.2449564017162
 72
     1
 10
-91.93149458319259
 20
19.2449564017162
 11
-92.02834010674655
 21
19.46020064842416
 72
     1
 10
-92.02834010674656
 20
19.46020064842416
 11
-92.10990281739313
 21
19.68497294164484
 72
     1
 10
-92.10990281739313
 20
19.68497294164485
 11
-92.17754379286621
 21
19.91892612983618
 72
     1
 10
-92.17754379286619
 20
19.91892612983618
 11
-92.23262411089971
 21
20.16171306145609
 72
     1
 10
-92.23262411089971
 20
20.16171306145608
 11
-92.27650484922756
 21
20.4129865849625
 72
     1
 10
-92.27650484922754
 20
20.4129865849625
 11
-92.31054708558366
 21
20.67239954881334
 72
     1
 10
-92.31054708558366
 20
20.67239954881333
 11
-92.33611189770192
 21
20.93960480146654
 72
     1
 10
-92.33611189770192
 20
20.93960480146654
 11
-92.3545603633163
 21
21.21425519138002
 72
     1
 10
-92.35456036331632
 20
21.21425519138002
 11
-92.36725356016068
 21
21.49600356701171
 72
     1
 10
-92.36725356016066
 20
21.49600356701172
 11
-92.37555256596895
 21
21.78450277681955
 72
     1
 10
-92.37555256596897
 20
21.78450277681955
 11
-92.38081845847508
 21
22.07940566926145
 72
     1
 10
-92.38081845847508
 20
22.07940566926145
 11
-92.38441231541294
 21
22.38036509279535
 72
     1
 10
-92.38441231541294
 20
22.38036509279535
 11
-92.38441231541294
 21
30.14377610768165
 72
     1
 10
-92.38441231541294
 20
30.14377610768165
 11
-92.40582252695768
 21
31.93815574190596
 72
     1
 10
-92.40582252695766
 20
31.93815574190596
 11
-94.22025299421591
 21
31.93815574190596
 72
     1
 10
-94.22025299421591
 20
31.93815574190596
 11
-94.22025299421591
 21
32.44316485865924
 72
     1
 10
-94.22025299421591
 20
32.44316485865924
 11
-87.93312738187696
 21
32.44316485865924
 97
        0
 75
     0
 76
     1
 98
        1
 10
-161.7251240923455
 20
32.45910323185345
450
        0
451
        0
460
0.0
461
0.0
452
        0
462
0.0
453
        0
470

  0
LINE
  5
21D94
330
1F01D
100
AcDbEntity
  8
0
 62
     4
440
 33554687
100
AcDbLine
 10
-70.00000000000001
 20
-9.999999999995424
 30
0.0
 11
-70.00000000000001
 21
35.0
 31
0.0
  0
ENDBLK
  5
1F05B
330
1F01D
100
AcDbEntity
  8
0
100
AcDbBlockEnd
  0
BLOCK
  5
1F05E
330
1F05C
100
AcDbEntity
  8
0
100
AcDbBlockBegin
  2
PK-LOGO
 70
     0
 10
0.0
 20
0.0
 30
0.0
  3
PK-LOGO
  1

  0
MTEXT
  5
1F05F
330
1F05C
100
AcDbEntity
  8
0
 62
   134
420
    39591
100
AcDbMText
 10
10.30506137487828
 20
-9.836820293749042
 30
0.0
 40
1.6
 41
46.79408000000001
 46
0.0
 71
     5
 72
     5
  1
P.O.BOX 877, N-9488 HARSTAD, NORWAY
  7
style1
 73
     1
 44
1.0
  0
LWPOLYLINE
  5
1F060
330
1F05C
100
AcDbEntity
  8
0
 62
   134
420
    39591
100
AcDbPolyline
 90
        2
 70
     0
 43
1.329999999999999
 10
-29.72647243157553
 20
11.22189941744
 10
-29.72647243157553
 20
9.808774417484528
  0
LWPOLYLINE
  5
1F061
330
1F05C
100
AcDbEntity
  8
0
 62
   134
420
    39591
100
AcDbPolyline
 90
        2
 70
     0
 43
0.83125
 10
-30.80709743141779
 20
11.13877441755903
 10
-30.80709743141779
 20
9.808774417484528
  0
LWPOLYLINE
  5
1F062
330
1F05C
100
AcDbEntity
  8
0
 62
   134
420
    39591
100
AcDbPolyline
 90
        2
 70
     0
 43
0.748125
 10
-28.67909743137716
 20
11.13877441755903
 10
-28.67909743137716
 20
9.808774417484528
  0
LWPOLYLINE
  5
1F063
330
1F05C
100
AcDbEntity
  8
0
 62
   134
420
    39591
100
AcDbPolyline
 90
        2
 70
     0
 43
0.415625
 10
-31.42222243121068
 20
11.05564941748162
 10
-31.42222243121068
 20
9.64252441751887
  0
LWPOLYLINE
  5
1F064
330
1F05C
100
AcDbEntity
  8
0
 62
   134
420
    39591
100
AcDbPolyline
 90
        2
 70
     0
 43
0.5818750000000001
 10
-28.01409743113618
 20
11.05564941748162
 10
-28.01409743113618
 20
9.725649417596287
  0
LWPOLYLINE
  5
1F065
330
1F05C
100
AcDbEntity
  8
0
 62
   134
420
    39591
100
AcDbPolyline
 90
        2
 70
     0
 43
0.3325
 10
-31.80459743157553
 20
10.9725244174042
 10
-31.80459743157553
 20
9.559399417441454
  0
LWPOLYLINE
  5
1F066
330
1F05C
100
AcDbEntity
  8
0
 62
   134
420
    39591
100
AcDbPolyline
 90
        2
 70
     0
 43
0.3325
 10
-27.56522243110521
 20
10.9725244174042
 10
-27.56522243110521
 20
9.559399417441454
  0
LWPOLYLINE
  5
1F067
330
1F05C
100
AcDbEntity
  8
0
 62
   134
420
    39591
100
AcDbPolyline
 90
        2
 70
     0
 43
0.3325
 10
-32.1204724314739
 20
10.87277441750484
 10
-32.1204724314739
 20
9.476274417560489
  0
LWPOLYLINE
  5
1F068
330
1F05C
100
AcDbEntity
  8
0
 62
   134
420
    39591
100
AcDbPolyline
 90
        2
 70
     0
 43
0.3325
 10
-27.23272243118845
 20
10.87277441750484
 10
-27.23272243118845
 20
9.476274417560489
  0
LWPOLYLINE
  5
1F069
330
1F05C
100
AcDbEntity
  8
0
 62
   134
420
    39591
100
AcDbPolyline
 90
        2
 70
     0
 43
0.3325
 10
-32.45297243140522
 20
10.78964941742742
 10
-32.45297243140522
 20
9.393149417483073
  0
LWPOLYLINE
  5
1F06A
330
1F05C
100
AcDbEntity
  8
0
 62
   134
420
    39591
100
AcDbPolyline
 90
        2
 70
     0
 43
0.2493749999999999
 10
-26.93347243129392
 20
10.78964941742742
 10
-26.93347243129392
 20
9.393149417483073
  0
LWPOLYLINE
  5
1F06B
330
1F05C
100
AcDbEntity
  8
0
 62
   134
420
    39591
100
AcDbPolyline
 90
        2
 70
     0
 43
0.16625
 10
-32.71897243126296
 20
10.70652441754646
 10
-32.71897243126296
 20
9.310024417405657
  0
LWPOLYLINE
  5
1F06C
330
1F05C
100
AcDbEntity
  8
0
 62
   134
420
    39591
100
AcDbPolyline
 90
        2
 70
     0
 43
0.2493749999999999
 10
-26.68409743145458
 20
10.70652441754646
 10
-26.68409743145458
 20
9.310024417405657
  0
LWPOLYLINE
  5
1F06D
330
1F05C
100
AcDbEntity
  8
0
 62
   134
420
    39591
100
AcDbPolyline
 90
        2
 70
     0
 43
0.2493749999999999
 10
-32.91847243145458
 20
10.62339941746904
 10
-32.91847243145458
 20
9.226899417517415
  0
LWPOLYLINE
  5
1F06E
330
1F05C
100
AcDbEntity
  8
0
 62
   134
420
    39591
100
AcDbPolyline
 90
        2
 70
     0
 43
0.16625
 10
-26.48459743126295
 20
10.62339941746904
 10
-26.48459743126295
 20
9.143774417439999
  0
LWPOLYLINE
  5
1F06F
330
1F05C
100
AcDbEntity
  8
0
 62
   134
420
    39591
100
AcDbPolyline
 90
        2
 70
     0
 43
0.2493749999999999
 10
-33.16784743129392
 20
10.5402744175808
 10
-33.16784743129392
 20
9.060649417559034
  0
LWPOLYLINE
  5
1F070
330
1F05C
100
AcDbEntity
  8
0
 62
   134
420
    39591
100
AcDbPolyline
 90
        2
 70
     0
 43
0.2493749999999999
 10
-26.26847243144585
 20
10.5402744175808
 10
-26.26847243144585
 20
9.060649417559034
  0
LWPOLYLINE
  5
1F071
330
1F05C
100
AcDbEntity
  8
0
 62
   134
420
    39591
100
AcDbPolyline
 90
        2
 70
     0
 43
0.16625
 10
-33.38397243148938
 20
10.45714941750339
 10
-33.38397243148938
 20
7.56439941751887
  0
LWPOLYLINE
  5
1F072
330
1F05C
100
AcDbEntity
  8
0
 62
   134
420
    39591
100
AcDbPolyline
 90
        2
 70
     0
 43
0.2493749999999999
 10
-26.0190974316065
 20
10.45714941750339
 10
-26.0190974316065
 20
7.647524417596287
  0
LWPOLYLINE
  5
1F073
330
1F05C
100
AcDbEntity
  8
0
 62
   134
420
    39591
100
AcDbPolyline
 90
        2
 70
     0
 43
0.2493749999999999
 10
-33.5834724312881
 20
10.37402441742597
 10
-33.5834724312881
 20
7.730649417484528
  0
LWPOLYLINE
  5
1F074
330
1F05C
100
AcDbEntity
  8
0
 62
   134
420
    39591
100
AcDbPolyline
 90
        2
 70
     0
 43
0.16625
 10
-25.80297243139649
 20
10.37402441742597
 10
-25.80297243139649
 20
7.813774417365493
  0
LWPOLYLINE
  5
1F075
330
1F05C
100
AcDbEntity
  8
0
 62
   134
420
    39591
100
AcDbPolyline
 90
        2
 70
     0
 43
0.16625
 10
-33.79959743110521
 20
10.290899417545
 10
-33.79959743110521
 20
7.880274417424516
  0
LWPOLYLINE
  5
1F076
330
1F05C
100
AcDbEntity
  8
0
 62
   134
420
    39591
100
AcDbPolyline
 90
        2
 70
     0
 43
0.16625
 10
-25.65334743126005
 20
10.290899417545
 10
-25.65334743126005
 20
7.880274417424516
  0
LWPOLYLINE
  5
1F077
330
1F05C
100
AcDbEntity
  8
0
 62
   134
420
    39591
100
AcDbPolyline
 90
        2
 70
     0
 43
0.083125
 10
-33.91597243121942
 20
10.20777441746759
 10
-33.91597243121942
 20
7.963399417501932
  0
LWPOLYLINE
  5
1F078
330
1F05C
100
AcDbEntity
  8
0
 62
   134
420
    39591
100
AcDbPolyline
 90
        2
 70
     0
 43
0.16625
 10
-25.48709743110521
 20
10.20777441746759
 10
-25.48709743110521
 20
8.129649417467589
  0
LWPOLYLINE
  5
1F079
330
1F05C
100
AcDbEntity
  8
0
 62
   134
420
    39591
100
AcDbPolyline
 90
        2
 70
     0
 43
0.16625
 10
-34.03234743131907
 20
10.12464941739017
 10
-34.03234743131907
 20
8.129649417467589
  0
LWPOLYLINE
  5
1F07A
330
1F05C
100
AcDbEntity
  8
0
 62
   134
420
    39591
100
AcDbPolyline
 90
        2
 70
     0
 43
0.16625
 10
-25.32084743134328
 20
10.12464941739017
 10
-25.32084743134328
 20
8.395649417521781
  0
LWPOLYLINE
  5
1F07B
330
1F05C
100
AcDbEntity
  8
0
 62
   134
420
    39591
100
AcDbPolyline
 90
        2
 70
     0
 43
0.16625
 10
-34.1985974314739
 20
10.04152441750193
 10
-34.1985974314739
 20
8.395649417521781
  0
LWPOLYLINE
  5
1F07C
330
1F05C
100
AcDbEntity
  8
0
 62
   134
420
    39591
100
AcDbPolyline
 90
        2
 70
     0
 43
0.083125
 10
-25.18784743121069
 20
10.04152441750193
 10
-25.18784743121069
 20
8.395649417521781
  0
LWPOLYLINE
  5
1F07D
330
1F05C
100
AcDbEntity
  8
0
 62
   134
420
    39591
100
AcDbPolyline
 90
        2
 70
     0
 43
0.16625
 10
-34.38147243126878
 20
9.958399417424516
 10
-34.38147243126878
 20
8.395649417521781
  0
LWPOLYLINE
  5
1F07E
330
1F05C
100
AcDbEntity
  8
0
 62
   134
420
    39591
100
AcDbPolyline
 90
        2
 70
     0
 43
0.16625
 10
-25.05484743148554
 20
9.958399417424516
 10
-25.05484743148554
 20
8.395649417521781
  0
LWPOLYLINE
  5
1F07F
330
1F05C
100
AcDbEntity
  8
0
 62
   134
420
    39591
100
AcDbPolyline
 90
        2
 70
     0
 43
0.16625
 10
-34.53109743140521
 20
9.87527441754355
 10
-34.53109743140521
 20
8.212774417545006
  0
LWPOLYLINE
  5
1F080
330
1F05C
100
AcDbEntity
  8
0
 62
   134
420
    39591
100
AcDbPolyline
 90
        2
 70
     0
 43
0.16625
 10
-24.88859743133071
 20
9.87527441754355
 10
-24.88859743133071
 20
8.295899417425971
  0
LWPOLYLINE
  5
1F081
330
1F05C
100
AcDbEntity
  8
0
 62
   134
420
    39591
100
AcDbPolyline
 90
        2
 70
     0
 43
0.083125
 10
-34.66409743114491
 20
9.808774417484528
 10
-34.66409743114491
 20
8.129649417467589
  0
LWPOLYLINE
  5
1F082
330
1F05C
100
AcDbEntity
  8
0
 62
   134
420
    39591
100
AcDbPolyline
 90
        2
 70
     0
 43
0.083125
 10
-31.22272243141197
 20
9.758899417436623
 10
-30.72397243134037
 20
9.758899417436623
  0
LWPOLYLINE
  5
1F083
330
1F05C
100
AcDbEntity
  8
0
 62
   134
420
    39591
100
AcDbPolyline
 90
        2
 70
     0
 43
0.083125
 10
-28.72897243141779
 20
9.758899417436623
 10
-28.31334743142361
 20
9.758899417436623
  0
LWPOLYLINE
  5
1F084
330
1F05C
100
AcDbEntity
  8
0
 62
   134
420
    39591
100
AcDbPolyline
 90
        2
 70
     0
 43
0.083125
 10
-24.77222243160941
 20
9.808774417484528
 10
-24.77222243160941
 20
8.129649417467589
  0
LWPOLYLINE
  5
1F085
330
1F05C
100
AcDbEntity
  8
0
 62
   134
420
    39591
100
AcDbPolyline
 90
        2
 70
     0
 43
0.16625
 10
-34.79709743126296
 20
9.725649417596287
 10
-34.79709743126296
 20
8.046524417390173
  0
LWPOLYLINE
  5
1F086
330
1F05C
100
AcDbEntity
  8
0
 62
   134
420
    39591
100
AcDbPolyline
 90
        2
 70
     0
 43
0.083125
 10
-28.2135974313278
 20
9.675774417359207
 10
-27.71484743124165
 20
9.675774417359207
  0
LWPOLYLINE
  5
1F087
330
1F05C
100
AcDbEntity
  8
0
 62
   134
420
    39591
100
AcDbPolyline
 90
        2
 70
     0
 43
0.16625
 10
-24.63922243147681
 20
9.725649417596287
 10
-24.63922243147681
 20
8.046524417390173
  0
LWPOLYLINE
  5
1F088
330
1F05C
100
AcDbEntity
  8
0
 62
   134
420
    39591
100
AcDbPolyline
 90
        2
 70
     0
 43
0.083125
 10
-34.91347243137716
 20
9.64252441751887
 10
-34.91347243137716
 20
7.880274417424516
  0
LWPOLYLINE
  5
1F089
330
1F05C
100
AcDbEntity
  8
0
 62
   134
420
    39591
100
AcDbPolyline
 90
        2
 70
     0
 43
0.083125
 10
-27.79797243131907
 20
9.592649417470966
 10
-27.71484743124165
 20
9.592649417470966
  0
LWPOLYLINE
  5
1F08A
330
1F05C
100
AcDbEntity
  8
0
 62
   134
420
    39591
100
AcDbPolyline
 90
        2
 70
     0
 43
0.16625
 10
-24.48959743134037
 20
9.64252441751887
 10
-24.48959743134037
 20
7.880274417424516
  0
LWPOLYLINE
  5
1F08B
330
1F05C
100
AcDbEntity
  8
0
 62
   134
420
    39591
100
AcDbPolyline
 90
        2
 70
     0
 43
0.16625
 10
-35.02984743147681
 20
9.559399417441454
 10
-35.02984743147681
 20
7.880274417424516
  0
LWPOLYLINE
  5
1F08C
330
1F05C
100
AcDbEntity
  8
0
 62
   134
420
    39591
100
AcDbPolyline
 90
        2
 70
     0
 43
0.083125
 10
-31.95422243131907
 20
9.50952441759
 10
-31.87109743124165
 20
9.50952441759
  0
LWPOLYLINE
  5
1F08D
330
1F05C
100
AcDbEntity
  8
0
 62
   134
420
    39591
100
AcDbPolyline
 90
        2
 70
     0
 43
0.083125
 10
-27.4820974314207
 20
9.50952441759
 10
-27.39897243134328
 20
9.50952441759
  0
LWPOLYLINE
  5
1F08E
330
1F05C
100
AcDbEntity
  8
0
 62
   134
420
    39591
100
AcDbPolyline
 90
        2
 70
     0
 43
0.083125
 10
-24.35659743122233
 20
9.559399417441454
 10
-24.35659743122233
 20
7.813774417365493
  0
LWPOLYLINE
  5
1F08F
330
1F05C
100
AcDbEntity
  8
0
 62
   134
420
    39591
100
AcDbPolyline
 90
        2
 70
     0
 43
0.083125
 10
-35.16284743160941
 20
9.476274417560489
 10
-35.16284743160941
 20
7.730649417484528
  0
LWPOLYLINE
  5
1F090
330
1F05C
100
AcDbEntity
  8
0
 62
   134
420
    39591
100
AcDbPolyline
 90
        2
 70
     0
 43
0.083125
 10
-32.30334743126878
 20
9.426399417512584
 10
-32.22022243119136
 20
9.426399417512584
  0
LWPOLYLINE
  5
1F091
330
1F05C
100
AcDbEntity
  8
0
 62
   134
420
    39591
100
AcDbPolyline
 90
        2
 70
     0
 43
0.083125
 10
-27.23272243118845
 20
9.426399417512584
 10
-27.04984743140812
 20
9.426399417512584
  0
LWPOLYLINE
  5
1F092
330
1F05C
100
AcDbEntity
  8
0
 62
   134
420
    39591
100
AcDbPolyline
 90
        2
 70
     0
 43
0.16625
 10
-24.24022243150103
 20
9.476274417560489
 10
-24.24022243150103
 20
7.730649417484528
  0
LWPOLYLINE
  5
1F093
330
1F05C
100
AcDbEntity
  8
0
 62
   134
420
    39591
100
AcDbPolyline
 90
        2
 70
     0
 43
0.083125
 10
-35.24597243129392
 20
9.393149417483073
 10
-35.24597243129392
 20
7.647524417596287
  0
LWPOLYLINE
  5
1F094
330
1F05C
100
AcDbEntity
  8
0
 62
   134
420
    39591
100
AcDbPolyline
 90
        2
 70
     0
 43
0.083125
 10
-32.61922243116714
 20
9.343274417435168
 10
-32.45297243140522
 20
9.343274417435168
  0
LWPOLYLINE
  5
1F095
330
1F05C
100
AcDbEntity
  8
0
 62
   134
420
    39591
100
AcDbPolyline
 90
        2
 70
     0
 43
0.083125
 10
-26.96672243133071
 20
9.343274417435168
 10
-26.80047243117588
 20
9.343274417435168
  0
LWPOLYLINE
  5
1F096
330
1F05C
100
AcDbEntity
  8
0
 62
   134
420
    39591
100
AcDbPolyline
 90
        2
 70
     0
 43
0.083125
 10
-24.10722243136843
 20
9.393149417483073
 10
-24.10722243136843
 20
7.56439941751887
  0
LWPOLYLINE
  5
1F097
330
1F05C
100
AcDbEntity
  8
0
 62
   134
420
    39591
100
AcDbPolyline
 90
        2
 70
     0
 43
0.16625
 10
-35.36234743140813
 20
9.310024417405657
 10
-35.36234743140813
 20
7.56439941751887
  0
LWPOLYLINE
  5
1F098
330
1F05C
100
AcDbEntity
  8
0
 62
   134
420
    39591
100
AcDbPolyline
 90
        2
 70
     0
 43
0.083125
 10
-32.80209743134037
 20
9.260149417357752
 10
-32.71897243126296
 20
9.260149417357752
  0
LWPOLYLINE
  5
1F099
330
1F05C
100
AcDbEntity
  8
0
 62
   134
420
    39591
100
AcDbPolyline
 90
        2
 70
     0
 43
0.083125
 10
-26.71734743147681
 20
9.260149417357752
 10
-26.56772243134037
 20
9.260149417357752
  0
LWPOLYLINE
  5
1F09A
330
1F05C
100
AcDbEntity
  8
0
 62
   134
420
    39591
100
AcDbPolyline
 90
        2
 70
     0
 43
0.083125
 10
-24.02409743129101
 20
9.310024417405657
 10
-24.02409743129101
 20
7.481274417441454
  0
LWPOLYLINE
  5
1F09B
330
1F05C
100
AcDbEntity
  8
0
 62
   134
420
    39591
100
AcDbPolyline
 90
        2
 70
     0
 43
0.083125
 10
-35.49534743113327
 20
9.226899417517415
 10
-35.49534743113327
 20
7.398149417560489
  0
LWPOLYLINE
  5
1F09C
330
1F05C
100
AcDbEntity
  8
0
 62
   134
420
    39591
100
AcDbPolyline
 90
        2
 70
     0
 43
0.083125
 10
-33.03484743117588
 20
9.177024417476786
 10
-32.88522243141779
 20
9.177024417476786
  0
LWPOLYLINE
  5
1F09D
330
1F05C
100
AcDbEntity
  8
0
 62
   134
420
    39591
100
AcDbPolyline
 90
        2
 70
     0
 43
0.16625
 10
-23.89109743155132
 20
9.226899417517415
 10
-23.89109743155132
 20
7.398149417560489
  0
LWPOLYLINE
  5
1F09E
330
1F05C
100
AcDbEntity
  8
0
 62
   134
420
    39591
100
AcDbPolyline
 90
        2
 70
     0
 43
0.083125
 10
-35.57847243121069
 20
9.143774417439999
 10
-35.57847243121069
 20
7.315024417483073
  0
LWPOLYLINE
  5
1F09F
330
1F05C
100
AcDbEntity
  8
0
 62
   134
420
    39591
100
AcDbPolyline
 90
        2
 70
     0
 43
0.083125
 10
-23.77472243145167
 20
9.143774417439999
 10
-23.77472243145167
 20
7.215274417387263
  0
LWPOLYLINE
  5
1F0A0
330
1F05C
100
AcDbEntity
  8
0
 62
   134
420
    39591
100
AcDbPolyline
 90
        2
 70
     0
 43
0.16625
 10
-35.71147243134328
 20
9.060649417559034
 10
-35.71147243134328
 20
7.215274417387263
  0
LWPOLYLINE
  5
1F0A1
330
1F05C
100
AcDbEntity
  8
0
 62
   134
420
    39591
100
AcDbPolyline
 90
        2
 70
     0
 43
0.083125
 10
-33.25097243137134
 20
9.060649417559034
 10
-33.25097243137134
 20
7.481274417441454
  0
LWPOLYLINE
  5
1F0A2
330
1F05C
100
AcDbEntity
  8
0
 62
   134
420
    39591
100
AcDbPolyline
 90
        2
 70
     0
 43
0.083125
 10
-33.21772243133455
 20
9.010774417321954
 10
-33.11797243125329
 20
9.010774417321954
  0
LWPOLYLINE
  5
1F0A3
330
1F05C
100
AcDbEntity
  8
0
 62
   134
420
    39591
100
AcDbPolyline
 90
        2
 70
     0
 43
0.16625
 10
-26.23522243142361
 20
9.060649417559034
 10
-26.23522243142361
 20
7.481274417441454
  0
LWPOLYLINE
  5
1F0A4
330
1F05C
100
AcDbEntity
  8
0
 62
   134
420
    39591
100
AcDbPolyline
 90
        2
 70
     0
 43
0.083125
 10
-23.69159743137425
 20
9.060649417559034
 10
-23.69159743137425
 20
7.132149417506298
  0
LWPOLYLINE
  5
1F0A5
330
1F05C
100
AcDbEntity
  8
0
 62
   134
420
    39591
100
AcDbPolyline
 90
        2
 70
     0
 43
0.083125
 10
-35.82784743144293
 20
8.977524417481618
 10
-35.82784743144293
 20
7.049024417428881
  0
LWPOLYLINE
  5
1F0A6
330
1F05C
100
AcDbEntity
  8
0
 62
   134
420
    39591
100
AcDbPolyline
 90
        2
 70
     0
 43
0.083125
 10
-23.60847243129683
 20
8.977524417481618
 10
-23.60847243129683
 20
7.049024417428881
  0
LWPOLYLINE
  5
1F0A7
330
1F05C
100
AcDbEntity
  8
0
 62
   134
420
    39591
100
AcDbPolyline
 90
        2
 70
     0
 43
0.083125
 10
-35.91097243152035
 20
8.894399417404201
 10
-35.91097243152035
 20
6.882774417463224
  0
LWPOLYLINE
  5
1F0A8
330
1F05C
100
AcDbEntity
  8
0
 62
   134
420
    39591
100
AcDbPolyline
 90
        2
 70
     0
 43
0.083125
 10
-33.16784743129392
 20
8.894399417404201
 10
-33.16784743129392
 20
7.398149417560489
  0
LWPOLYLINE
  5
1F0A9
330
1F05C
100
AcDbEntity
  8
0
 62
   134
420
    39591
100
AcDbPolyline
 90
        2
 70
     0
 43
0.083125
 10
-23.52534743121942
 20
8.894399417404201
 10
-23.52534743121942
 20
6.965899417351465
  0
LWPOLYLINE
  5
1F0AA
330
1F05C
100
AcDbEntity
  8
0
 62
   134
420
    39591
100
AcDbPolyline
 90
        2
 70
     0
 43
0.083125
 10
-35.99409743121942
 20
8.811274417523236
 10
-35.99409743121942
 20
6.799649417582259
  0
LWPOLYLINE
  5
1F0AB
330
1F05C
100
AcDbEntity
  8
0
 62
   134
420
    39591
100
AcDbPolyline
 90
        2
 70
     0
 43
0.083125
 10
-26.35159743114491
 20
8.811274417523236
 10
-26.35159743114491
 20
7.398149417560489
  0
LWPOLYLINE
  5
1F0AC
330
1F05C
100
AcDbEntity
  8
0
 62
   134
420
    39591
100
AcDbPolyline
 90
        2
 70
     0
 43
0.16625
 10
-23.40897243110521
 20
8.811274417523236
 10
-23.40897243110521
 20
6.882774417463224
  0
LWPOLYLINE
  5
1F0AD
330
1F05C
100
AcDbEntity
  8
0
 62
   134
420
    39591
100
AcDbPolyline
 90
        2
 70
     0
 43
0.083125
 10
-36.07722243129683
 20
8.72814941744582
 10
-36.07722243129683
 20
6.733149417523236
  0
LWPOLYLINE
  5
1F0AE
330
1F05C
100
AcDbEntity
  8
0
 62
   134
420
    39591
100
AcDbPolyline
 90
        2
 70
     0
 43
0.083125
 10
-33.08472243160941
 20
8.72814941744582
 10
-33.08472243160941
 20
7.398149417560489
  0
LWPOLYLINE
  5
1F0AF
330
1F05C
100
AcDbEntity
  8
0
 62
   134
420
    39591
100
AcDbPolyline
 90
        2
 70
     0
 43
0.083125
 10
-26.43472243122233
 20
8.72814941744582
 10
-26.43472243122233
 20
7.315024417483073
  0
LWPOLYLINE
  5
1F0B0
330
1F05C
100
AcDbEntity
  8
0
 62
   134
420
    39591
100
AcDbPolyline
 90
        2
 70
     0
 43
0.083125
 10
-23.27597243136552
 20
8.72814941744582
 10
-23.27597243136552
 20
6.65002441744582
  0
LWPOLYLINE
  5
1F0B1
330
1F05C
100
AcDbEntity
  8
0
 62
   134
420
    39591
100
AcDbPolyline
 90
        2
 70
     0
 43
0.083125
 10
-36.16034743137425
 20
8.645024417368404
 10
-36.16034743137425
 20
6.65002441744582
  0
LWPOLYLINE
  5
1F0B2
330
1F05C
100
AcDbEntity
  8
0
 62
   134
420
    39591
100
AcDbPolyline
 90
        2
 70
     0
 43
0.16625
 10
-32.95172243147681
 20
8.645024417368404
 10
-32.95172243147681
 20
7.315024417483073
  0
LWPOLYLINE
  5
1F0B3
330
1F05C
100
AcDbEntity
  8
0
 62
   134
420
    39591
100
AcDbPolyline
 90
        2
 70
     0
 43
0.083125
 10
-26.51784743129975
 20
8.645024417368404
 10
-26.51784743129975
 20
7.315024417483073
  0
LWPOLYLINE
  5
1F0B4
330
1F05C
100
AcDbEntity
  8
0
 62
   134
420
    39591
100
AcDbPolyline
 90
        2
 70
     0
 43
0.083125
 10
-23.1928474312881
 20
8.645024417368404
 10
-23.1928474312881
 20
6.566899417368404
  0
LWPOLYLINE
  5
1F0B5
330
1F05C
100
AcDbEntity
  8
0
 62
   134
420
    39591
100
AcDbPolyline
 90
        2
 70
     0
 43
0.083125
 10
-36.24347243145166
 20
8.561899417480162
 10
-36.24347243145166
 20
6.483774417480162
  0
LWPOLYLINE
  5
1F0B6
330
1F05C
100
AcDbEntity
  8
0
 62
   134
420
    39591
100
AcDbPolyline
 90
        2
 70
     0
 43
0.083125
 10
-32.83534743137716
 20
8.561899417480162
 10
-32.83534743137716
 20
7.215274417387263
  0
LWPOLYLINE
  5
1F0B7
330
1F05C
100
AcDbEntity
  8
0
 62
   134
420
    39591
100
AcDbPolyline
 90
        2
 70
     0
 43
0.16625
 10
-26.65084743141779
 20
8.561899417480162
 10
-26.65084743141779
 20
7.215274417387263
  0
LWPOLYLINE
  5
1F0B8
330
1F05C
100
AcDbEntity
  8
0
 62
   134
420
    39591
100
AcDbPolyline
 90
        2
 70
     0
 43
0.083125
 10
-23.10972243121069
 20
8.561899417480162
 10
-23.10972243121069
 20
6.400649417402746
  0
LWPOLYLINE
  5
1F0B9
330
1F05C
100
AcDbEntity
  8
0
 62
   134
420
    39591
100
AcDbPolyline
 90
        2
 70
     0
 43
0.083125
 10
-36.32659743113618
 20
8.478774417402746
 10
-36.32659743113618
 20
6.400649417402746
  0
LWPOLYLINE
  5
1F0BA
330
1F05C
100
AcDbEntity
  8
0
 62
   134
420
    39591
100
AcDbPolyline
 90
        2
 70
     0
 43
0.2493749999999999
 10
-32.66909743122233
 20
8.478774417402746
 10
-32.66909743122233
 20
7.215274417387263
  0
LWPOLYLINE
  5
1F0BB
330
1F05C
100
AcDbEntity
  8
0
 62
   134
420
    39591
100
AcDbPolyline
 90
        2
 70
     0
 43
0.16625
 10
-26.80047243117588
 20
8.478774417402746
 10
-26.80047243117588
 20
7.215274417387263
  0
LWPOLYLINE
  5
1F0BC
330
1F05C
100
AcDbEntity
  8
0
 62
   134
420
    39591
100
AcDbPolyline
 90
        2
 70
     0
 43
0.083125
 10
-23.02659743113327
 20
8.478774417402746
 10
-23.02659743113327
 20
6.317524417521781
  0
LWPOLYLINE
  5
1F0BD
330
1F05C
100
AcDbEntity
  8
0
 62
   134
420
    39591
100
AcDbPolyline
 90
        2
 70
     0
 43
0.083125
 10
-36.4097224316065
 20
8.395649417521781
 10
-36.4097224316065
 20
6.317524417521781
  0
LWPOLYLINE
  5
1F0BE
330
1F05C
100
AcDbEntity
  8
0
 62
   134
420
    39591
100
AcDbPolyline
 90
        2
 70
     0
 43
0.083125
 10
-34.4645974313462
 20
8.345774417473876
 10
-34.38147243126878
 20
8.345774417473876
  0
LWPOLYLINE
  5
1F0BF
330
1F05C
100
AcDbEntity
  8
0
 62
   134
420
    39591
100
AcDbPolyline
 90
        2
 70
     0
 43
0.083125
 10
-34.1985974314739
 20
8.345774417473876
 10
-34.11547243139648
 20
8.345774417473876
  0
LWPOLYLINE
  5
1F0C0
330
1F05C
100
AcDbEntity
  8
0
 62
   134
420
    39591
100
AcDbPolyline
 90
        2
 70
     0
 43
0.16625
 10
-32.45297243140522
 20
8.395649417521781
 10
-32.45297243140522
 20
7.132149417506298
  0
LWPOLYLINE
  5
1F0C1
330
1F05C
100
AcDbEntity
  8
0
 62
   134
420
    39591
100
AcDbPolyline
 90
        2
 70
     0
 43
0.16625
 10
-26.96672243133071
 20
8.395649417521781
 10
-26.96672243133071
 20
7.132149417506298
  0
LWPOLYLINE
  5
1F0C2
330
1F05C
100
AcDbEntity
  8
0
 62
   134
420
    39591
100
AcDbPolyline
 90
        2
 70
     0
 43
0.083125
 10
-25.35409743136552
 20
8.395649417521781
 10
-25.35409743136552
 20
8.212774417545006
  0
LWPOLYLINE
  5
1F0C3
330
1F05C
100
AcDbEntity
  8
0
 62
   134
420
    39591
100
AcDbPolyline
 90
        2
 70
     0
 43
0.083125
 10
-25.05484743148554
 20
8.345774417473876
 10
-24.97172243140813
 20
8.345774417473876
  0
LWPOLYLINE
  5
1F0C4
330
1F05C
100
AcDbEntity
  8
0
 62
   134
420
    39591
100
AcDbPolyline
 90
        2
 70
     0
 43
0.083125
 10
-22.94347243144875
 20
8.395649417521781
 10
-22.94347243144875
 20
6.134649417545006
  0
LWPOLYLINE
  5
1F0C5
330
1F05C
100
AcDbEntity
  8
0
 62
   134
420
    39591
100
AcDbPolyline
 90
        2
 70
     0
 43
0.083125
 10
-36.49284743129101
 20
8.295899417425971
 10
-36.49284743129101
 20
6.134649417545006
  0
LWPOLYLINE
  5
1F0C6
330
1F05C
100
AcDbEntity
  8
0
 62
   134
420
    39591
100
AcDbPolyline
 90
        2
 70
     0
 43
0.16625
 10
-32.30334743126878
 20
8.295899417425971
 10
-32.30334743126878
 20
7.049024417428881
  0
LWPOLYLINE
  5
1F0C7
330
1F05C
100
AcDbEntity
  8
0
 62
   134
420
    39591
100
AcDbPolyline
 90
        2
 70
     0
 43
0.2493749999999999
 10
-27.18284743113327
 20
8.295899417425971
 10
-27.18284743113327
 20
7.049024417428881
  0
LWPOLYLINE
  5
1F0C8
330
1F05C
100
AcDbEntity
  8
0
 62
   134
420
    39591
100
AcDbPolyline
 90
        2
 70
     0
 43
0.083125
 10
-24.88859743133071
 20
8.26264941739646
 10
-24.80547243125329
 20
8.26264941739646
  0
LWPOLYLINE
  5
1F0C9
330
1F05C
100
AcDbEntity
  8
0
 62
   134
420
    39591
100
AcDbPolyline
 90
        2
 70
     0
 43
0.083125
 10
-22.86034743137134
 20
8.295899417425971
 10
-22.86034743137134
 20
6.051524417467589
  0
LWPOLYLINE
  5
1F0CA
330
1F05C
100
AcDbEntity
  8
0
 62
   134
420
    39591
100
AcDbPolyline
 90
        2
 70
     0
 43
0.083125
 10
-36.57597243136843
 20
8.212774417545006
 10
-36.57597243136843
 20
5.968399417390173
  0
LWPOLYLINE
  5
1F0CB
330
1F05C
100
AcDbEntity
  8
0
 62
   134
420
    39591
100
AcDbPolyline
 90
        2
 70
     0
 43
0.2493749999999999
 10
-32.08722243145166
 20
8.212774417545006
 10
-32.08722243145166
 20
7.049024417428881
  0
LWPOLYLINE
  5
1F0CC
330
1F05C
100
AcDbEntity
  8
0
 62
   134
420
    39591
100
AcDbPolyline
 90
        2
 70
     0
 43
0.16625
 10
-27.39897243134328
 20
8.212774417545006
 10
-27.39897243134328
 20
6.965899417351465
  0
LWPOLYLINE
  5
1F0CD
330
1F05C
100
AcDbEntity
  8
0
 62
   134
420
    39591
100
AcDbPolyline
 90
        2
 70
     0
 43
0.083125
 10
-22.77722243129392
 20
8.212774417545006
 10
-22.77722243129392
 20
5.885274417501932
  0
LWPOLYLINE
  5
1F0CE
330
1F05C
100
AcDbEntity
  8
0
 62
   134
420
    39591
100
AcDbPolyline
 90
        2
 70
     0
 43
0.083125
 10
-36.65909743144585
 20
8.129649417467589
 10
-36.65909743144585
 20
5.885274417501932
  0
LWPOLYLINE
  5
1F0CF
330
1F05C
100
AcDbEntity
  8
0
 62
   134
420
    39591
100
AcDbPolyline
 90
        2
 70
     0
 43
0.083125
 10
-34.03234743131907
 20
8.096399417438078
 10
-33.96584743126005
 20
8.096399417438078
  0
LWPOLYLINE
  5
1F0D0
330
1F05C
100
AcDbEntity
  8
0
 62
   134
420
    39591
100
AcDbPolyline
 90
        2
 70
     0
 43
0.2493749999999999
 10
-31.83784743121942
 20
8.129649417467589
 10
-31.83784743121942
 20
6.965899417351465
  0
LWPOLYLINE
  5
1F0D1
330
1F05C
100
AcDbEntity
  8
0
 62
   134
420
    39591
100
AcDbPolyline
 90
        2
 70
     0
 43
0.415625
 10
-27.68159743121942
 20
8.129649417467589
 10
-27.68159743121942
 20
6.965899417351465
  0
LWPOLYLINE
  5
1F0D2
330
1F05C
100
AcDbEntity
  8
0
 62
   134
420
    39591
100
AcDbPolyline
 90
        2
 70
     0
 43
0.083125
 10
-25.52034743152035
 20
8.129649417467589
 10
-25.52034743152035
 20
7.963399417501932
  0
LWPOLYLINE
  5
1F0D3
330
1F05C
100
AcDbEntity
  8
0
 62
   134
420
    39591
100
AcDbPolyline
 90
        2
 70
     0
 43
0.083125
 10
-22.69409743160941
 20
8.129649417467589
 10
-22.69409743160941
 20
5.802149417424516
  0
LWPOLYLINE
  5
1F0D4
330
1F05C
100
AcDbEntity
  8
0
 62
   134
420
    39591
100
AcDbPolyline
 90
        2
 70
     0
 43
0.083125
 10
-36.74222243114491
 20
8.046524417390173
 10
-36.74222243114491
 20
5.71902441754355
  0
LWPOLYLINE
  5
1F0D5
330
1F05C
100
AcDbEntity
  8
0
 62
   134
420
    39591
100
AcDbPolyline
 90
        2
 70
     0
 43
0.083125
 10
-34.88022243134037
 20
8.013274417549837
 10
-34.79709743126296
 20
8.013274417549837
  0
LWPOLYLINE
  5
1F0D6
330
1F05C
100
AcDbEntity
  8
0
 62
   134
420
    39591
100
AcDbPolyline
 90
        2
 70
     0
 43
0.415625
 10
-31.5053474312881
 20
8.046524417390173
 10
-31.5053474312881
 20
6.882774417463224
  0
LWPOLYLINE
  5
1F0D7
330
1F05C
100
AcDbEntity
  8
0
 62
   134
420
    39591
100
AcDbPolyline
 90
        2
 70
     0
 43
0.3325
 10
-28.04734743155132
 20
8.046524417390173
 10
-28.04734743155132
 20
6.882774417463224
  0
LWPOLYLINE
  5
1F0D8
330
1F05C
100
AcDbEntity
  8
0
 62
   134
420
    39591
100
AcDbPolyline
 90
        2
 70
     0
 43
0.083125
 10
-24.63922243147681
 20
8.013274417549837
 10
-24.57272243141779
 20
8.013274417549837
  0
LWPOLYLINE
  5
1F0D9
330
1F05C
100
AcDbEntity
  8
0
 62
   134
420
    39591
100
AcDbPolyline
 90
        2
 70
     0
 43
0.083125
 10
-36.82534743122233
 20
7.963399417501932
 10
-36.82534743122233
 20
5.569399417596287
  0
LWPOLYLINE
  5
1F0DA
330
1F05C
100
AcDbEntity
  8
0
 62
   134
420
    39591
100
AcDbPolyline
 90
        2
 70
     0
 43
0.5818750000000001
 10
-31.00659743160941
 20
7.963399417501932
 10
-31.00659743160941
 20
6.799649417582259
  0
LWPOLYLINE
  5
1F0DB
330
1F05C
100
AcDbEntity
  8
0
 62
   134
420
    39591
100
AcDbPolyline
 90
        2
 70
     0
 43
0.5818750000000001
 10
-28.51284743122233
 20
7.963399417501932
 10
-28.51284743122233
 20
6.799649417582259
  0
LWPOLYLINE
  5
1F0DC
330
1F05C
100
AcDbEntity
  8
0
 62
   134
420
    39591
100
AcDbPolyline
 90
        2
 70
     0
 43
0.083125
 10
-22.61097243153199
 20
7.963399417501932
 10
-22.61097243153199
 20
5.652524417484528
  0
LWPOLYLINE
  5
1F0DD
330
1F05C
100
AcDbEntity
  8
0
 62
   134
420
    39591
100
AcDbPolyline
 90
        2
 70
     0
 43
0.083125
 10
-36.90847243129975
 20
7.880274417424516
 10
-36.90847243129975
 20
5.403149417441454
  0
LWPOLYLINE
  5
1F0DE
330
1F05C
100
AcDbEntity
  8
0
 62
   134
420
    39591
100
AcDbPolyline
 90
        2
 70
     0
 43
0.083125
 10
-35.11297243117588
 20
7.847024417395005
 10
-35.02984743147681
 20
7.847024417395005
  0
LWPOLYLINE
  5
1F0DF
330
1F05C
100
AcDbEntity
  8
0
 62
   134
420
    39591
100
AcDbPolyline
 90
        2
 70
     0
 43
0.083125
 10
-33.79959743110521
 20
7.847024417395005
 10
-33.7164724314207
 20
7.847024417395005
  0
LWPOLYLINE
  5
1F0E0
330
1F05C
100
AcDbEntity
  8
0
 62
   134
420
    39591
100
AcDbPolyline
 90
        2
 70
     0
 43
1.16375
 10
-30.72397243134037
 20
7.315024417483073
 10
-28.79547243147681
 20
7.315024417483073
  0
LWPOLYLINE
  5
1F0E1
330
1F05C
100
AcDbEntity
  8
0
 62
   134
420
    39591
100
AcDbPolyline
 90
        2
 70
     0
 43
0.083125
 10
-25.71984743131907
 20
7.847024417395005
 10
-25.65334743126005
 20
7.847024417395005
  0
LWPOLYLINE
  5
1F0E2
330
1F05C
100
AcDbEntity
  8
0
 62
   134
420
    39591
100
AcDbPolyline
 90
        2
 70
     0
 43
0.083125
 10
-22.52784743145458
 20
7.880274417424516
 10
-22.52784743145458
 20
5.48627441751887
  0
LWPOLYLINE
  5
1F0E3
330
1F05C
100
AcDbEntity
  8
0
 62
   134
420
    39591
100
AcDbPolyline
 90
        2
 70
     0
 43
0.083125
 10
-36.99159743137716
 20
7.813774417365493
 10
-36.99159743137716
 20
5.236899417483073
  0
LWPOLYLINE
  5
1F0E4
330
1F05C
100
AcDbEntity
  8
0
 62
   134
420
    39591
100
AcDbPolyline
 90
        2
 70
     0
 43
0.083125
 10
-25.8860974314739
 20
7.763899417514039
 10
-25.80297243139649
 20
7.763899417514039
  0
LWPOLYLINE
  5
1F0E5
330
1F05C
100
AcDbEntity
  8
0
 62
   134
420
    39591
100
AcDbPolyline
 90
        2
 70
     0
 43
0.083125
 10
-22.44472243137716
 20
7.813774417365493
 10
-22.44472243137716
 20
5.320024417560489
  0
LWPOLYLINE
  5
1F0E6
330
1F05C
100
AcDbEntity
  8
0
 62
   134
420
    39591
100
AcDbPolyline
 90
        2
 70
     0
 43
0.083125
 10
-33.61672243132489
 20
7.680774417436623
 10
-33.45047243156296
 20
7.680774417436623
  0
LWPOLYLINE
  5
1F0E7
330
1F05C
100
AcDbEntity
  8
0
 62
   134
420
    39591
100
AcDbPolyline
 90
        2
 70
     0
 43
0.083125
 10
-24.24022243150103
 20
7.680774417436623
 10
-24.15709743142361
 20
7.680774417436623
  0
LWPOLYLINE
  5
1F0E8
330
1F05C
100
AcDbEntity
  8
0
 62
   134
420
    39591
100
AcDbPolyline
 90
        2
 70
     0
 43
0.083125
 10
-22.36159743129974
 20
7.730649417484528
 10
-22.36159743129974
 20
5.137149417387263
  0
LWPOLYLINE
  5
1F0E9
330
1F05C
100
AcDbEntity
  8
0
 62
   134
420
    39591
100
AcDbPolyline
 90
        2
 70
     0
 43
0.083125
 10
-37.07472243145458
 20
7.647524417596287
 10
-37.07472243145458
 20
5.137149417387263
  0
LWPOLYLINE
  5
1F0EA
330
1F05C
100
AcDbEntity
  8
0
 62
   134
420
    39591
100
AcDbPolyline
 90
        2
 70
     0
 43
0.083125
 10
-26.1354724313278
 20
7.597649417359207
 10
-25.96922243155132
 20
7.597649417359207
  0
LWPOLYLINE
  5
1F0EB
330
1F05C
100
AcDbEntity
  8
0
 62
   134
420
    39591
100
AcDbPolyline
 90
        2
 70
     0
 43
0.083125
 10
-22.27847243122233
 20
7.647524417596287
 10
-22.27847243122233
 20
4.970899417428881
  0
LWPOLYLINE
  5
1F0EC
330
1F05C
100
AcDbEntity
  8
0
 62
   134
420
    39591
100
AcDbPolyline
 90
        2
 70
     0
 43
0.083125
 10
-37.15784743153199
 20
7.56439941751887
 10
-37.15784743153199
 20
4.887774417351465
  0
LWPOLYLINE
  5
1F0ED
330
1F05C
100
AcDbEntity
  8
0
 62
   134
420
    39591
100
AcDbPolyline
 90
        2
 70
     0
 43
0.083125
 10
-35.46209743148938
 20
7.514524417470966
 10
-35.36234743140813
 20
7.514524417470966
  0
LWPOLYLINE
  5
1F0EE
330
1F05C
100
AcDbEntity
  8
0
 62
   134
420
    39591
100
AcDbPolyline
 90
        2
 70
     0
 43
0.083125
 10
-33.38397243148938
 20
7.514524417470966
 10
-33.30084743141197
 20
7.514524417470966
  0
LWPOLYLINE
  5
1F0EF
330
1F05C
100
AcDbEntity
  8
0
 62
   134
420
    39591
100
AcDbPolyline
 90
        2
 70
     0
 43
0.083125
 10
-37.24097243160941
 20
7.481274417441454
 10
-37.24097243160941
 20
4.721524417582259
  0
LWPOLYLINE
  5
1F0F0
330
1F05C
100
AcDbEntity
  8
0
 62
   134
420
    39591
100
AcDbPolyline
 90
        2
 70
     0
 43
0.083125
 10
-26.31834743150103
 20
7.43139941759
 10
-26.23522243142361
 20
7.43139941759
  0
LWPOLYLINE
  5
1F0F1
330
1F05C
100
AcDbEntity
  8
0
 62
   134
420
    39591
100
AcDbPolyline
 90
        2
 70
     0
 43
0.083125
 10
-22.19534743114491
 20
7.481274417441454
 10
-22.19534743114491
 20
4.721524417582259
  0
LWPOLYLINE
  5
1F0F2
330
1F05C
100
AcDbEntity
  8
0
 62
   134
420
    39591
100
AcDbPolyline
 90
        2
 70
     0
 43
0.083125
 10
-23.89109743155132
 20
7.348274417512584
 10
-23.8079724314739
 20
7.348274417512584
  0
LWPOLYLINE
  5
1F0F3
330
1F05C
100
AcDbEntity
  8
0
 62
   134
420
    39591
100
AcDbPolyline
 90
        2
 70
     0
 43
0.083125
 10
-22.11222243144584
 20
7.398149417560489
 10
-22.11222243144584
 20
4.488774417368404
  0
LWPOLYLINE
  5
1F0F4
330
1F05C
100
AcDbEntity
  8
0
 62
   134
420
    39591
100
AcDbPolyline
 90
        2
 70
     0
 43
0.083125
 10
-37.32409743129392
 20
7.315024417483073
 10
-37.32409743129392
 20
4.488774417368404
  0
LWPOLYLINE
  5
1F0F5
330
1F05C
100
AcDbEntity
  8
0
 62
   134
420
    39591
100
AcDbPolyline
 90
        2
 70
     0
 43
0.083125
 10
-22.02909743136843
 20
7.315024417483073
 10
-22.02909743136843
 20
4.322524417402746
  0
LWPOLYLINE
  5
1F0F6
330
1F05C
100
AcDbEntity
  8
0
 62
   134
420
    39591
100
AcDbPolyline
 90
        2
 70
     0
 43
0.083125
 10
-37.40722243137134
 20
7.215274417387263
 10
-37.40722243137134
 20
4.239399417521781
  0
LWPOLYLINE
  5
1F0F7
330
1F05C
100
AcDbEntity
  8
0
 62
   134
420
    39591
100
AcDbPolyline
 90
        2
 70
     0
 43
0.083125
 10
-35.7779724314023
 20
7.182024417357752
 10
-35.71147243134328
 20
7.182024417357752
  0
LWPOLYLINE
  5
1F0F8
330
1F05C
100
AcDbEntity
  8
0
 62
   134
420
    39591
100
AcDbPolyline
 90
        2
 70
     0
 43
0.083125
 10
-32.61922243116714
 20
7.182024417357752
 10
-32.53609743148263
 20
7.182024417357752
  0
LWPOLYLINE
  5
1F0F9
330
1F05C
100
AcDbEntity
  8
0
 62
   134
420
    39591
100
AcDbPolyline
 90
        2
 70
     0
 43
0.083125
 10
-26.88359743125329
 20
7.182024417357752
 10
-26.80047243117588
 20
7.182024417357752
  0
LWPOLYLINE
  5
1F0FA
330
1F05C
100
AcDbEntity
  8
0
 62
   134
420
    39591
100
AcDbPolyline
 90
        2
 70
     0
 43
0.083125
 10
-21.94597243129101
 20
7.215274417387263
 10
-21.94597243129101
 20
4.056524417545006
  0
LWPOLYLINE
  5
1F0FB
330
1F05C
100
AcDbEntity
  8
0
 62
   134
420
    39591
100
AcDbPolyline
 90
        2
 70
     0
 43
0.083125
 10
-37.49034743144875
 20
7.132149417506298
 10
-37.49034743144875
 20
3.890274417390173
  0
LWPOLYLINE
  5
1F0FC
330
1F05C
100
AcDbEntity
  8
0
 62
   134
420
    39591
100
AcDbPolyline
 90
        2
 70
     0
 43
0.083125
 10
-32.1204724314739
 20
7.01577441739937
 10
-31.95422243131907
 20
7.01577441739937
  0
LWPOLYLINE
  5
1F0FD
330
1F05C
100
AcDbEntity
  8
0
 62
   134
420
    39591
100
AcDbPolyline
 90
        2
 70
     0
 43
0.083125
 10
-21.8628474316065
 20
7.049024417428881
 10
-21.8628474316065
 20
3.724024417424516
  0
LWPOLYLINE
  5
1F0FE
330
1F05C
100
AcDbEntity
  8
0
 62
   134
420
    39591
100
AcDbPolyline
 90
        2
 70
     0
 43
0.083125
 10
-37.57347243113327
 20
6.965899417351465
 10
-37.57347243113327
 20
3.657524417365493
  0
LWPOLYLINE
  5
1F0FF
330
1F05C
100
AcDbEntity
  8
0
 62
   134
420
    39591
100
AcDbPolyline
 90
        2
 70
     0
 43
0.083125
 10
-31.87109743124165
 20
6.932649417321954
 10
-31.72147243110521
 20
6.932649417321954
  0
LWPOLYLINE
  5
1F100
330
1F05C
100
AcDbEntity
  8
0
 62
   134
420
    39591
100
AcDbPolyline
 90
        2
 70
     0
 43
0.083125
 10
-27.88109743139648
 20
6.932649417321954
 10
-27.64834743157553
 20
6.932649417321954
  0
LWPOLYLINE
  5
1F101
330
1F05C
100
AcDbEntity
  8
0
 62
   134
420
    39591
100
AcDbPolyline
 90
        2
 70
     0
 43
0.083125
 10
-37.65659743121068
 20
6.882774417463224
 10
-37.65659743121068
 20
3.241899417560489
  0
LWPOLYLINE
  5
1F102
330
1F05C
100
AcDbEntity
  8
0
 62
   134
420
    39591
100
AcDbPolyline
 90
        2
 70
     0
 43
0.083125
 10
-31.37234743156296
 20
6.849524417433713
 10
-31.30584743148939
 20
6.849524417433713
  0
LWPOLYLINE
  5
1F103
330
1F05C
100
AcDbEntity
  8
0
 62
   134
420
    39591
100
AcDbPolyline
 90
        2
 70
     0
 43
0.083125
 10
-28.2135974313278
 20
6.849524417433713
 10
-28.04734743155132
 20
6.849524417433713
  0
LWPOLYLINE
  5
1F104
330
1F05C
100
AcDbEntity
  8
0
 62
   134
420
    39591
100
AcDbPolyline
 90
        2
 70
     0
 43
0.083125
 10
-23.35909743144293
 20
6.882774417463224
 10
-23.35909743144293
 20
6.733149417523236
  0
LWPOLYLINE
  5
1F105
330
1F05C
100
AcDbEntity
  8
0
 62
   134
420
    39591
100
AcDbPolyline
 90
        2
 70
     0
 43
0.083125
 10
-21.77972243113618
 20
6.882774417463224
 10
-21.77972243113618
 20
3.40814941751887
  0
LWPOLYLINE
  5
1F106
330
1F05C
100
AcDbEntity
  8
0
 62
   134
420
    39591
100
AcDbPolyline
 90
        2
 70
     0
 43
0.083125
 10
-30.80709743141779
 20
6.766399417552747
 10
-30.72397243134037
 20
6.766399417552747
  0
LWPOLYLINE
  5
1F107
330
1F05C
100
AcDbEntity
  8
0
 62
   134
420
    39591
100
AcDbPolyline
 90
        2
 70
     0
 43
0.083125
 10
-28.79547243147681
 20
6.766399417552747
 10
-28.64584743134037
 20
6.766399417552747
  0
LWPOLYLINE
  5
1F108
330
1F05C
100
AcDbEntity
  8
0
 62
   134
420
    39591
100
AcDbPolyline
 90
        2
 70
     0
 43
0.083125
 10
-21.69659743145166
 20
6.799649417582259
 10
-21.69659743145166
 20
2.892774417428881
  0
LWPOLYLINE
  5
1F109
330
1F05C
100
AcDbEntity
  8
0
 62
   134
420
    39591
100
AcDbPolyline
 90
        2
 70
     0
 43
0.083125
 10
-37.7397224312881
 20
6.733149417523236
 10
-37.7397224312881
 20
2.726524417463224
  0
LWPOLYLINE
  5
1F10A
330
1F05C
100
AcDbEntity
  8
0
 62
   134
420
    39591
100
AcDbPolyline
 90
        2
 70
     0
 43
0.083125
 10
-37.82284743136552
 20
6.65002441744582
 10
-37.82284743136552
 20
-3.158725582594342
  0
LWPOLYLINE
  5
1F10B
330
1F05C
100
AcDbEntity
  8
0
 62
   134
420
    39591
100
AcDbPolyline
 90
        2
 70
     0
 43
0.083125
 10
-21.61347243137425
 20
6.65002441744582
 10
-21.61347243137425
 20
1.978399417545006
  0
LWPOLYLINE
  5
1F10C
330
1F05C
100
AcDbEntity
  8
0
 62
   134
420
    39591
100
AcDbPolyline
 90
        2
 70
     0
 43
0.083125
 10
-21.53034743129683
 20
6.566899417368404
 10
-21.53034743129683
 20
-3.075600582516926
  0
LWPOLYLINE
  5
1F10D
330
1F05C
100
AcDbEntity
  8
0
 62
   134
420
    39591
100
AcDbPolyline
 90
        2
 70
     0
 43
0.083125
 10
-37.90597243144294
 20
6.483774417480162
 10
-37.90597243144294
 20
-2.99247558243951
  0
LWPOLYLINE
  5
1F10E
330
1F05C
100
AcDbEntity
  8
0
 62
   134
420
    39591
100
AcDbPolyline
 90
        2
 70
     0
 43
0.083125
 10
-21.44722243121941
 20
6.400649417402746
 10
-21.44722243121941
 20
-2.909350582558545
  0
LWPOLYLINE
  5
1F10F
330
1F05C
100
AcDbEntity
  8
0
 62
   134
420
    39591
100
AcDbPolyline
 90
        2
 70
     0
 43
0.083125
 10
-37.98909743152035
 20
6.317524417521781
 10
-37.98909743152035
 20
-2.826225582481129
  0
LWPOLYLINE
  5
1F110
330
1F05C
100
AcDbEntity
  8
0
 62
   134
420
    39591
100
AcDbPolyline
 90
        2
 70
     0
 43
0.083125
 10
-21.36409743152035
 20
6.217774417425971
 10
-21.36409743152035
 20
-2.743100582403712
  0
LWPOLYLINE
  5
1F111
330
1F05C
100
AcDbEntity
  8
0
 62
   134
420
    39591
100
AcDbPolyline
 90
        2
 70
     0
 43
0.083125
 10
-38.07222243121941
 20
6.134649417545006
 10
-38.07222243121941
 20
-2.743100582403712
  0
LWPOLYLINE
  5
1F112
330
1F05C
100
AcDbEntity
  8
0
 62
   134
420
    39591
100
AcDbPolyline
 90
        2
 70
     0
 43
0.083125
 10
-21.28097243144293
 20
6.051524417467589
 10
-21.28097243144293
 20
-2.593475582456449
  0
LWPOLYLINE
  5
1F113
330
1F05C
100
AcDbEntity
  8
0
 62
   134
420
    39591
100
AcDbPolyline
 90
        2
 70
     0
 43
0.083125
 10
-38.15534743129683
 20
5.968399417390173
 10
-38.15534743129683
 20
-2.593475582456449
  0
LWPOLYLINE
  5
1F114
330
1F05C
100
AcDbEntity
  8
0
 62
   134
420
    39591
100
AcDbPolyline
 90
        2
 70
     0
 43
0.083125
 10
-38.23847243137425
 20
5.885274417501932
 10
-38.23847243137425
 20
-2.344100582609826
  0
LWPOLYLINE
  5
1F115
330
1F05C
100
AcDbEntity
  8
0
 62
   134
420
    39591
100
AcDbPolyline
 90
        2
 70
     0
 43
0.083125
 10
-21.19784743136552
 20
5.885274417501932
 10
-21.19784743136552
 20
-2.427225582498067
  0
LWPOLYLINE
  5
1F116
330
1F05C
100
AcDbEntity
  8
0
 62
   134
420
    39591
100
AcDbPolyline
 90
        2
 70
     0
 43
0.083125
 10
-38.32159743145167
 20
5.71902441754355
 10
-38.32159743145167
 20
-2.177850582454993
  0
LWPOLYLINE
  5
1F117
330
1F05C
100
AcDbEntity
  8
0
 62
   134
420
    39591
100
AcDbPolyline
 90
        2
 70
     0
 43
0.083125
 10
-21.1147224312881
 20
5.71902441754355
 10
-21.1147224312881
 20
-2.26097558253241
  0
LWPOLYLINE
  5
1F118
330
1F05C
100
AcDbEntity
  8
0
 62
   134
420
    39591
100
AcDbPolyline
 90
        2
 70
     0
 43
0.083125
 10
-21.03159743121068
 20
5.569399417596287
 10
-21.03159743121068
 20
-2.094725582574028
  0
LWPOLYLINE
  5
1F119
330
1F05C
100
AcDbEntity
  8
0
 62
   134
420
    39591
100
AcDbPolyline
 90
        2
 70
     0
 43
1.080624999999999
 10
-4.988472431374248
 20
5.569399417596287
 10
-4.988472431374248
 20
-1.24685058256
  0
LWPOLYLINE
  5
1F11A
330
1F05C
100
AcDbEntity
  8
0
 62
   134
420
    39591
100
AcDbPolyline
 90
        2
 70
     0
 43
0.9974999999999997
 10
5.851027568656718
 20
5.569399417596287
 10
5.851027568656718
 20
-1.24685058256
  0
LWPOLYLINE
  5
1F11B
330
1F05C
100
AcDbEntity
  8
0
 62
   134
420
    39591
100
AcDbPolyline
 90
        2
 70
     0
 43
1.080624999999999
 10
31.33715256839059
 20
5.569399417596287
 10
31.33715256839059
 20
-1.24685058256
  0
LWPOLYLINE
  5
1F11C
330
1F05C
100
AcDbEntity
  8
0
 62
   134
420
    39591
100
AcDbPolyline
 90
        2
 70
     0
 43
0.083125
 10
-38.40472243113618
 20
5.48627441751887
 10
-38.40472243113618
 20
-2.094725582574028
  0
LWPOLYLINE
  5
1F11D
330
1F05C
100
AcDbEntity
  8
0
 62
   134
420
    39591
100
AcDbPolyline
 90
        2
 70
     0
 43
0.083125
 10
-20.94847243113327
 20
5.403149417441454
 10
-20.94847243113327
 20
-1.928475582419196
  0
LWPOLYLINE
  5
1F11E
330
1F05C
100
AcDbEntity
  8
0
 62
   134
420
    39591
100
AcDbPolyline
 90
        2
 70
     0
 43
0.083125
 10
-38.4878474316065
 20
5.320024417560489
 10
-38.4878474316065
 20
-1.845350582530954
  0
LWPOLYLINE
  5
1F11F
330
1F05C
100
AcDbEntity
  8
0
 62
   134
420
    39591
100
AcDbPolyline
 90
        2
 70
     0
 43
0.083125
 10
-20.86534743144875
 20
5.137149417387263
 10
-20.86534743144875
 20
-1.662475582554179
  0
LWPOLYLINE
  5
1F120
330
1F05C
100
AcDbEntity
  8
0
 62
   134
420
    39591
100
AcDbPolyline
 90
        2
 70
     0
 43
0.083125
 10
-38.57097243129101
 20
5.054024417506298
 10
-38.57097243129101
 20
-1.579350582476763
  0
LWPOLYLINE
  5
1F121
330
1F05C
100
AcDbEntity
  8
0
 62
   134
420
    39591
100
AcDbPolyline
 90
        2
 70
     0
 43
0.083125
 10
-20.78222243137134
 20
4.887774417351465
 10
-20.78222243137134
 20
-1.51285058241774
  0
LWPOLYLINE
  5
1F122
330
1F05C
100
AcDbEntity
  8
0
 62
   134
420
    39591
100
AcDbPolyline
 90
        2
 70
     0
 43
0.083125
 10
-38.65409743136843
 20
4.804649417463224
 10
-38.65409743136843
 20
-1.429725582536775
  0
LWPOLYLINE
  5
1F123
330
1F05C
100
AcDbEntity
  8
0
 62
   134
420
    39591
100
AcDbPolyline
 90
        2
 70
     0
 43
0.2493749999999999
 10
34.49590256862575
 20
4.721524417582259
 10
34.49590256862575
 20
-1.24685058256
  0
LWPOLYLINE
  5
1F124
330
1F05C
100
AcDbEntity
  8
0
 62
   134
420
    39591
100
AcDbPolyline
 90
        2
 70
     0
 43
0.083125
 10
-38.73722243144584
 20
4.655024417523236
 10
-38.73722243144584
 20
-1.163725582482584
  0
LWPOLYLINE
  5
1F125
330
1F05C
100
AcDbEntity
  8
0
 62
   134
420
    39591
100
AcDbPolyline
 90
        2
 70
     0
 43
0.083125
 10
-20.69909743129392
 20
4.655024417523236
 10
-20.69909743129392
 20
-1.24685058256
  0
LWPOLYLINE
  5
1F126
330
1F05C
100
AcDbEntity
  8
0
 62
   134
420
    39591
100
AcDbPolyline
 90
        2
 70
     0
 43
0.415625
 10
34.16340256870899
 20
4.655024417523236
 10
34.16340256870899
 20
-0.9974755825169268
  0
LWPOLYLINE
  5
1F127
330
1F05C
100
AcDbEntity
  8
0
 62
   134
420
    39591
100
AcDbPolyline
 90
        2
 70
     0
 43
0.9143749999999998
 10
-30.72397243134037
 20
4.10639941739646
 10
-28.96172243125329
 20
4.10639941739646
  0
LWPOLYLINE
  5
1F128
330
1F05C
100
AcDbEntity
  8
0
 62
   134
420
    39591
100
AcDbPolyline
 90
        2
 70
     0
 43
0.2493749999999999
 10
33.83090256877768
 20
4.57189941744582
 10
33.83090256877768
 20
-0.7481005824811291
  0
LWPOLYLINE
  5
1F129
330
1F05C
100
AcDbEntity
  8
0
 62
   134
420
    39591
100
AcDbPolyline
 90
        2
 70
     0
 43
0.4987499999999999
 10
-30.95672243117588
 20
4.488774417368404
 10
-30.95672243117588
 20
3.491274417596287
  0
LWPOLYLINE
  5
1F12A
330
1F05C
100
AcDbEntity
  8
0
 62
   134
420
    39591
100
AcDbPolyline
 90
        2
 70
     0
 43
0.415625
 10
-28.76222243145458
 20
4.488774417368404
 10
-28.76222243145458
 20
3.491274417596287
  0
LWPOLYLINE
  5
1F12B
330
1F05C
100
AcDbEntity
  8
0
 62
   134
420
    39591
100
AcDbPolyline
 90
        2
 70
     0
 43
0.16625
 10
33.63140256860061
 20
4.488774417368404
 10
33.63140256860061
 20
-0.4322255825754838
  0
LWPOLYLINE
  5
1F12C
330
1F05C
100
AcDbEntity
  8
0
 62
   134
420
    39591
100
AcDbPolyline
 90
        2
 70
     0
 43
0.415625
 10
-31.42222243121068
 20
4.405649417480162
 10
-31.42222243121068
 20
-7.564350582440965
  0
LWPOLYLINE
  5
1F12D
330
1F05C
100
AcDbEntity
  8
0
 62
   134
420
    39591
100
AcDbPolyline
 90
        2
 70
     0
 43
0.2493749999999999
 10
-28.42972243114491
 20
4.405649417480162
 10
-28.42972243114491
 20
3.325024417441454
  0
LWPOLYLINE
  5
1F12E
330
1F05C
100
AcDbEntity
  8
0
 62
   134
420
    39591
100
AcDbPolyline
 90
        2
 70
     0
 43
0.083125
 10
-20.61597243160941
 20
4.405649417480162
 10
-20.61597243160941
 20
-0.9143505824395106
  0
LWPOLYLINE
  5
1F12F
330
1F05C
100
AcDbEntity
  8
0
 62
   134
420
    39591
100
AcDbPolyline
 90
        2
 70
     0
 43
0.083125
 10
-38.82034743114491
 20
4.322524417402746
 10
-38.82034743114491
 20
-0.8312255825585452
  0
LWPOLYLINE
  5
1F130
330
1F05C
100
AcDbEntity
  8
0
 62
   134
420
    39591
100
AcDbPolyline
 90
        2
 70
     0
 43
0.3325
 10
-31.80459743157553
 20
4.322524417402746
 10
-31.80459743157553
 20
-7.48122558256
  0
LWPOLYLINE
  5
1F131
330
1F05C
100
AcDbEntity
  8
0
 62
   134
420
    39591
100
AcDbPolyline
 90
        2
 70
     0
 43
0.2493749999999999
 10
-28.18034743129101
 20
4.322524417402746
 10
-28.18034743129101
 20
3.059024417387263
  0
LWPOLYLINE
  5
1F132
330
1F05C
100
AcDbEntity
  8
0
 62
   134
420
    39591
100
AcDbPolyline
 90
        2
 70
     0
 43
0.2493749999999999
 10
-32.08722243145166
 20
4.239399417521781
 10
-32.08722243145166
 20
-7.398100582482584
  0
LWPOLYLINE
  5
1F133
330
1F05C
100
AcDbEntity
  8
0
 62
   134
420
    39591
100
AcDbPolyline
 90
        2
 70
     0
 43
0.16625
 10
-27.9642224314739
 20
4.239399417521781
 10
-27.9642224314739
 20
2.809649417351465
  0
LWPOLYLINE
  5
1F134
330
1F05C
100
AcDbEntity
  8
0
 62
   134
420
    39591
100
AcDbPolyline
 90
        2
 70
     0
 43
0.16625
 10
-32.30334743126878
 20
4.139649417425971
 10
-32.30334743126878
 20
-7.314975582594342
  0
LWPOLYLINE
  5
1F135
330
1F05C
100
AcDbEntity
  8
0
 62
   134
420
    39591
100
AcDbPolyline
 90
        2
 70
     0
 43
0.16625
 10
-27.79797243131907
 20
4.139649417425971
 10
-27.79797243131907
 20
2.49377441744582
  0
LWPOLYLINE
  5
1F136
330
1F05C
100
AcDbEntity
  8
0
 62
   134
420
    39591
100
AcDbPolyline
 90
        2
 70
     0
 43
0.083125
 10
-20.53284743153199
 20
4.139649417425971
 10
-20.53284743153199
 20
-0.6649755824037129
  0
LWPOLYLINE
  5
1F137
330
1F05C
100
AcDbEntity
  8
0
 62
   134
420
    39591
100
AcDbPolyline
 90
        2
 70
     0
 43
0.2493749999999999
 10
-32.50284743144585
 20
4.056524417545006
 10
-32.50284743144585
 20
-7.231850582516926
  0
LWPOLYLINE
  5
1F138
330
1F05C
100
AcDbEntity
  8
0
 62
   134
420
    39591
100
AcDbPolyline
 90
        2
 70
     0
 43
0.16625
 10
-27.64834743157553
 20
4.056524417545006
 10
-27.64834743157553
 20
1.978399417545006
  0
LWPOLYLINE
  5
1F139
330
1F05C
100
AcDbEntity
  8
0
 62
   134
420
    39591
100
AcDbPolyline
 90
        2
 70
     0
 43
0.083125
 10
-38.90347243122233
 20
3.973399417467589
 10
-38.90347243122233
 20
-0.4987255826345063
  0
LWPOLYLINE
  5
1F13A
330
1F05C
100
AcDbEntity
  8
0
 62
   134
420
    39591
100
AcDbPolyline
 90
        2
 70
     0
 43
0.16625
 10
-27.4820974314207
 20
3.973399417467589
 10
-27.4820974314207
 20
-2.344100582609826
  0
LWPOLYLINE
  5
1F13B
330
1F05C
100
AcDbEntity
  8
0
 62
   134
420
    39591
100
AcDbPolyline
 90
        2
 70
     0
 43
0.16625
 10
-27.31584743126587
 20
3.890274417390173
 10
-27.31584743126587
 20
-2.26097558253241
  0
LWPOLYLINE
  5
1F13C
330
1F05C
100
AcDbEntity
  8
0
 62
   134
420
    39591
100
AcDbPolyline
 90
        2
 70
     0
 43
0.083125
 10
-27.18284743113327
 20
3.807149417501932
 10
-27.18284743113327
 20
-2.177850582454993
  0
LWPOLYLINE
  5
1F13D
330
1F05C
100
AcDbEntity
  8
0
 62
   134
420
    39591
100
AcDbPolyline
 90
        2
 70
     0
 43
0.083125
 10
-27.09972243144875
 20
3.724024417424516
 10
-27.09972243144875
 20
-2.094725582574028
  0
LWPOLYLINE
  5
1F13E
330
1F05C
100
AcDbEntity
  8
0
 62
   134
420
    39591
100
AcDbPolyline
 90
        2
 70
     0
 43
0.083125
 10
-20.44972243145458
 20
3.724024417424516
 10
-20.44972243145458
 20
-0.2659755826098262
  0
LWPOLYLINE
  5
1F13F
330
1F05C
100
AcDbEntity
  8
0
 62
   134
420
    39591
100
AcDbPolyline
 90
        2
 70
     0
 43
0.083125
 10
-38.98659743129974
 20
3.657524417365493
 10
-38.98659743129974
 20
-0.18285058253241
  0
LWPOLYLINE
  5
1F140
330
1F05C
100
AcDbEntity
  8
0
 62
   134
420
    39591
100
AcDbPolyline
 90
        2
 70
     0
 43
0.083125
 10
-30.72397243134037
 20
3.607649417514039
 10
-30.39147243142361
 20
3.607649417514039
  0
LWPOLYLINE
  5
1F141
330
1F05C
100
AcDbEntity
  8
0
 62
   134
420
    39591
100
AcDbPolyline
 90
        2
 70
     0
 43
0.083125
 10
-29.21109743148554
 20
3.607649417514039
 10
-28.96172243125329
 20
3.607649417514039
  0
LWPOLYLINE
  5
1F142
330
1F05C
100
AcDbEntity
  8
0
 62
   134
420
    39591
100
AcDbPolyline
 90
        2
 70
     0
 43
0.083125
 10
-27.01659743137134
 20
3.657524417365493
 10
-27.01659743137134
 20
-2.011600582496612
  0
LWPOLYLINE
  5
1F143
330
1F05C
100
AcDbEntity
  8
0
 62
   134
420
    39591
100
AcDbPolyline
 90
        2
 70
     0
 43
0.083125
 10
-26.93347243129392
 20
3.574399417484528
 10
-26.93347243129392
 20
-1.928475582419196
  0
LWPOLYLINE
  5
1F144
330
1F05C
100
AcDbEntity
  8
0
 62
   134
420
    39591
100
AcDbPolyline
 90
        2
 70
     0
 43
0.5818750000000001
 10
-15.17959743157553
 20
3.27514941759
 10
-14.08234743132197
 20
3.27514941759
  0
LWPOLYLINE
  5
1F145
330
1F05C
100
AcDbEntity
  8
0
 62
   134
420
    39591
100
AcDbPolyline
 90
        2
 70
     0
 43
0.665
 10
-9.261097431473899
 20
3.241899417560489
 10
-8.446472431489382
 20
3.241899417560489
  0
LWPOLYLINE
  5
1F146
330
1F05C
100
AcDbEntity
  8
0
 62
   134
420
    39591
100
AcDbPolyline
 90
        2
 70
     0
 43
0.665
 10
-1.796472431102301
 20
3.241899417560489
 10
-0.7989724313374609
 20
3.241899417560489
  0
LWPOLYLINE
  5
1F147
330
1F05C
100
AcDbEntity
  8
0
 62
   134
420
    39591
100
AcDbPolyline
 90
        2
 70
     0
 43
0.665
 10
3.290777568603516
 20
3.241899417560489
 10
4.371402568824123
 20
3.241899417560489
  0
LWPOLYLINE
  5
1F148
330
1F05C
100
AcDbEntity
  8
0
 62
   134
420
    39591
100
AcDbPolyline
 90
        2
 70
     0
 43
0.16625
 10
4.437902568897698
 20
3.574399417484528
 10
4.437902568897698
 20
3.241899417560489
  0
LWPOLYLINE
  5
1F149
330
1F05C
100
AcDbEntity
  8
0
 62
   134
420
    39591
100
AcDbPolyline
 90
        2
 70
     0
 43
0.665
 10
12.01890256859769
 20
3.241899417560489
 10
12.85015256860061
 20
3.241899417560489
  0
LWPOLYLINE
  5
1F14A
330
1F05C
100
AcDbEntity
  8
0
 62
   134
420
    39591
100
AcDbPolyline
 90
        2
 70
     0
 43
0.5818750000000001
 10
17.17265256836254
 20
3.27514941759
 10
18.31977756865672
 20
3.27514941759
  0
LWPOLYLINE
  5
1F14B
330
1F05C
100
AcDbEntity
  8
0
 62
   134
420
    39591
100
AcDbPolyline
 90
        2
 70
     0
 43
0.665
 10
22.47602756865672
 20
3.241899417560489
 10
23.30727756865963
 20
3.241899417560489
  0
LWPOLYLINE
  5
1F14C
330
1F05C
100
AcDbEntity
  8
0
 62
   134
420
    39591
100
AcDbPolyline
 90
        2
 70
     0
 43
0.2493749999999999
 10
-31.08972243129392
 20
3.491274417596287
 10
-31.08972243129392
 20
-7.564350582440965
  0
LWPOLYLINE
  5
1F14D
330
1F05C
100
AcDbEntity
  8
0
 62
   134
420
    39591
100
AcDbPolyline
 90
        2
 70
     0
 43
0.083125
 10
-28.72897243141779
 20
3.441399417359207
 10
-28.56272243126296
 20
3.441399417359207
  0
LWPOLYLINE
  5
1F14E
330
1F05C
100
AcDbEntity
  8
0
 62
   134
420
    39591
100
AcDbPolyline
 90
        2
 70
     0
 43
0.083125
 10
-26.85034743160941
 20
3.491274417596287
 10
-26.85034743160941
 20
-1.845350582530954
  0
LWPOLYLINE
  5
1F14F
330
1F05C
100
AcDbEntity
  8
0
 62
   134
420
    39591
100
AcDbPolyline
 90
        2
 70
     0
 43
0.5818750000000001
 10
-15.7448474313278
 20
3.192024417512584
 10
-15.17959743157553
 20
3.192024417512584
  0
LWPOLYLINE
  5
1F150
330
1F05C
100
AcDbEntity
  8
0
 62
   134
420
    39591
100
AcDbPolyline
 90
        2
 70
     0
 43
0.415625
 10
-13.88284743114491
 20
3.491274417596287
 10
-13.88284743114491
 20
2.892774417428881
  0
LWPOLYLINE
  5
1F151
330
1F05C
100
AcDbEntity
  8
0
 62
   134
420
    39591
100
AcDbPolyline
 90
        2
 70
     0
 43
0.415625
 10
-9.477222431291011
 20
3.491274417596287
 10
-9.477222431291011
 20
2.892774417428881
  0
LWPOLYLINE
  5
1F152
330
1F05C
100
AcDbEntity
  8
0
 62
   134
420
    39591
100
AcDbPolyline
 90
        2
 70
     0
 43
0.3325
 10
-8.28022243133455
 20
3.491274417596287
 10
-8.28022243133455
 20
2.809649417351465
  0
LWPOLYLINE
  5
1F153
330
1F05C
100
AcDbEntity
  8
0
 62
   134
420
    39591
100
AcDbPolyline
 90
        2
 70
     0
 43
0.5818750000000001
 10
-2.361722431247471
 20
3.192024417512584
 10
-1.796472431102301
 20
3.192024417512584
  0
LWPOLYLINE
  5
1F154
330
1F05C
100
AcDbEntity
  8
0
 62
   134
420
    39591
100
AcDbPolyline
 90
        2
 70
     0
 43
0.415625
 10
-0.5828474315203494
 20
3.491274417596287
 10
-0.5828474315203494
 20
2.809649417351465
  0
LWPOLYLINE
  5
1F155
330
1F05C
100
AcDbEntity
  8
0
 62
   134
420
    39591
100
AcDbPolyline
 90
        2
 70
     0
 43
0.5818750000000001
 10
2.692277568421559
 20
3.192024417512584
 10
3.290777568603516
 20
3.192024417512584
  0
LWPOLYLINE
  5
1F156
330
1F05C
100
AcDbEntity
  8
0
 62
   134
420
    39591
100
AcDbPolyline
 90
        2
 70
     0
 43
0.083125
 10
9.392152568863821
 20
3.491274417596287
 10
9.392152568863821
 20
3.325024417441454
  0
LWPOLYLINE
  5
1F157
330
1F05C
100
AcDbEntity
  8
0
 62
   134
420
    39591
100
AcDbPolyline
 90
        2
 70
     0
 43
0.415625
 10
11.80277756878058
 20
3.491274417596287
 10
11.80277756878058
 20
2.809649417351465
  0
LWPOLYLINE
  5
1F158
330
1F05C
100
AcDbEntity
  8
0
 62
   134
420
    39591
100
AcDbPolyline
 90
        2
 70
     0
 43
0.3325
 10
13.01640256836253
 20
3.491274417596287
 10
13.01640256836253
 20
2.809649417351465
  0
LWPOLYLINE
  5
1F159
330
1F05C
100
AcDbEntity
  8
0
 62
   134
420
    39591
100
AcDbPolyline
 90
        2
 70
     0
 43
0.5818750000000001
 10
16.57415256858803
 20
3.192024417512584
 10
17.17265256836254
 20
3.192024417512584
  0
LWPOLYLINE
  5
1F15A
330
1F05C
100
AcDbEntity
  8
0
 62
   134
420
    39591
100
AcDbPolyline
 90
        2
 70
     0
 43
0.4987499999999999
 10
18.58577756851446
 20
3.491274417596287
 10
18.58577756851446
 20
2.809649417351465
  0
LWPOLYLINE
  5
1F15B
330
1F05C
100
AcDbEntity
  8
0
 62
   134
420
    39591
100
AcDbPolyline
 90
        2
 70
     0
 43
0.3325
 10
22.30977756889479
 20
3.491274417596287
 10
22.30977756889479
 20
2.726524417463224
  0
LWPOLYLINE
  5
1F15C
330
1F05C
100
AcDbEntity
  8
0
 62
   134
420
    39591
100
AcDbPolyline
 90
        2
 70
     0
 43
0.415625
 10
23.52340256885509
 20
3.491274417596287
 10
23.52340256885509
 20
2.892774417428881
  0
LWPOLYLINE
  5
1F15D
330
1F05C
100
AcDbEntity
  8
0
 62
   134
420
    39591
100
AcDbPolyline
 90
        2
 70
     0
 43
0.083125
 10
34.66215256878058
 20
3.491274417596287
 10
34.66215256878058
 20
2.809649417351465
  0
LWPOLYLINE
  5
1F15E
330
1F05C
100
AcDbEntity
  8
0
 62
   134
420
    39591
100
AcDbPolyline
 90
        2
 70
     0
 43
0.083125
 10
-28.64584743134037
 20
3.358274417470966
 10
-28.56272243126296
 20
3.358274417470966
  0
LWPOLYLINE
  5
1F15F
330
1F05C
100
AcDbEntity
  8
0
 62
   134
420
    39591
100
AcDbPolyline
 90
        2
 70
     0
 43
0.083125
 10
-26.76722243153199
 20
3.40814941751887
 10
-26.76722243153199
 20
-1.745600582631595
  0
LWPOLYLINE
  5
1F160
330
1F05C
100
AcDbEntity
  8
0
 62
   134
420
    39591
100
AcDbPolyline
 90
        2
 70
     0
 43
0.083125
 10
-20.36659743137716
 20
3.40814941751887
 10
-20.36659743137716
 20
0.1496494175808039
  0
LWPOLYLINE
  5
1F161
330
1F05C
100
AcDbEntity
  8
0
 62
   134
420
    39591
100
AcDbPolyline
 90
        2
 70
     0
 43
0.2493749999999999
 10
-15.87784743144584
 20
3.40814941751887
 10
-15.87784743144584
 20
-3.075600582516926
  0
LWPOLYLINE
  5
1F162
330
1F05C
100
AcDbEntity
  8
0
 62
   134
420
    39591
100
AcDbPolyline
 90
        2
 70
     0
 43
0.2493749999999999
 10
-13.55034743160649
 20
3.40814941751887
 10
-13.55034743160649
 20
2.643399417582259
  0
LWPOLYLINE
  5
1F163
330
1F05C
100
AcDbEntity
  8
0
 62
   134
420
    39591
100
AcDbPolyline
 90
        2
 70
     0
 43
0.2493749999999999
 10
-9.809722431222326
 20
3.40814941751887
 10
-9.809722431222326
 20
2.576899417523236
  0
LWPOLYLINE
  5
1F164
330
1F05C
100
AcDbEntity
  8
0
 62
   134
420
    39591
100
AcDbPolyline
 90
        2
 70
     0
 43
0.2493749999999999
 10
-7.980972431454574
 20
3.40814941751887
 10
-7.980972431454574
 20
2.576899417523236
  0
LWPOLYLINE
  5
1F165
330
1F05C
100
AcDbEntity
  8
0
 62
   134
420
    39591
100
AcDbPolyline
 90
        2
 70
     0
 43
0.3325
 10
-2.527972431402304
 20
3.40814941751887
 10
-2.527972431402304
 20
2.809649417351465
  0
LWPOLYLINE
  5
1F166
330
1F05C
100
AcDbEntity
  8
0
 62
   134
420
    39591
100
AcDbPolyline
 90
        2
 70
     0
 43
0.2493749999999999
 10
-0.2503474312106846
 20
3.40814941751887
 10
-0.2503474312106846
 20
2.410649417368404
  0
LWPOLYLINE
  5
1F167
330
1F05C
100
AcDbEntity
  8
0
 62
   134
420
    39591
100
AcDbPolyline
 90
        2
 70
     0
 43
0.415625
 10
2.492777568622841
 20
3.40814941751887
 10
2.492777568622841
 20
-1.24685058256
  0
LWPOLYLINE
  5
1F168
330
1F05C
100
AcDbEntity
  8
0
 62
   134
420
    39591
100
AcDbPolyline
 90
        2
 70
     0
 43
0.5818750000000001
 10
8.361402568669291
 20
3.108899417435168
 10
8.926652568421559
 20
3.108899417435168
  0
LWPOLYLINE
  5
1F169
330
1F05C
100
AcDbEntity
  8
0
 62
   134
420
    39591
100
AcDbPolyline
 90
        2
 70
     0
 43
0.2493749999999999
 10
9.059652568554156
 20
3.40814941751887
 10
9.059652568554156
 20
3.059024417387263
  0
LWPOLYLINE
  5
1F16A
330
1F05C
100
AcDbEntity
  8
0
 62
   134
420
    39591
100
AcDbPolyline
 90
        2
 70
     0
 43
0.16625
 10
9.192652568672201
 20
3.325024417441454
 10
9.358902568448684
 20
3.325024417441454
  0
LWPOLYLINE
  5
1F16B
330
1F05C
100
AcDbEntity
  8
0
 62
   134
420
    39591
100
AcDbPolyline
 90
        2
 70
     0
 43
0.16625
 10
11.5035275685077
 20
3.40814941751887
 10
11.5035275685077
 20
2.49377441744582
  0
LWPOLYLINE
  5
1F16C
330
1F05C
100
AcDbEntity
  8
0
 62
   134
420
    39591
100
AcDbPolyline
 90
        2
 70
     0
 43
0.2493749999999999
 10
13.29902756863157
 20
3.40814941751887
 10
13.29902756863157
 20
2.643399417582259
  0
LWPOLYLINE
  5
1F16D
330
1F05C
100
AcDbEntity
  8
0
 62
   134
420
    39591
100
AcDbPolyline
 90
        2
 70
     0
 43
0.3325
 10
16.40790256881155
 20
3.40814941751887
 10
16.40790256881155
 20
-1.24685058256
  0
LWPOLYLINE
  5
1F16E
330
1F05C
100
AcDbEntity
  8
0
 62
   134
420
    39591
100
AcDbPolyline
 90
        2
 70
     0
 43
0.2493749999999999
 10
18.95152756846801
 20
3.40814941751887
 10
18.95152756846801
 20
2.410649417368404
  0
LWPOLYLINE
  5
1F16F
330
1F05C
100
AcDbEntity
  8
0
 62
   134
420
    39591
100
AcDbPolyline
 90
        2
 70
     0
 43
0.2493749999999999
 10
22.02715256862575
 20
3.40814941751887
 10
22.02715256862575
 20
1.080649417483073
  0
LWPOLYLINE
  5
1F170
330
1F05C
100
AcDbEntity
  8
0
 62
   134
420
    39591
100
AcDbPolyline
 90
        2
 70
     0
 43
0.2493749999999999
 10
23.8559025683935
 20
3.40814941751887
 10
23.8559025683935
 20
2.809649417351465
  0
LWPOLYLINE
  5
1F171
330
1F05C
100
AcDbEntity
  8
0
 62
   134
420
    39591
100
AcDbPolyline
 90
        2
 70
     0
 43
1.080624999999999
 10
25.9340275683935
 20
3.40814941751887
 10
25.9340275683935
 20
-0.0166005825740285
  0
LWPOLYLINE
  5
1F172
330
1F05C
100
AcDbEntity
  8
0
 62
   134
420
    39591
100
AcDbPolyline
 90
        2
 70
     0
 43
1.080624999999999
 10
29.00965256855125
 20
3.40814941751887
 10
29.00965256855125
 20
-0.9974755825169268
  0
LWPOLYLINE
  5
1F173
330
1F05C
100
AcDbEntity
  8
0
 62
   134
420
    39591
100
AcDbPolyline
 90
        2
 70
     0
 43
0.5818750000000001
 10
32.86665256865672
 20
3.108899417435168
 10
33.5316525688977
 20
3.108899417435168
  0
LWPOLYLINE
  5
1F174
330
1F05C
100
AcDbEntity
  8
0
 62
   134
420
    39591
100
AcDbPolyline
 90
        2
 70
     0
 43
0.5818750000000001
 10
34.71202756883577
 20
3.108899417435168
 10
35.6097775688977
 20
3.108899417435168
  0
LWPOLYLINE
  5
1F175
330
1F05C
100
AcDbEntity
  8
0
 62
   134
420
    39591
100
AcDbPolyline
 90
        2
 70
     0
 43
0.083125
 10
-28.47959743157844
 20
3.27514941759
 10
-28.31334743142361
 20
3.27514941759
  0
LWPOLYLINE
  5
1F176
330
1F05C
100
AcDbEntity
  8
0
 62
   134
420
    39591
100
AcDbPolyline
 90
        2
 70
     0
 43
0.083125
 10
-26.68409743145458
 20
3.325024417441454
 10
-26.68409743145458
 20
-1.579350582476763
  0
LWPOLYLINE
  5
1F177
330
1F05C
100
AcDbEntity
  8
0
 62
   134
420
    39591
100
AcDbPolyline
 90
        2
 70
     0
 43
0.3325
 10
-16.16047243132198
 20
3.325024417441454
 10
-16.16047243132198
 20
-3.075600582516926
  0
LWPOLYLINE
  5
1F178
330
1F05C
100
AcDbEntity
  8
0
 62
   134
420
    39591
100
AcDbPolyline
 90
        2
 70
     0
 43
0.2493749999999999
 10
-13.30097243137425
 20
3.325024417441454
 10
-13.30097243137425
 20
2.410649417368404
  0
LWPOLYLINE
  5
1F179
330
1F05C
100
AcDbEntity
  8
0
 62
   134
420
    39591
100
AcDbPolyline
 90
        2
 70
     0
 43
0.16625
 10
-10.00922243139939
 20
3.325024417441454
 10
-10.00922243139939
 20
2.061524417425971
  0
LWPOLYLINE
  5
1F17A
330
1F05C
100
AcDbEntity
  8
0
 62
   134
420
    39591
100
AcDbPolyline
 90
        2
 70
     0
 43
0.16625
 10
-7.764847431637463
 20
3.325024417441454
 10
-7.764847431637463
 20
2.161274417521781
  0
LWPOLYLINE
  5
1F17B
330
1F05C
100
AcDbEntity
  8
0
 62
   134
420
    39591
100
AcDbPolyline
 90
        2
 70
     0
 43
0.2493749999999999
 10
-2.827222431296831
 20
3.325024417441454
 10
-2.827222431296831
 20
2.809649417351465
  0
LWPOLYLINE
  5
1F17C
330
1F05C
100
AcDbEntity
  8
0
 62
   134
420
    39591
100
AcDbPolyline
 90
        2
 70
     0
 43
0.16625
 10
-0.0508474314119667
 20
3.325024417441454
 10
-0.0508474314119667
 20
-1.24685058256
  0
LWPOLYLINE
  5
1F17D
330
1F05C
100
AcDbEntity
  8
0
 62
   134
420
    39591
100
AcDbPolyline
 90
        2
 70
     0
 43
0.2493749999999999
 10
2.160277568706078
 20
3.325024417441454
 10
2.160277568706078
 20
-1.24685058256
  0
LWPOLYLINE
  5
1F17E
330
1F05C
100
AcDbEntity
  8
0
 62
   134
420
    39591
100
AcDbPolyline
 90
        2
 70
     0
 43
0.083125
 10
8.311527568628662
 20
3.325024417441454
 10
8.311527568628662
 20
2.244399417402746
  0
LWPOLYLINE
  5
1F17F
330
1F05C
100
AcDbEntity
  8
0
 62
   134
420
    39591
100
AcDbPolyline
 90
        2
 70
     0
 43
0.16625
 10
11.33727756873122
 20
3.325024417441454
 10
11.33727756873122
 20
2.244399417402746
  0
LWPOLYLINE
  5
1F180
330
1F05C
100
AcDbEntity
  8
0
 62
   134
420
    39591
100
AcDbPolyline
 90
        2
 70
     0
 43
0.2493749999999999
 10
13.54840256886382
 20
3.325024417441454
 10
13.54840256886382
 20
2.327524417480162
  0
LWPOLYLINE
  5
1F181
330
1F05C
100
AcDbEntity
  8
0
 62
   134
420
    39591
100
AcDbPolyline
 90
        2
 70
     0
 43
0.3325
 10
16.07540256889478
 20
3.325024417441454
 10
16.07540256889478
 20
-1.24685058256
  0
LWPOLYLINE
  5
1F182
330
1F05C
100
AcDbEntity
  8
0
 62
   134
420
    39591
100
AcDbPolyline
 90
        2
 70
     0
 43
0.2493749999999999
 10
19.20090256870025
 20
3.325024417441454
 10
19.20090256870025
 20
-1.24685058256
  0
LWPOLYLINE
  5
1F183
330
1F05C
100
AcDbEntity
  8
0
 62
   134
420
    39591
100
AcDbPolyline
 90
        2
 70
     0
 43
0.16625
 10
21.82765256844868
 20
3.325024417441454
 10
21.82765256844868
 20
1.163774417560489
  0
LWPOLYLINE
  5
1F184
330
1F05C
100
AcDbEntity
  8
0
 62
   134
420
    39591
100
AcDbPolyline
 90
        2
 70
     0
 43
0.16625
 10
24.07202756860352
 20
3.325024417441454
 10
24.07202756860352
 20
2.892774417428881
  0
LWPOLYLINE
  5
1F185
330
1F05C
100
AcDbEntity
  8
0
 62
   134
420
    39591
100
AcDbPolyline
 90
        2
 70
     0
 43
0.083125
 10
-39.06972243137716
 20
3.241899417560489
 10
-39.06972243137716
 20
0.3325244173684041
  0
LWPOLYLINE
  5
1F186
330
1F05C
100
AcDbEntity
  8
0
 62
   134
420
    39591
100
AcDbPolyline
 90
        2
 70
     0
 43
0.083125
 10
-28.39647243150102
 20
3.192024417512584
 10
-28.31334743142361
 20
3.192024417512584
  0
LWPOLYLINE
  5
1F187
330
1F05C
100
AcDbEntity
  8
0
 62
   134
420
    39591
100
AcDbPolyline
 90
        2
 70
     0
 43
0.083125
 10
-26.60097243137716
 20
3.241899417560489
 10
-26.60097243137716
 20
-1.51285058241774
  0
LWPOLYLINE
  5
1F188
330
1F05C
100
AcDbEntity
  8
0
 62
   134
420
    39591
100
AcDbPolyline
 90
        2
 70
     0
 43
0.083125
 10
-16.37659743153199
 20
3.241899417560489
 10
-16.37659743153199
 20
-3.075600582516926
  0
LWPOLYLINE
  5
1F189
330
1F05C
100
AcDbEntity
  8
0
 62
   134
420
    39591
100
AcDbPolyline
 90
        2
 70
     0
 43
0.083125
 10
-13.13472243121941
 20
3.241899417560489
 10
-13.13472243121941
 20
1.496274417484528
  0
LWPOLYLINE
  5
1F18A
330
1F05C
100
AcDbEntity
  8
0
 62
   134
420
    39591
100
AcDbPolyline
 90
        2
 70
     0
 43
0.16625
 10
-10.19209743117972
 20
3.241899417560489
 10
-10.19209743117972
 20
-0.9974755825169268
  0
LWPOLYLINE
  5
1F18B
330
1F05C
100
AcDbEntity
  8
0
 62
   134
420
    39591
100
AcDbPolyline
 90
        2
 70
     0
 43
0.16625
 10
-7.59859743148263
 20
3.241899417560489
 10
-7.59859743148263
 20
1.246899417441454
  0
LWPOLYLINE
  5
1F18C
330
1F05C
100
AcDbEntity
  8
0
 62
   134
420
    39591
100
AcDbPolyline
 90
        2
 70
     0
 43
0.083125
 10
-3.109847431551315
 20
3.192024417512584
 10
-2.943597431396483
 20
3.192024417512584
  0
LWPOLYLINE
  5
1F18D
330
1F05C
100
AcDbEntity
  8
0
 62
   134
420
    39591
100
AcDbPolyline
 90
        2
 70
     0
 43
0.083125
 10
0.0821525687060785
 20
3.241899417560489
 10
0.0821525687060785
 20
-1.24685058256
  0
LWPOLYLINE
  5
1F18E
330
1F05C
100
AcDbEntity
  8
0
 62
   134
420
    39591
100
AcDbPolyline
 90
        2
 70
     0
 43
0.083125
 10
1.994027568551246
 20
3.241899417560489
 10
1.994027568551246
 20
-1.24685058256
  0
LWPOLYLINE
  5
1F18F
330
1F05C
100
AcDbEntity
  8
0
 62
   134
420
    39591
100
AcDbPolyline
 90
        2
 70
     0
 43
0.083125
 10
4.404652568468009
 20
3.241899417560489
 10
4.404652568468009
 20
3.059024417387263
  0
LWPOLYLINE
  5
1F190
330
1F05C
100
AcDbEntity
  8
0
 62
   134
420
    39591
100
AcDbPolyline
 90
        2
 70
     0
 43
0.083125
 10
8.228402568551246
 20
3.241899417560489
 10
8.228402568551246
 20
2.161274417521781
  0
LWPOLYLINE
  5
1F191
330
1F05C
100
AcDbEntity
  8
0
 62
   134
420
    39591
100
AcDbPolyline
 90
        2
 70
     0
 43
0.083125
 10
9.192652568672201
 20
3.192024417512584
 10
9.259152568731224
 20
3.192024417512584
  0
LWPOLYLINE
  5
1F192
330
1F05C
100
AcDbEntity
  8
0
 62
   134
420
    39591
100
AcDbPolyline
 90
        2
 70
     0
 43
0.16625
 10
11.17102756857639
 20
3.241899417560489
 10
11.17102756857639
 20
1.496274417484528
  0
LWPOLYLINE
  5
1F193
330
1F05C
100
AcDbEntity
  8
0
 62
   134
420
    39591
100
AcDbPolyline
 90
        2
 70
     0
 43
0.083125
 10
13.71465256862575
 20
3.241899417560489
 10
13.71465256862575
 20
-0.9974755825169268
  0
LWPOLYLINE
  5
1F194
330
1F05C
100
AcDbEntity
  8
0
 62
   134
420
    39591
100
AcDbPolyline
 90
        2
 70
     0
 43
0.16625
 10
15.82602756866254
 20
3.241899417560489
 10
15.82602756866254
 20
-1.24685058256
  0
LWPOLYLINE
  5
1F195
330
1F05C
100
AcDbEntity
  8
0
 62
   134
420
    39591
100
AcDbPolyline
 90
        2
 70
     0
 43
0.083125
 10
19.36715256885509
 20
3.241899417560489
 10
19.36715256885509
 20
-1.24685058256
  0
LWPOLYLINE
  5
1F196
330
1F05C
100
AcDbEntity
  8
0
 62
   134
420
    39591
100
AcDbPolyline
 90
        2
 70
     0
 43
0.083125
 10
21.69465256870899
 20
3.241899417560489
 10
21.69465256870899
 20
1.163774417560489
  0
LWPOLYLINE
  5
1F197
330
1F05C
100
AcDbEntity
  8
0
 62
   134
420
    39591
100
AcDbPolyline
 90
        2
 70
     0
 43
0.083125
 10
24.18840256870317
 20
3.241899417560489
 10
24.18840256870317
 20
3.059024417387263
  0
LWPOLYLINE
  5
1F198
330
1F05C
100
AcDbEntity
  8
0
 62
   134
420
    39591
100
AcDbPolyline
 90
        2
 70
     0
 43
0.16625
 10
-13.01834743110521
 20
3.158774417483073
 10
-13.01834743110521
 20
-0.8312255825585452
  0
LWPOLYLINE
  5
1F199
330
1F05C
100
AcDbEntity
  8
0
 62
   134
420
    39591
100
AcDbPolyline
 90
        2
 70
     0
 43
0.083125
 10
-10.30847243129392
 20
3.158774417483073
 10
-10.30847243129392
 20
-0.9143505824395106
  0
LWPOLYLINE
  5
1F19A
330
1F05C
100
AcDbEntity
  8
0
 62
   134
420
    39591
100
AcDbPolyline
 90
        2
 70
     0
 43
0.083125
 10
-7.482222431368427
 20
3.158774417483073
 10
-7.482222431368427
 20
-0.9143505824395106
  0
LWPOLYLINE
  5
1F19B
330
1F05C
100
AcDbEntity
  8
0
 62
   134
420
    39591
100
AcDbPolyline
 90
        2
 70
     0
 43
0.083125
 10
-2.993472431451664
 20
3.158774417483073
 10
-2.993472431451664
 20
2.975899417506298
  0
LWPOLYLINE
  5
1F19C
330
1F05C
100
AcDbEntity
  8
0
 62
   134
420
    39591
100
AcDbPolyline
 90
        2
 70
     0
 43
0.16625
 10
0.2151525688241236
 20
3.158774417483073
 10
0.2151525688241236
 20
-1.163725582482584
  0
LWPOLYLINE
  5
1F19D
330
1F05C
100
AcDbEntity
  8
0
 62
   134
420
    39591
100
AcDbPolyline
 90
        2
 70
     0
 43
0.083125
 10
8.145277568866731
 20
3.158774417483073
 10
8.145277568866731
 20
2.061524417425971
  0
LWPOLYLINE
  5
1F19E
330
1F05C
100
AcDbEntity
  8
0
 62
   134
420
    39591
100
AcDbPolyline
 90
        2
 70
     0
 43
0.083125
 10
11.05465256885509
 20
3.158774417483073
 10
11.05465256885509
 20
-0.9974755825169268
  0
LWPOLYLINE
  5
1F19F
330
1F05C
100
AcDbEntity
  8
0
 62
   134
420
    39591
100
AcDbPolyline
 90
        2
 70
     0
 43
0.083125
 10
13.79777756870317
 20
3.158774417483073
 10
13.79777756870317
 20
-0.9974755825169268
  0
LWPOLYLINE
  5
1F1A0
330
1F05C
100
AcDbEntity
  8
0
 62
   134
420
    39591
100
AcDbPolyline
 90
        2
 70
     0
 43
0.16625
 10
19.48352756857639
 20
3.158774417483073
 10
19.48352756857639
 20
-1.24685058256
  0
LWPOLYLINE
  5
1F1A1
330
1F05C
100
AcDbEntity
  8
0
 62
   134
420
    39591
100
AcDbPolyline
 90
        2
 70
     0
 43
0.083125
 10
21.61152756863157
 20
3.158774417483073
 10
21.61152756863157
 20
1.246899417441454
  0
LWPOLYLINE
  5
1F1A2
330
1F05C
100
AcDbEntity
  8
0
 62
   134
420
    39591
100
AcDbPolyline
 90
        2
 70
     0
 43
0.083125
 10
-28.2135974313278
 20
3.025774417357752
 10
-28.04734743155132
 20
3.025774417357752
  0
LWPOLYLINE
  5
1F1A3
330
1F05C
100
AcDbEntity
  8
0
 62
   134
420
    39591
100
AcDbPolyline
 90
        2
 70
     0
 43
0.083125
 10
-26.51784743129975
 20
3.059024417387263
 10
-26.51784743129975
 20
-1.429725582536775
  0
LWPOLYLINE
  5
1F1A4
330
1F05C
100
AcDbEntity
  8
0
 62
   134
420
    39591
100
AcDbPolyline
 90
        2
 70
     0
 43
0.083125
 10
-12.88534743136551
 20
3.059024417387263
 10
-12.88534743136551
 20
-0.8312255825585452
  0
LWPOLYLINE
  5
1F1A5
330
1F05C
100
AcDbEntity
  8
0
 62
   134
420
    39591
100
AcDbPolyline
 90
        2
 70
     0
 43
0.083125
 10
-10.39159743137133
 20
3.059024417387263
 10
-10.39159743137133
 20
-0.8312255825585452
  0
LWPOLYLINE
  5
1F1A6
330
1F05C
100
AcDbEntity
  8
0
 62
   134
420
    39591
100
AcDbPolyline
 90
        2
 70
     0
 43
0.083125
 10
-7.399097431291011
 20
3.059024417387263
 10
-7.399097431291011
 20
-0.9143505824395106
  0
LWPOLYLINE
  5
1F1A7
330
1F05C
100
AcDbEntity
  8
0
 62
   134
420
    39591
100
AcDbPolyline
 90
        2
 70
     0
 43
0.083125
 10
0.3315275685454253
 20
3.059024417387263
 10
0.3315275685454253
 20
-1.163725582482584
  0
LWPOLYLINE
  5
1F1A8
330
1F05C
100
AcDbEntity
  8
0
 62
   134
420
    39591
100
AcDbPolyline
 90
        2
 70
     0
 43
0.083125
 10
8.062152568789315
 20
3.059024417387263
 10
8.062152568789315
 20
2.061524417425971
  0
LWPOLYLINE
  5
1F1A9
330
1F05C
100
AcDbEntity
  8
0
 62
   134
420
    39591
100
AcDbPolyline
 90
        2
 70
     0
 43
0.083125
 10
8.97652756885509
 20
3.059024417387263
 10
8.97652756885509
 20
2.892774417428881
  0
LWPOLYLINE
  5
1F1AA
330
1F05C
100
AcDbEntity
  8
0
 62
   134
420
    39591
100
AcDbPolyline
 90
        2
 70
     0
 43
0.083125
 10
9.026402568517369
 20
3.025774417357752
 10
9.092902568576391
 20
3.025774417357752
  0
LWPOLYLINE
  5
1F1AB
330
1F05C
100
AcDbEntity
  8
0
 62
   134
420
    39591
100
AcDbPolyline
 90
        2
 70
     0
 43
0.083125
 10
10.97152756877767
 20
3.059024417387263
 10
10.97152756877767
 20
-0.9143505824395106
  0
LWPOLYLINE
  5
1F1AC
330
1F05C
100
AcDbEntity
  8
0
 62
   134
420
    39591
100
AcDbPolyline
 90
        2
 70
     0
 43
0.16625
 10
13.93077756883576
 20
3.059024417387263
 10
13.93077756883576
 20
-0.8312255825585452
  0
LWPOLYLINE
  5
1F1AD
330
1F05C
100
AcDbEntity
  8
0
 62
   134
420
    39591
100
AcDbPolyline
 90
        2
 70
     0
 43
0.083125
 10
19.61652756870899
 20
3.059024417387263
 10
19.61652756870899
 20
-1.24685058256
  0
LWPOLYLINE
  5
1F1AE
330
1F05C
100
AcDbEntity
  8
0
 62
   134
420
    39591
100
AcDbPolyline
 90
        2
 70
     0
 43
0.16625
 10
21.49515256851737
 20
3.059024417387263
 10
21.49515256851737
 20
1.413149417596287
  0
LWPOLYLINE
  5
1F1AF
330
1F05C
100
AcDbEntity
  8
0
 62
   134
420
    39591
100
AcDbPolyline
 90
        2
 70
     0
 43
0.083125
 10
-28.13047243125038
 20
2.942649417476786
 10
-28.04734743155132
 20
2.942649417476786
  0
LWPOLYLINE
  5
1F1B0
330
1F05C
100
AcDbEntity
  8
0
 62
   134
420
    39591
100
AcDbPolyline
 90
        2
 70
     0
 43
0.083125
 10
-26.43472243122233
 20
2.975899417506298
 10
-26.43472243122233
 20
-1.24685058256
  0
LWPOLYLINE
  5
1F1B1
330
1F05C
100
AcDbEntity
  8
0
 62
   134
420
    39591
100
AcDbPolyline
 90
        2
 70
     0
 43
0.083125
 10
-15.17959743157553
 20
2.942649417476786
 10
-15.0133474314207
 20
2.942649417476786
  0
LWPOLYLINE
  5
1F1B2
330
1F05C
100
AcDbEntity
  8
0
 62
   134
420
    39591
100
AcDbPolyline
 90
        2
 70
     0
 43
0.083125
 10
-14.2652224311023
 20
2.942649417476786
 10
-14.08234743132197
 20
2.942649417476786
  0
LWPOLYLINE
  5
1F1B3
330
1F05C
100
AcDbEntity
  8
0
 62
   134
420
    39591
100
AcDbPolyline
 90
        2
 70
     0
 43
0.083125
 10
-12.8022224312881
 20
2.975899417506298
 10
-12.8022224312881
 20
-0.7481005824811291
  0
LWPOLYLINE
  5
1F1B4
330
1F05C
100
AcDbEntity
  8
0
 62
   134
420
    39591
100
AcDbPolyline
 90
        2
 70
     0
 43
0.083125
 10
-10.47472243144875
 20
2.975899417506298
 10
-10.47472243144875
 20
-0.8312255825585452
  0
LWPOLYLINE
  5
1F1B5
330
1F05C
100
AcDbEntity
  8
0
 62
   134
420
    39591
100
AcDbPolyline
 90
        2
 70
     0
 43
0.083125
 10
-7.315972431606496
 20
2.975899417506298
 10
-7.315972431606496
 20
-0.8312255825585452
  0
LWPOLYLINE
  5
1F1B6
330
1F05C
100
AcDbEntity
  8
0
 62
   134
420
    39591
100
AcDbPolyline
 90
        2
 70
     0
 43
0.083125
 10
0.4146525686228415
 20
2.975899417506298
 10
0.4146525686228415
 20
-1.163725582482584
  0
LWPOLYLINE
  5
1F1B7
330
1F05C
100
AcDbEntity
  8
0
 62
   134
420
    39591
100
AcDbPolyline
 90
        2
 70
     0
 43
0.083125
 10
7.979027568711899
 20
2.975899417506298
 10
7.979027568711899
 20
1.978399417545006
  0
LWPOLYLINE
  5
1F1B8
330
1F05C
100
AcDbEntity
  8
0
 62
   134
420
    39591
100
AcDbPolyline
 90
        2
 70
     0
 43
0.16625
 10
10.83852756865963
 20
2.975899417506298
 10
10.83852756865963
 20
-0.7481005824811291
  0
LWPOLYLINE
  5
1F1B9
330
1F05C
100
AcDbEntity
  8
0
 62
   134
420
    39591
100
AcDbPolyline
 90
        2
 70
     0
 43
0.083125
 10
14.04715256855707
 20
2.975899417506298
 10
14.04715256855707
 20
-0.7481005824811291
  0
LWPOLYLINE
  5
1F1BA
330
1F05C
100
AcDbEntity
  8
0
 62
   134
420
    39591
100
AcDbPolyline
 90
        2
 70
     0
 43
0.083125
 10
17.17265256836254
 20
2.942649417476786
 10
17.5051525686722
 20
2.942649417476786
  0
LWPOLYLINE
  5
1F1BB
330
1F05C
100
AcDbEntity
  8
0
 62
   134
420
    39591
100
AcDbPolyline
 90
        2
 70
     0
 43
0.083125
 10
17.83765256860351
 20
2.942649417476786
 10
18.31977756865672
 20
2.942649417476786
  0
LWPOLYLINE
  5
1F1BC
330
1F05C
100
AcDbEntity
  8
0
 62
   134
420
    39591
100
AcDbPolyline
 90
        2
 70
     0
 43
0.083125
 10
19.6996525683935
 20
2.975899417506298
 10
19.6996525683935
 20
-1.24685058256
  0
LWPOLYLINE
  5
1F1BD
330
1F05C
100
AcDbEntity
  8
0
 62
   134
420
    39591
100
AcDbPolyline
 90
        2
 70
     0
 43
0.083125
 10
21.36215256877767
 20
2.975899417506298
 10
21.36215256877767
 20
1.413149417596287
  0
LWPOLYLINE
  5
1F1BE
330
1F05C
100
AcDbEntity
  8
0
 62
   134
420
    39591
100
AcDbPolyline
 90
        2
 70
     0
 43
0.3325
 10
-15.57859743155131
 20
2.892774417428881
 10
-15.57859743155131
 20
-3.075600582516926
  0
LWPOLYLINE
  5
1F1BF
330
1F05C
100
AcDbEntity
  8
0
 62
   134
420
    39591
100
AcDbPolyline
 90
        2
 70
     0
 43
0.083125
 10
-15.41234743139648
 20
2.85952441739937
 10
-15.32922243131906
 20
2.85952441739937
  0
LWPOLYLINE
  5
1F1C0
330
1F05C
100
AcDbEntity
  8
0
 62
   134
420
    39591
100
AcDbPolyline
 90
        2
 70
     0
 43
0.083125
 10
-13.91609743116714
 20
2.85952441739937
 10
-13.6667224313278
 20
2.85952441739937
  0
LWPOLYLINE
  5
1F1C1
330
1F05C
100
AcDbEntity
  8
0
 62
   134
420
    39591
100
AcDbPolyline
 90
        2
 70
     0
 43
0.083125
 10
-12.71909743121068
 20
2.892774417428881
 10
-12.71909743121068
 20
-0.6649755824037129
  0
LWPOLYLINE
  5
1F1C2
330
1F05C
100
AcDbEntity
  8
0
 62
   134
420
    39591
100
AcDbPolyline
 90
        2
 70
     0
 43
0.083125
 10
-10.55784743113327
 20
2.892774417428881
 10
-10.55784743113327
 20
-0.7481005824811291
  0
LWPOLYLINE
  5
1F1C3
330
1F05C
100
AcDbEntity
  8
0
 62
   134
420
    39591
100
AcDbPolyline
 90
        2
 70
     0
 43
0.16625
 10
-9.67672243148263
 20
2.809649417351465
 10
-9.510472431327798
 20
2.809649417351465
  0
LWPOLYLINE
  5
1F1C4
330
1F05C
100
AcDbEntity
  8
0
 62
   134
420
    39591
100
AcDbPolyline
 90
        2
 70
     0
 43
0.083125
 10
-9.510472431327798
 20
2.85952441739937
 10
-9.344222431551315
 20
2.85952441739937
  0
LWPOLYLINE
  5
1F1C5
330
1F05C
100
AcDbEntity
  8
0
 62
   134
420
    39591
100
AcDbPolyline
 90
        2
 70
     0
 43
0.083125
 10
-7.232847431136178
 20
2.892774417428881
 10
-7.232847431136178
 20
-0.7481005824811291
  0
LWPOLYLINE
  5
1F1C6
330
1F05C
100
AcDbEntity
  8
0
 62
   134
420
    39591
100
AcDbPolyline
 90
        2
 70
     0
 43
0.083125
 10
-2.361722431247471
 20
2.85952441739937
 10
-2.195472431485541
 20
2.85952441739937
  0
LWPOLYLINE
  5
1F1C7
330
1F05C
100
AcDbEntity
  8
0
 62
   134
420
    39591
100
AcDbPolyline
 90
        2
 70
     0
 43
0.2493749999999999
 10
2.825277568554156
 20
2.892774417428881
 10
2.825277568554156
 20
-1.24685058256
  0
LWPOLYLINE
  5
1F1C8
330
1F05C
100
AcDbEntity
  8
0
 62
   134
420
    39591
100
AcDbPolyline
 90
        2
 70
     0
 43
0.083125
 10
2.958277568672201
 20
2.85952441739937
 10
3.191027568507706
 20
2.85952441739937
  0
LWPOLYLINE
  5
1F1C9
330
1F05C
100
AcDbEntity
  8
0
 62
   134
420
    39591
100
AcDbPolyline
 90
        2
 70
     0
 43
0.083125
 10
4.271652568742865
 20
2.85952441739937
 10
4.371402568824123
 20
2.85952441739937
  0
LWPOLYLINE
  5
1F1CA
330
1F05C
100
AcDbEntity
  8
0
 62
   134
420
    39591
100
AcDbPolyline
 90
        2
 70
     0
 43
0.083125
 10
7.895902568634483
 20
2.892774417428881
 10
7.895902568634483
 20
1.812149417390173
  0
LWPOLYLINE
  5
1F1CB
330
1F05C
100
AcDbEntity
  8
0
 62
   134
420
    39591
100
AcDbPolyline
 90
        2
 70
     0
 43
0.083125
 10
10.72215256854542
 20
2.892774417428881
 10
10.72215256854542
 20
-0.6649755824037129
  0
LWPOLYLINE
  5
1F1CC
330
1F05C
100
AcDbEntity
  8
0
 62
   134
420
    39591
100
AcDbPolyline
 90
        2
 70
     0
 43
0.083125
 10
14.13027756863448
 20
2.892774417428881
 10
14.13027756863448
 20
-0.7481005824811291
  0
LWPOLYLINE
  5
1F1CD
330
1F05C
100
AcDbEntity
  8
0
 62
   134
420
    39591
100
AcDbPolyline
 90
        2
 70
     0
 43
0.2493749999999999
 10
16.70715256870608
 20
2.892774417428881
 10
16.70715256870608
 20
-1.24685058256
  0
LWPOLYLINE
  5
1F1CE
330
1F05C
100
AcDbEntity
  8
0
 62
   134
420
    39591
100
AcDbPolyline
 90
        2
 70
     0
 43
0.083125
 10
16.84015256882412
 20
2.85952441739937
 10
17.0064025686006
 20
2.85952441739937
  0
LWPOLYLINE
  5
1F1CF
330
1F05C
100
AcDbEntity
  8
0
 62
   134
420
    39591
100
AcDbPolyline
 90
        2
 70
     0
 43
0.083125
 10
22.47602756865672
 20
2.85952441739937
 10
22.64227756881155
 20
2.85952441739937
  0
LWPOLYLINE
  5
1F1D0
330
1F05C
100
AcDbEntity
  8
0
 62
   134
420
    39591
100
AcDbPolyline
 90
        2
 70
     0
 43
0.083125
 10
23.57327756851737
 20
2.85952441739937
 10
23.7395275686722
 20
2.85952441739937
  0
LWPOLYLINE
  5
1F1D1
330
1F05C
100
AcDbEntity
  8
0
 62
   134
420
    39591
100
AcDbPolyline
 90
        2
 70
     0
 43
0.083125
 10
24.02215256854834
 20
2.892774417428881
 10
24.02215256854834
 20
2.726524417463224
  0
LWPOLYLINE
  5
1F1D2
330
1F05C
100
AcDbEntity
  8
0
 62
   134
420
    39591
100
AcDbPolyline
 90
        2
 70
     0
 43
0.083125
 10
-27.93097243145167
 20
2.809649417351465
 10
-27.93097243145167
 20
2.643399417582259
  0
LWPOLYLINE
  5
1F1D3
330
1F05C
100
AcDbEntity
  8
0
 62
   134
420
    39591
100
AcDbPolyline
 90
        2
 70
     0
 43
0.083125
 10
-26.35159743114491
 20
2.809649417351465
 10
-26.35159743114491
 20
-1.080600582594342
  0
LWPOLYLINE
  5
1F1D4
330
1F05C
100
AcDbEntity
  8
0
 62
   134
420
    39591
100
AcDbPolyline
 90
        2
 70
     0
 43
0.083125
 10
-13.74984743140521
 20
2.776399417321954
 10
-13.6667224313278
 20
2.776399417321954
  0
LWPOLYLINE
  5
1F1D5
330
1F05C
100
AcDbEntity
  8
0
 62
   134
420
    39591
100
AcDbPolyline
 90
        2
 70
     0
 43
0.083125
 10
-12.63597243113327
 20
2.809649417351465
 10
-12.63597243113327
 20
-0.5818505825154717
  0
LWPOLYLINE
  5
1F1D6
330
1F05C
100
AcDbEntity
  8
0
 62
   134
420
    39591
100
AcDbPolyline
 90
        2
 70
     0
 43
0.083125
 10
-10.64097243121068
 20
2.809649417351465
 10
-10.64097243121068
 20
-0.6649755824037129
  0
LWPOLYLINE
  5
1F1D7
330
1F05C
100
AcDbEntity
  8
0
 62
   134
420
    39591
100
AcDbPolyline
 90
        2
 70
     0
 43
0.083125
 10
-8.28022243133455
 20
2.776399417321954
 10
-8.113972431179718
 20
2.776399417321954
  0
LWPOLYLINE
  5
1F1D8
330
1F05C
100
AcDbEntity
  8
0
 62
   134
420
    39591
100
AcDbPolyline
 90
        2
 70
     0
 43
0.083125
 10
-7.149722431451664
 20
2.809649417351465
 10
-7.149722431451664
 20
-0.6649755824037129
  0
LWPOLYLINE
  5
1F1D9
330
1F05C
100
AcDbEntity
  8
0
 62
   134
420
    39591
100
AcDbPolyline
 90
        2
 70
     0
 43
0.083125
 10
-2.827222431296831
 20
2.809649417351465
 10
-2.827222431296831
 20
2.643399417582259
  0
LWPOLYLINE
  5
1F1DA
330
1F05C
100
AcDbEntity
  8
0
 62
   134
420
    39591
100
AcDbPolyline
 90
        2
 70
     0
 43
0.083125
 10
-2.777347431241651
 20
2.776399417321954
 10
-2.527972431402304
 20
2.776399417321954
  0
LWPOLYLINE
  5
1F1DB
330
1F05C
100
AcDbEntity
  8
0
 62
   134
420
    39591
100
AcDbPolyline
 90
        2
 70
     0
 43
0.083125
 10
-0.6160974311642349
 20
2.776399417321954
 10
-0.3833474313432816
 20
2.776399417321954
  0
LWPOLYLINE
  5
1F1DC
330
1F05C
100
AcDbEntity
  8
0
 62
   134
420
    39591
100
AcDbPolyline
 90
        2
 70
     0
 43
0.083125
 10
0.4977775687002577
 20
2.809649417351465
 10
0.4977775687002577
 20
-1.080600582594342
  0
LWPOLYLINE
  5
1F1DD
330
1F05C
100
AcDbEntity
  8
0
 62
   134
420
    39591
100
AcDbPolyline
 90
        2
 70
     0
 43
0.083125
 10
7.812777568557066
 20
2.809649417351465
 10
7.812777568557066
 20
1.812149417390173
  0
LWPOLYLINE
  5
1F1DE
330
1F05C
100
AcDbEntity
  8
0
 62
   134
420
    39591
100
AcDbPolyline
 90
        2
 70
     0
 43
0.2493749999999999
 10
8.477777568390592
 20
2.809649417351465
 10
8.477777568390592
 20
2.49377441744582
  0
LWPOLYLINE
  5
1F1DF
330
1F05C
100
AcDbEntity
  8
0
 62
   134
420
    39591
100
AcDbPolyline
 90
        2
 70
     0
 43
0.16625
 10
8.594152568897698
 20
2.726524417463224
 10
8.760402568659628
 20
2.726524417463224
  0
LWPOLYLINE
  5
1F1E0
330
1F05C
100
AcDbEntity
  8
0
 62
   134
420
    39591
100
AcDbPolyline
 90
        2
 70
     0
 43
0.083125
 10
8.760402568659628
 20
2.776399417321954
 10
8.860152568362536
 20
2.776399417321954
  0
LWPOLYLINE
  5
1F1E1
330
1F05C
100
AcDbEntity
  8
0
 62
   134
420
    39591
100
AcDbPolyline
 90
        2
 70
     0
 43
0.083125
 10
11.63652756862575
 20
2.809649417351465
 10
11.63652756862575
 20
2.576899417523236
  0
LWPOLYLINE
  5
1F1E2
330
1F05C
100
AcDbEntity
  8
0
 62
   134
420
    39591
100
AcDbPolyline
 90
        2
 70
     0
 43
0.083125
 10
11.66977756866254
 20
2.776399417321954
 10
11.85265256883576
 20
2.776399417321954
  0
LWPOLYLINE
  5
1F1E3
330
1F05C
100
AcDbEntity
  8
0
 62
   134
420
    39591
100
AcDbPolyline
 90
        2
 70
     0
 43
0.083125
 10
13.01640256836253
 20
2.776399417321954
 10
13.18265256851737
 20
2.776399417321954
  0
LWPOLYLINE
  5
1F1E4
330
1F05C
100
AcDbEntity
  8
0
 62
   134
420
    39591
100
AcDbPolyline
 90
        2
 70
     0
 43
0.083125
 10
14.2134025687119
 20
2.809649417351465
 10
14.2134025687119
 20
-0.5818505825154717
  0
LWPOLYLINE
  5
1F1E5
330
1F05C
100
AcDbEntity
  8
0
 62
   134
420
    39591
100
AcDbPolyline
 90
        2
 70
     0
 43
0.083125
 10
18.58577756851446
 20
2.776399417321954
 10
18.81852756874286
 20
2.776399417321954
  0
LWPOLYLINE
  5
1F1E6
330
1F05C
100
AcDbEntity
  8
0
 62
   134
420
    39591
100
AcDbPolyline
 90
        2
 70
     0
 43
0.083125
 10
19.78277756886382
 20
2.809649417351465
 10
19.78277756886382
 20
-1.24685058256
  0
LWPOLYLINE
  5
1F1E7
330
1F05C
100
AcDbEntity
  8
0
 62
   134
420
    39591
100
AcDbPolyline
 90
        2
 70
     0
 43
0.083125
 10
21.27902756870026
 20
2.809649417351465
 10
21.27902756870026
 20
1.56277441754355
  0
LWPOLYLINE
  5
1F1E8
330
1F05C
100
AcDbEntity
  8
0
 62
   134
420
    39591
100
AcDbPolyline
 90
        2
 70
     0
 43
0.083125
 10
23.80602756873122
 20
2.776399417321954
 10
23.97227756850771
 20
2.776399417321954
  0
LWPOLYLINE
  5
1F1E9
330
1F05C
100
AcDbEntity
  8
0
 62
   134
420
    39591
100
AcDbPolyline
 90
        2
 70
     0
 43
0.083125
 10
-20.28347243129974
 20
2.726524417463224
 10
-20.28347243129974
 20
0.7315244173514657
  0
LWPOLYLINE
  5
1F1EA
330
1F05C
100
AcDbEntity
  8
0
 62
   134
420
    39591
100
AcDbPolyline
 90
        2
 70
     0
 43
0.083125
 10
-12.55284743144875
 20
2.726524417463224
 10
-12.55284743144875
 20
-0.4987255826345063
  0
LWPOLYLINE
  5
1F1EB
330
1F05C
100
AcDbEntity
  8
0
 62
   134
420
    39591
100
AcDbPolyline
 90
        2
 70
     0
 43
0.083125
 10
-10.7240974312881
 20
2.726524417463224
 10
-10.7240974312881
 20
-0.4987255826345063
  0
LWPOLYLINE
  5
1F1EC
330
1F05C
100
AcDbEntity
  8
0
 62
   134
420
    39591
100
AcDbPolyline
 90
        2
 70
     0
 43
0.083125
 10
-9.67672243148263
 20
2.693274417433713
 10
-9.593597431405214
 20
2.693274417433713
  0
LWPOLYLINE
  5
1F1ED
330
1F05C
100
AcDbEntity
  8
0
 62
   134
420
    39591
100
AcDbPolyline
 90
        2
 70
     0
 43
0.083125
 10
-8.197097431257134
 20
2.693274417433713
 10
-8.113972431179718
 20
2.693274417433713
  0
LWPOLYLINE
  5
1F1EE
330
1F05C
100
AcDbEntity
  8
0
 62
   134
420
    39591
100
AcDbPolyline
 90
        2
 70
     0
 43
0.083125
 10
-7.066597431374248
 20
2.726524417463224
 10
-7.066597431374248
 20
-0.5818505825154717
  0
LWPOLYLINE
  5
1F1EF
330
1F05C
100
AcDbEntity
  8
0
 62
   134
420
    39591
100
AcDbPolyline
 90
        2
 70
     0
 43
0.083125
 10
-0.416597431365517
 20
2.726524417463224
 10
-0.416597431365517
 20
2.576899417523236
  0
LWPOLYLINE
  5
1F1F0
330
1F05C
100
AcDbEntity
  8
0
 62
   134
420
    39591
100
AcDbPolyline
 90
        2
 70
     0
 43
0.083125
 10
7.72965256847965
 20
2.726524417463224
 10
7.72965256847965
 20
1.729024417501932
  0
LWPOLYLINE
  5
1F1F1
330
1F05C
100
AcDbEntity
  8
0
 62
   134
420
    39591
100
AcDbPolyline
 90
        2
 70
     0
 43
0.083125
 10
10.63902756846801
 20
2.726524417463224
 10
10.63902756846801
 20
-0.5818505825154717
  0
LWPOLYLINE
  5
1F1F2
330
1F05C
100
AcDbEntity
  8
0
 62
   134
420
    39591
100
AcDbPolyline
 90
        2
 70
     0
 43
0.083125
 10
18.65227756858803
 20
2.693274417433713
 10
18.81852756874286
 20
2.693274417433713
  0
LWPOLYLINE
  5
1F1F3
330
1F05C
100
AcDbEntity
  8
0
 62
   134
420
    39591
100
AcDbPolyline
 90
        2
 70
     0
 43
0.083125
 10
19.86590256854833
 20
2.726524417463224
 10
19.86590256854833
 20
-1.24685058256
  0
LWPOLYLINE
  5
1F1F4
330
1F05C
100
AcDbEntity
  8
0
 62
   134
420
    39591
100
AcDbPolyline
 90
        2
 70
     0
 43
0.083125
 10
22.19340256878059
 20
2.726524417463224
 10
22.19340256878059
 20
2.49377441744582
  0
LWPOLYLINE
  5
1F1F5
330
1F05C
100
AcDbEntity
  8
0
 62
   134
420
    39591
100
AcDbPolyline
 90
        2
 70
     0
 43
0.083125
 10
22.24327756883576
 20
2.693274417433713
 10
22.30977756889479
 20
2.693274417433713
  0
LWPOLYLINE
  5
1F1F6
330
1F05C
100
AcDbEntity
  8
0
 62
   134
420
    39591
100
AcDbPolyline
 90
        2
 70
     0
 43
0.083125
 10
23.90577756844868
 20
2.693274417433713
 10
23.97227756850771
 20
2.693274417433713
  0
LWPOLYLINE
  5
1F1F7
330
1F05C
100
AcDbEntity
  8
0
 62
   134
420
    39591
100
AcDbPolyline
 90
        2
 70
     0
 43
0.083125
 10
-26.26847243144585
 20
2.643399417582259
 10
-26.26847243144585
 20
-0.9143505824395106
  0
LWPOLYLINE
  5
1F1F8
330
1F05C
100
AcDbEntity
  8
0
 62
   134
420
    39591
100
AcDbPolyline
 90
        2
 70
     0
 43
0.083125
 10
-13.46722243113618
 20
2.643399417582259
 10
-13.46722243113618
 20
2.49377441744582
  0
LWPOLYLINE
  5
1F1F9
330
1F05C
100
AcDbEntity
  8
0
 62
   134
420
    39591
100
AcDbPolyline
 90
        2
 70
     0
 43
0.083125
 10
-12.46972243137134
 20
2.643399417582259
 10
-12.46972243137134
 20
-0.3491005824980675
  0
LWPOLYLINE
  5
1F1FA
330
1F05C
100
AcDbEntity
  8
0
 62
   134
420
    39591
100
AcDbPolyline
 90
        2
 70
     0
 43
0.083125
 10
-6.983472431296831
 20
2.643399417582259
 10
-6.983472431296831
 20
-0.4322255825754838
  0
LWPOLYLINE
  5
1F1FB
330
1F05C
100
AcDbEntity
  8
0
 62
   134
420
    39591
100
AcDbPolyline
 90
        2
 70
     0
 43
0.083125
 10
0.5809025687776739
 20
2.643399417582259
 10
0.5809025687776739
 20
-1.080600582594342
  0
LWPOLYLINE
  5
1F1FC
330
1F05C
100
AcDbEntity
  8
0
 62
   134
420
    39591
100
AcDbPolyline
 90
        2
 70
     0
 43
0.083125
 10
7.646527568780584
 20
2.643399417582259
 10
7.646527568780584
 20
1.645899417424516
  0
LWPOLYLINE
  5
1F1FD
330
1F05C
100
AcDbEntity
  8
0
 62
   134
420
    39591
100
AcDbPolyline
 90
        2
 70
     0
 43
0.083125
 10
8.594152568897698
 20
2.610149417552747
 10
8.693902568600606
 20
2.610149417552747
  0
LWPOLYLINE
  5
1F1FE
330
1F05C
100
AcDbEntity
  8
0
 62
   134
420
    39591
100
AcDbPolyline
 90
        2
 70
     0
 43
0.083125
 10
10.55590256839059
 20
2.643399417582259
 10
10.55590256839059
 20
-0.4987255826345063
  0
LWPOLYLINE
  5
1F1FF
330
1F05C
100
AcDbEntity
  8
0
 62
   134
420
    39591
100
AcDbPolyline
 90
        2
 70
     0
 43
0.083125
 10
13.24915256857639
 20
2.610149417552747
 10
13.41540256873122
 20
2.610149417552747
  0
LWPOLYLINE
  5
1F200
330
1F05C
100
AcDbEntity
  8
0
 62
   134
420
    39591
100
AcDbPolyline
 90
        2
 70
     0
 43
0.083125
 10
14.29652756878931
 20
2.643399417582259
 10
14.29652756878931
 20
-0.4987255826345063
  0
LWPOLYLINE
  5
1F201
330
1F05C
100
AcDbEntity
  8
0
 62
   134
420
    39591
100
AcDbPolyline
 90
        2
 70
     0
 43
0.083125
 10
18.75202756866929
 20
2.610149417552747
 10
18.81852756874286
 20
2.610149417552747
  0
LWPOLYLINE
  5
1F202
330
1F05C
100
AcDbEntity
  8
0
 62
   134
420
    39591
100
AcDbPolyline
 90
        2
 70
     0
 43
0.083125
 10
21.19590256862284
 20
2.643399417582259
 10
21.19590256862284
 20
1.645899417424516
  0
LWPOLYLINE
  5
1F203
330
1F05C
100
AcDbEntity
  8
0
 62
   134
420
    39591
100
AcDbPolyline
 90
        2
 70
     0
 43
0.083125
 10
-10.80722243136551
 20
2.576899417523236
 10
-10.80722243136551
 20
-0.4322255825754838
  0
LWPOLYLINE
  5
1F204
330
1F05C
100
AcDbEntity
  8
0
 62
   134
420
    39591
100
AcDbPolyline
 90
        2
 70
     0
 43
0.083125
 10
-9.892847431299742
 20
2.576899417523236
 10
-9.892847431299742
 20
2.327524417480162
  0
LWPOLYLINE
  5
1F205
330
1F05C
100
AcDbEntity
  8
0
 62
   134
420
    39591
100
AcDbPolyline
 90
        2
 70
     0
 43
0.083125
 10
-9.842972431637463
 20
2.527024417475331
 10
-9.759847431167145
 20
2.527024417475331
  0
LWPOLYLINE
  5
1F206
330
1F05C
100
AcDbEntity
  8
0
 62
   134
420
    39591
100
AcDbPolyline
 90
        2
 70
     0
 43
0.083125
 10
-8.030847431102301
 20
2.527024417475331
 10
-7.847972431321977
 20
2.527024417475331
  0
LWPOLYLINE
  5
1F207
330
1F05C
100
AcDbEntity
  8
0
 62
   134
420
    39591
100
AcDbPolyline
 90
        2
 70
     0
 43
0.083125
 10
7.563402568703168
 20
2.576899417523236
 10
7.563402568703168
 20
1.496274417484528
  0
LWPOLYLINE
  5
1F208
330
1F05C
100
AcDbEntity
  8
0
 62
   134
420
    39591
100
AcDbPolyline
 90
        2
 70
     0
 43
0.083125
 10
10.47277756870608
 20
2.576899417523236
 10
10.47277756870608
 20
-0.3491005824980675
  0
LWPOLYLINE
  5
1F209
330
1F05C
100
AcDbEntity
  8
0
 62
   134
420
    39591
100
AcDbPolyline
 90
        2
 70
     0
 43
0.083125
 10
13.38215256870899
 20
2.576899417523236
 10
13.38215256870899
 20
2.410649417368404
  0
LWPOLYLINE
  5
1F20A
330
1F05C
100
AcDbEntity
  8
0
 62
   134
420
    39591
100
AcDbPolyline
 90
        2
 70
     0
 43
0.083125
 10
14.37965256886673
 20
2.576899417523236
 10
14.37965256886673
 20
-0.4322255825754838
  0
LWPOLYLINE
  5
1F20B
330
1F05C
100
AcDbEntity
  8
0
 62
   134
420
    39591
100
AcDbPolyline
 90
        2
 70
     0
 43
0.083125
 10
19.94902756862575
 20
2.576899417523236
 10
19.94902756862575
 20
-1.24685058256
  0
LWPOLYLINE
  5
1F20C
330
1F05C
100
AcDbEntity
  8
0
 62
   134
420
    39591
100
AcDbPolyline
 90
        2
 70
     0
 43
0.083125
 10
-27.76472243129683
 20
2.49377441744582
 10
-27.76472243129683
 20
2.244399417402746
  0
LWPOLYLINE
  5
1F20D
330
1F05C
100
AcDbEntity
  8
0
 62
   134
420
    39591
100
AcDbPolyline
 90
        2
 70
     0
 43
0.083125
 10
-12.38659743129392
 20
2.49377441744582
 10
-12.38659743129392
 20
-0.2659755826098262
  0
LWPOLYLINE
  5
1F20E
330
1F05C
100
AcDbEntity
  8
0
 62
   134
420
    39591
100
AcDbPolyline
 90
        2
 70
     0
 43
0.083125
 10
-10.89034743144293
 20
2.49377441744582
 10
-10.89034743144293
 20
-0.2659755826098262
  0
LWPOLYLINE
  5
1F20F
330
1F05C
100
AcDbEntity
  8
0
 62
   134
420
    39591
100
AcDbPolyline
 90
        2
 70
     0
 43
0.083125
 10
-7.897847431377158
 20
2.49377441744582
 10
-7.897847431377158
 20
2.327524417480162
  0
LWPOLYLINE
  5
1F210
330
1F05C
100
AcDbEntity
  8
0
 62
   134
420
    39591
100
AcDbPolyline
 90
        2
 70
     0
 43
0.083125
 10
-6.900347431219415
 20
2.49377441744582
 10
-6.900347431219415
 20
-0.3491005824980675
  0
LWPOLYLINE
  5
1F211
330
1F05C
100
AcDbEntity
  8
0
 62
   134
420
    39591
100
AcDbPolyline
 90
        2
 70
     0
 43
0.083125
 10
7.480277568625751
 20
2.49377441744582
 10
7.480277568625751
 20
1.496274417484528
  0
LWPOLYLINE
  5
1F212
330
1F05C
100
AcDbEntity
  8
0
 62
   134
420
    39591
100
AcDbPolyline
 90
        2
 70
     0
 43
0.083125
 10
8.394652568706078
 20
2.49377441744582
 10
8.394652568706078
 20
2.327524417480162
  0
LWPOLYLINE
  5
1F213
330
1F05C
100
AcDbEntity
  8
0
 62
   134
420
    39591
100
AcDbPolyline
 90
        2
 70
     0
 43
0.083125
 10
8.427902568742865
 20
2.443899417397915
 10
8.527652568824123
 20
2.443899417397915
  0
LWPOLYLINE
  5
1F214
330
1F05C
100
AcDbEntity
  8
0
 62
   134
420
    39591
100
AcDbPolyline
 90
        2
 70
     0
 43
0.083125
 10
11.43702756844868
 20
2.443899417397915
 10
11.5035275685077
 20
2.443899417397915
  0
LWPOLYLINE
  5
1F215
330
1F05C
100
AcDbEntity
  8
0
 62
   134
420
    39591
100
AcDbPolyline
 90
        2
 70
     0
 43
0.083125
 10
21.11277756854542
 20
2.49377441744582
 10
21.11277756854542
 20
1.895274417467589
  0
LWPOLYLINE
  5
1F216
330
1F05C
100
AcDbEntity
  8
0
 62
   134
420
    39591
100
AcDbPolyline
 90
        2
 70
     0
 43
0.083125
 10
-39.15284743145458
 20
2.410649417368404
 10
-39.15284743145458
 20
1.080649417483073
  0
LWPOLYLINE
  5
1F217
330
1F05C
100
AcDbEntity
  8
0
 62
   134
420
    39591
100
AcDbPolyline
 90
        2
 70
     0
 43
0.083125
 10
-26.18534743136843
 20
2.410649417368404
 10
-26.18534743136843
 20
-0.6649755824037129
  0
LWPOLYLINE
  5
1F218
330
1F05C
100
AcDbEntity
  8
0
 62
   134
420
    39591
100
AcDbPolyline
 90
        2
 70
     0
 43
0.16625
 10
-13.33422243139648
 20
2.327524417480162
 10
-13.18459743126004
 20
2.327524417480162
  0
LWPOLYLINE
  5
1F219
330
1F05C
100
AcDbEntity
  8
0
 62
   134
420
    39591
100
AcDbPolyline
 90
        2
 70
     0
 43
0.083125
 10
-12.30347243160941
 20
2.410649417368404
 10
-12.30347243160941
 20
-0.0997255824549939
  0
LWPOLYLINE
  5
1F21A
330
1F05C
100
AcDbEntity
  8
0
 62
   134
420
    39591
100
AcDbPolyline
 90
        2
 70
     0
 43
0.16625
 10
-0.2170974311884493
 20
2.410649417368404
 10
-0.2170974311884493
 20
-1.24685058256
  0
LWPOLYLINE
  5
1F21B
330
1F05C
100
AcDbEntity
  8
0
 62
   134
420
    39591
100
AcDbPolyline
 90
        2
 70
     0
 43
0.083125
 10
0.6640275688550901
 20
2.410649417368404
 10
0.6640275688550901
 20
-1.080600582594342
  0
LWPOLYLINE
  5
1F21C
330
1F05C
100
AcDbEntity
  8
0
 62
   134
420
    39591
100
AcDbPolyline
 90
        2
 70
     0
 43
0.083125
 10
7.397152568548335
 20
2.410649417368404
 10
7.397152568548335
 20
0.0665244175033877
  0
LWPOLYLINE
  5
1F21D
330
1F05C
100
AcDbEntity
  8
0
 62
   134
420
    39591
100
AcDbPolyline
 90
        2
 70
     0
 43
0.083125
 10
10.38965256862866
 20
2.410649417368404
 10
10.38965256862866
 20
-0.18285058253241
  0
LWPOLYLINE
  5
1F21E
330
1F05C
100
AcDbEntity
  8
0
 62
   134
420
    39591
100
AcDbPolyline
 90
        2
 70
     0
 43
0.083125
 10
14.46277756855124
 20
2.410649417368404
 10
14.46277756855124
 20
-0.2659755826098262
  0
LWPOLYLINE
  5
1F21F
330
1F05C
100
AcDbEntity
  8
0
 62
   134
420
    39591
100
AcDbPolyline
 90
        2
 70
     0
 43
0.16625
 10
18.9847775688977
 20
2.410649417368404
 10
18.9847775688977
 20
-1.24685058256
  0
LWPOLYLINE
  5
1F220
330
1F05C
100
AcDbEntity
  8
0
 62
   134
420
    39591
100
AcDbPolyline
 90
        2
 70
     0
 43
0.083125
 10
-10.97347243152035
 20
2.327524417480162
 10
-10.97347243152035
 20
-0.0997255824549939
  0
LWPOLYLINE
  5
1F221
330
1F05C
100
AcDbEntity
  8
0
 62
   134
420
    39591
100
AcDbPolyline
 90
        2
 70
     0
 43
0.083125
 10
-6.817222431520349
 20
2.327524417480162
 10
-6.817222431520349
 20
-0.18285058253241
  0
LWPOLYLINE
  5
1F222
330
1F05C
100
AcDbEntity
  8
0
 62
   134
420
    39591
100
AcDbPolyline
 90
        2
 70
     0
 43
0.083125
 10
7.314027568863821
 20
2.327524417480162
 10
7.314027568863821
 20
0.2327744174690451
  0
LWPOLYLINE
  5
1F223
330
1F05C
100
AcDbEntity
  8
0
 62
   134
420
    39591
100
AcDbPolyline
 90
        2
 70
     0
 43
0.16625
 10
13.5816525685077
 20
2.327524417480162
 10
13.5816525685077
 20
2.061524417425971
  0
LWPOLYLINE
  5
1F224
330
1F05C
100
AcDbEntity
  8
0
 62
   134
420
    39591
100
AcDbPolyline
 90
        2
 70
     0
 43
0.083125
 10
-26.10222243129101
 20
2.244399417402746
 10
-26.10222243129101
 20
-0.4987255826345063
  0
LWPOLYLINE
  5
1F225
330
1F05C
100
AcDbEntity
  8
0
 62
   134
420
    39591
100
AcDbPolyline
 90
        2
 70
     0
 43
0.083125
 10
-13.21784743129683
 20
2.244399417402746
 10
-13.21784743129683
 20
1.895274417467589
  0
LWPOLYLINE
  5
1F226
330
1F05C
100
AcDbEntity
  8
0
 62
   134
420
    39591
100
AcDbPolyline
 90
        2
 70
     0
 43
0.083125
 10
-12.22034743153199
 20
2.244399417402746
 10
-12.22034743153199
 20
0.0665244175033877
  0
LWPOLYLINE
  5
1F227
330
1F05C
100
AcDbEntity
  8
0
 62
   134
420
    39591
100
AcDbPolyline
 90
        2
 70
     0
 43
0.083125
 10
7.230902568393503
 20
2.244399417402746
 10
7.230902568393503
 20
0.3325244173684041
  0
LWPOLYLINE
  5
1F228
330
1F05C
100
AcDbEntity
  8
0
 62
   134
420
    39591
100
AcDbPolyline
 90
        2
 70
     0
 43
0.083125
 10
11.30402756870899
 20
2.244399417402746
 10
11.30402756870899
 20
1.895274417467589
  0
LWPOLYLINE
  5
1F229
330
1F05C
100
AcDbEntity
  8
0
 62
   134
420
    39591
100
AcDbPolyline
 90
        2
 70
     0
 43
0.083125
 10
14.54590256862866
 20
2.244399417402746
 10
14.54590256862866
 20
-0.0997255824549939
  0
LWPOLYLINE
  5
1F22A
330
1F05C
100
AcDbEntity
  8
0
 62
   134
420
    39591
100
AcDbPolyline
 90
        2
 70
     0
 43
0.083125
 10
-7.731597431222326
 20
2.161274417521781
 10
-7.731597431222326
 20
1.895274417467589
  0
LWPOLYLINE
  5
1F22B
330
1F05C
100
AcDbEntity
  8
0
 62
   134
420
    39591
100
AcDbPolyline
 90
        2
 70
     0
 43
0.083125
 10
-6.734097431442933
 20
2.161274417521781
 10
-6.734097431442933
 20
0.0665244175033877
  0
LWPOLYLINE
  5
1F22C
330
1F05C
100
AcDbEntity
  8
0
 62
   134
420
    39591
100
AcDbPolyline
 90
        2
 70
     0
 43
0.083125
 10
7.147777568708988
 20
2.161274417521781
 10
7.147777568708988
 20
0.4156494174458203
  0
LWPOLYLINE
  5
1F22D
330
1F05C
100
AcDbEntity
  8
0
 62
   134
420
    39591
100
AcDbPolyline
 90
        2
 70
     0
 43
0.083125
 10
10.30652756855124
 20
2.161274417521781
 10
10.30652756855124
 20
-0.0166005825740285
  0
LWPOLYLINE
  5
1F22E
330
1F05C
100
AcDbEntity
  8
0
 62
   134
420
    39591
100
AcDbPolyline
 90
        2
 70
     0
 43
0.083125
 10
-11.05659743121941
 20
2.061524417425971
 10
-11.05659743121941
 20
0.0665244175033877
  0
LWPOLYLINE
  5
1F22F
330
1F05C
100
AcDbEntity
  8
0
 62
   134
420
    39591
100
AcDbPolyline
 90
        2
 70
     0
 43
0.083125
 10
-10.05909743145457
 20
2.061524417425971
 10
-10.05909743145457
 20
1.812149417390173
  0
LWPOLYLINE
  5
1F230
330
1F05C
100
AcDbEntity
  8
0
 62
   134
420
    39591
100
AcDbPolyline
 90
        2
 70
     0
 43
0.083125
 10
7.064652568631572
 20
2.061524417425971
 10
7.064652568631572
 20
0.4987744175232365
  0
LWPOLYLINE
  5
1F231
330
1F05C
100
AcDbEntity
  8
0
 62
   134
420
    39591
100
AcDbPolyline
 90
        2
 70
     0
 43
0.083125
 10
13.63152756854833
 20
2.061524417425971
 10
13.63152756854833
 20
1.645899417424516
  0
LWPOLYLINE
  5
1F232
330
1F05C
100
AcDbEntity
  8
0
 62
   134
420
    39591
100
AcDbPolyline
 90
        2
 70
     0
 43
0.083125
 10
-27.59847243152035
 20
1.978399417545006
 10
-27.59847243152035
 20
1.496274417484528
  0
LWPOLYLINE
  5
1F233
330
1F05C
100
AcDbEntity
  8
0
 62
   134
420
    39591
100
AcDbPolyline
 90
        2
 70
     0
 43
0.083125
 10
-26.0190974316065
 20
1.978399417545006
 10
-26.0190974316065
 20
-0.18285058253241
  0
LWPOLYLINE
  5
1F234
330
1F05C
100
AcDbEntity
  8
0
 62
   134
420
    39591
100
AcDbPolyline
 90
        2
 70
     0
 43
0.083125
 10
-12.13722243145457
 20
1.978399417545006
 10
-12.13722243145457
 20
0.3325244173684041
  0
LWPOLYLINE
  5
1F235
330
1F05C
100
AcDbEntity
  8
0
 62
   134
420
    39591
100
AcDbPolyline
 90
        2
 70
     0
 43
0.083125
 10
6.981527568554156
 20
1.978399417545006
 10
6.981527568554156
 20
0.6483994174632244
  0
LWPOLYLINE
  5
1F236
330
1F05C
100
AcDbEntity
  8
0
 62
   134
420
    39591
100
AcDbPolyline
 90
        2
 70
     0
 43
0.083125
 10
10.22340256886673
 20
1.978399417545006
 10
10.22340256886673
 20
0.2327744174690451
  0
LWPOLYLINE
  5
1F237
330
1F05C
100
AcDbEntity
  8
0
 62
   134
420
    39591
100
AcDbPolyline
 90
        2
 70
     0
 43
0.083125
 10
14.62902756870608
 20
1.978399417545006
 10
14.62902756870608
 20
0.1496494175808039
  0
LWPOLYLINE
  5
1F238
330
1F05C
100
AcDbEntity
  8
0
 62
   134
420
    39591
100
AcDbPolyline
 90
        2
 70
     0
 43
0.083125
 10
22.19340256878059
 20
1.978399417545006
 10
22.19340256878059
 20
0.9808994173872633
  0
LWPOLYLINE
  5
1F239
330
1F05C
100
AcDbEntity
  8
0
 62
   134
420
    39591
100
AcDbPolyline
 90
        2
 70
     0
 43
0.083125
 10
-6.650972431365516
 20
1.895274417467589
 10
-6.650972431365516
 20
0.3325244173684041
  0
LWPOLYLINE
  5
1F23A
330
1F05C
100
AcDbEntity
  8
0
 62
   134
420
    39591
100
AcDbPolyline
 90
        2
 70
     0
 43
0.083125
 10
6.89840256885509
 20
1.895274417467589
 10
6.89840256885509
 20
0.7315244173514657
  0
LWPOLYLINE
  5
1F23B
330
1F05C
100
AcDbEntity
  8
0
 62
   134
420
    39591
100
AcDbPolyline
 90
        2
 70
     0
 43
0.2493749999999999
 10
-0.416597431365517
 20
1.812149417390173
 10
-0.416597431365517
 20
1.33002441751887
  0
LWPOLYLINE
  5
1F23C
330
1F05C
100
AcDbEntity
  8
0
 62
   134
420
    39591
100
AcDbPolyline
 90
        2
 70
     0
 43
0.083125
 10
6.815277568777673
 20
1.812149417390173
 10
6.815277568777673
 20
0.8146494174288818
  0
LWPOLYLINE
  5
1F23D
330
1F05C
100
AcDbEntity
  8
0
 62
   134
420
    39591
100
AcDbPolyline
 90
        2
 70
     0
 43
0.083125
 10
22.27652756847965
 20
1.812149417390173
 10
22.27652756847965
 20
0.9808994173872633
  0
LWPOLYLINE
  5
1F23E
330
1F05C
100
AcDbEntity
  8
0
 62
   134
420
    39591
100
AcDbPolyline
 90
        2
 70
     0
 43
0.083125
 10
-11.13972243129683
 20
1.729024417501932
 10
-11.13972243129683
 20
0.4156494174458203
  0
LWPOLYLINE
  5
1F23F
330
1F05C
100
AcDbEntity
  8
0
 62
   134
420
    39591
100
AcDbPolyline
 90
        2
 70
     0
 43
0.415625
 10
-1.197972431327798
 20
1.529524417514039
 10
-0.5495974311052123
 20
1.529524417514039
  0
LWPOLYLINE
  5
1F240
330
1F05C
100
AcDbEntity
  8
0
 62
   134
420
    39591
100
AcDbPolyline
 90
        2
 70
     0
 43
0.083125
 10
6.732152568700257
 20
1.729024417501932
 10
6.732152568700257
 20
0.897774417506298
  0
LWPOLYLINE
  5
1F241
330
1F05C
100
AcDbEntity
  8
0
 62
   134
420
    39591
100
AcDbPolyline
 90
        2
 70
     0
 43
0.16625
 10
22.4095275685977
 20
1.729024417501932
 10
22.4095275685977
 20
0.897774417506298
  0
LWPOLYLINE
  5
1F242
330
1F05C
100
AcDbEntity
  8
0
 62
   134
420
    39591
100
AcDbPolyline
 90
        2
 70
     0
 43
0.415625
 10
-1.696722431399393
 20
1.446399417436623
 10
-1.197972431327798
 20
1.446399417436623
  0
LWPOLYLINE
  5
1F243
330
1F05C
100
AcDbEntity
  8
0
 62
   134
420
    39591
100
AcDbPolyline
 90
        2
 70
     0
 43
0.083125
 10
6.649027568622841
 20
1.645899417424516
 10
6.649027568622841
 20
1.080649417483073
  0
LWPOLYLINE
  5
1F244
330
1F05C
100
AcDbEntity
  8
0
 62
   134
420
    39591
100
AcDbPolyline
 90
        2
 70
     0
 43
0.083125
 10
14.71215256839059
 20
1.645899417424516
 10
14.71215256839059
 20
0.5652744175822591
  0
LWPOLYLINE
  5
1F245
330
1F05C
100
AcDbEntity
  8
0
 62
   134
420
    39591
100
AcDbPolyline
 90
        2
 70
     0
 43
0.16625
 10
22.57577756875253
 20
1.645899417424516
 10
22.57577756875253
 20
0.8146494174288818
  0
LWPOLYLINE
  5
1F246
330
1F05C
100
AcDbEntity
  8
0
 62
   134
420
    39591
100
AcDbPolyline
 90
        2
 70
     0
 43
0.3325
 10
-1.862972431175876
 20
1.56277441754355
 10
-1.862972431175876
 20
1.080649417483073
  0
LWPOLYLINE
  5
1F247
330
1F05C
100
AcDbEntity
  8
0
 62
   134
420
    39591
100
AcDbPolyline
 90
        2
 70
     0
 43
0.083125
 10
10.14027756878931
 20
1.56277441754355
 10
10.14027756878931
 20
0.6483994174632244
  0
LWPOLYLINE
  5
1F248
330
1F05C
100
AcDbEntity
  8
0
 62
   134
420
    39591
100
AcDbPolyline
 90
        2
 70
     0
 43
0.16625
 10
22.74202756851446
 20
1.56277441754355
 10
22.74202756851446
 20
0.8146494174288818
  0
LWPOLYLINE
  5
1F249
330
1F05C
100
AcDbEntity
  8
0
 62
   134
420
    39591
100
AcDbPolyline
 90
        2
 70
     0
 43
0.083125
 10
-25.93597243113618
 20
1.496274417484528
 10
-25.93597243113618
 20
0.2327744174690451
  0
LWPOLYLINE
  5
1F24A
330
1F05C
100
AcDbEntity
  8
0
 62
   134
420
    39591
100
AcDbPolyline
 90
        2
 70
     0
 43
0.083125
 10
-21.61347243137425
 20
1.496274417484528
 10
-21.61347243137425
 20
-3.158725582594342
  0
LWPOLYLINE
  5
1F24B
330
1F05C
100
AcDbEntity
  8
0
 62
   134
420
    39591
100
AcDbPolyline
 90
        2
 70
     0
 43
0.083125
 10
-12.05409743137716
 20
1.496274417484528
 10
-12.05409743137716
 20
0.897774417506298
  0
LWPOLYLINE
  5
1F24C
330
1F05C
100
AcDbEntity
  8
0
 62
   134
420
    39591
100
AcDbPolyline
 90
        2
 70
     0
 43
0.2493749999999999
 10
-2.162222431448753
 20
1.496274417484528
 10
-2.162222431448753
 20
0.897774417506298
  0
LWPOLYLINE
  5
1F24D
330
1F05C
100
AcDbEntity
  8
0
 62
   134
420
    39591
100
AcDbPolyline
 90
        2
 70
     0
 43
0.16625
 10
6.516027568897698
 20
1.496274417484528
 10
6.516027568897698
 20
1.246899417441454
  0
LWPOLYLINE
  5
1F24E
330
1F05C
100
AcDbEntity
  8
0
 62
   134
420
    39591
100
AcDbPolyline
 90
        2
 70
     0
 43
0.083125
 10
11.13777756855415
 20
1.496274417484528
 10
11.13777756855415
 20
-0.9974755825169268
  0
LWPOLYLINE
  5
1F24F
330
1F05C
100
AcDbEntity
  8
0
 62
   134
420
    39591
100
AcDbPolyline
 90
        2
 70
     0
 43
0.2493749999999999
 10
22.94152756870608
 20
1.496274417484528
 10
22.94152756870608
 20
0.7315244173514657
  0
LWPOLYLINE
  5
1F250
330
1F05C
100
AcDbEntity
  8
0
 62
   134
420
    39591
100
AcDbPolyline
 90
        2
 70
     0
 43
0.16625
 10
-2.361722431247471
 20
1.413149417596287
 10
-2.361722431247471
 20
0.5652744175822591
  0
LWPOLYLINE
  5
1F251
330
1F05C
100
AcDbEntity
  8
0
 62
   134
420
    39591
100
AcDbPolyline
 90
        2
 70
     0
 43
0.083125
 10
6.399652568390592
 20
1.413149417596287
 10
6.399652568390592
 20
1.246899417441454
  0
LWPOLYLINE
  5
1F252
330
1F05C
100
AcDbEntity
  8
0
 62
   134
420
    39591
100
AcDbPolyline
 90
        2
 70
     0
 43
0.083125
 10
21.49515256851737
 20
1.363274417359207
 10
21.56165256857639
 20
1.363274417359207
  0
LWPOLYLINE
  5
1F253
330
1F05C
100
AcDbEntity
  8
0
 62
   134
420
    39591
100
AcDbPolyline
 90
        2
 70
     0
 43
0.16625
 10
23.1410275688977
 20
1.413149417596287
 10
23.1410275688977
 20
0.5652744175822591
  0
LWPOLYLINE
  5
1F254
330
1F05C
100
AcDbEntity
  8
0
 62
   134
420
    39591
100
AcDbPolyline
 90
        2
 70
     0
 43
0.16625
 10
-2.527972431402304
 20
1.33002441751887
 10
-2.527972431402304
 20
-1.163725582482584
  0
LWPOLYLINE
  5
1F255
330
1F05C
100
AcDbEntity
  8
0
 62
   134
420
    39591
100
AcDbPolyline
 90
        2
 70
     0
 43
0.083125
 10
-1.197972431327798
 20
1.280149417470966
 10
-0.9652224314922932
 20
1.280149417470966
  0
LWPOLYLINE
  5
1F256
330
1F05C
100
AcDbEntity
  8
0
 62
   134
420
    39591
100
AcDbPolyline
 90
        2
 70
     0
 43
0.083125
 10
7.480277568625751
 20
1.33002441751887
 10
7.480277568625751
 20
0.0665244175033877
  0
LWPOLYLINE
  5
1F257
330
1F05C
100
AcDbEntity
  8
0
 62
   134
420
    39591
100
AcDbPolyline
 90
        2
 70
     0
 43
0.2493749999999999
 10
23.35715256870026
 20
1.33002441751887
 10
23.35715256870026
 20
0.3325244173684041
  0
LWPOLYLINE
  5
1F258
330
1F05C
100
AcDbEntity
  8
0
 62
   134
420
    39591
100
AcDbPolyline
 90
        2
 70
     0
 43
0.083125
 10
-7.565347431445843
 20
1.246899417441454
 10
-7.565347431445843
 20
-0.9974755825169268
  0
LWPOLYLINE
  5
1F259
330
1F05C
100
AcDbEntity
  8
0
 62
   134
420
    39591
100
AcDbPolyline
 90
        2
 70
     0
 43
0.16625
 10
-2.694222431164234
 20
1.246899417441454
 10
-2.694222431164234
 20
-1.080600582594342
  0
LWPOLYLINE
  5
1F25A
330
1F05C
100
AcDbEntity
  8
0
 62
   134
420
    39591
100
AcDbPolyline
 90
        2
 70
     0
 43
0.083125
 10
-1.663472431377158
 20
1.246899417441454
 10
-1.663472431377158
 20
1.080649417483073
  0
LWPOLYLINE
  5
1F25B
330
1F05C
100
AcDbEntity
  8
0
 62
   134
420
    39591
100
AcDbPolyline
 90
        2
 70
     0
 43
0.083125
 10
-1.630222431340371
 20
1.19702441759
 10
-1.36422243148263
 20
1.19702441759
  0
LWPOLYLINE
  5
1F25C
330
1F05C
100
AcDbEntity
  8
0
 62
   134
420
    39591
100
AcDbPolyline
 90
        2
 70
     0
 43
0.083125
 10
6.516027568897698
 20
1.19702441759
 10
6.615777568600606
 20
1.19702441759
  0
LWPOLYLINE
  5
1F25D
330
1F05C
100
AcDbEntity
  8
0
 62
   134
420
    39591
100
AcDbPolyline
 90
        2
 70
     0
 43
0.083125
 10
7.563402568703168
 20
1.246899417441454
 10
7.563402568703168
 20
-0.0997255824549939
  0
LWPOLYLINE
  5
1F25E
330
1F05C
100
AcDbEntity
  8
0
 62
   134
420
    39591
100
AcDbPolyline
 90
        2
 70
     0
 43
0.16625
 10
23.57327756851737
 20
1.246899417441454
 10
23.57327756851737
 20
-1.080600582594342
  0
LWPOLYLINE
  5
1F25F
330
1F05C
100
AcDbEntity
  8
0
 62
   134
420
    39591
100
AcDbPolyline
 90
        2
 70
     0
 43
0.083125
 10
-2.827222431296831
 20
1.163774417560489
 10
-2.827222431296831
 20
-0.9974755825169268
  0
LWPOLYLINE
  5
1F260
330
1F05C
100
AcDbEntity
  8
0
 62
   134
420
    39591
100
AcDbPolyline
 90
        2
 70
     0
 43
0.083125
 10
7.646527568780584
 20
1.163774417560489
 10
7.646527568780584
 20
-0.18285058253241
  0
LWPOLYLINE
  5
1F261
330
1F05C
100
AcDbEntity
  8
0
 62
   134
420
    39591
100
AcDbPolyline
 90
        2
 70
     0
 43
0.16625
 10
23.7395275686722
 20
1.163774417560489
 10
23.7395275686722
 20
-0.9974755825169268
  0
LWPOLYLINE
  5
1F262
330
1F05C
100
AcDbEntity
  8
0
 62
   134
420
    39591
100
AcDbPolyline
 90
        2
 70
     0
 43
0.16625
 10
-2.943597431396483
 20
1.080649417483073
 10
-2.943597431396483
 20
-0.9143505824395106
  0
LWPOLYLINE
  5
1F263
330
1F05C
100
AcDbEntity
  8
0
 62
   134
420
    39591
100
AcDbPolyline
 90
        2
 70
     0
 43
0.083125
 10
-1.995972431293921
 20
1.080649417483073
 10
-1.995972431293921
 20
0.897774417506298
  0
LWPOLYLINE
  5
1F264
330
1F05C
100
AcDbEntity
  8
0
 62
   134
420
    39591
100
AcDbPolyline
 90
        2
 70
     0
 43
0.083125
 10
-1.962722431257134
 20
1.030774417435168
 10
-1.862972431175876
 20
1.030774417435168
  0
LWPOLYLINE
  5
1F265
330
1F05C
100
AcDbEntity
  8
0
 62
   134
420
    39591
100
AcDbPolyline
 90
        2
 70
     0
 43
0.083125
 10
7.72965256847965
 20
1.080649417483073
 10
7.72965256847965
 20
-0.3491005824980675
  0
LWPOLYLINE
  5
1F266
330
1F05C
100
AcDbEntity
  8
0
 62
   134
420
    39591
100
AcDbPolyline
 90
        2
 70
     0
 43
0.083125
 10
22.06040256866254
 20
1.030774417435168
 10
22.16015256875835
 20
1.030774417435168
  0
LWPOLYLINE
  5
1F267
330
1F05C
100
AcDbEntity
  8
0
 62
   134
420
    39591
100
AcDbPolyline
 90
        2
 70
     0
 43
0.16625
 10
23.90577756844868
 20
1.080649417483073
 10
23.90577756844868
 20
-0.9143505824395106
  0
LWPOLYLINE
  5
1F268
330
1F05C
100
AcDbEntity
  8
0
 62
   134
420
    39591
100
AcDbPolyline
 90
        2
 70
     0
 43
0.083125
 10
-7.648472431144909
 20
0.9808994173872633
 10
-7.648472431144909
 20
-1.080600582594342
  0
LWPOLYLINE
  5
1F269
330
1F05C
100
AcDbEntity
  8
0
 62
   134
420
    39591
100
AcDbPolyline
 90
        2
 70
     0
 43
0.083125
 10
-3.076597431136178
 20
0.9808994173872633
 10
-3.076597431136178
 20
-0.8312255825585452
  0
LWPOLYLINE
  5
1F26A
330
1F05C
100
AcDbEntity
  8
0
 62
   134
420
    39591
100
AcDbPolyline
 90
        2
 70
     0
 43
0.083125
 10
24.02215256854834
 20
0.9808994173872633
 10
24.02215256854834
 20
-0.7481005824811291
  0
LWPOLYLINE
  5
1F26B
330
1F05C
100
AcDbEntity
  8
0
 62
   134
420
    39591
100
AcDbPolyline
 90
        2
 70
     0
 43
0.083125
 10
-3.159722431606496
 20
0.897774417506298
 10
-3.159722431606496
 20
-0.7481005824811291
  0
LWPOLYLINE
  5
1F26C
330
1F05C
100
AcDbEntity
  8
0
 62
   134
420
    39591
100
AcDbPolyline
 90
        2
 70
     0
 43
0.083125
 10
-2.245347431133268
 20
0.897774417506298
 10
-2.245347431133268
 20
0.6483994174632244
  0
LWPOLYLINE
  5
1F26D
330
1F05C
100
AcDbEntity
  8
0
 62
   134
420
    39591
100
AcDbPolyline
 90
        2
 70
     0
 43
0.083125
 10
-2.195472431485541
 20
0.8645244174767867
 10
-2.128972431411966
 20
0.8645244174767867
  0
LWPOLYLINE
  5
1F26E
330
1F05C
100
AcDbEntity
  8
0
 62
   134
420
    39591
100
AcDbPolyline
 90
        2
 70
     0
 43
0.083125
 10
7.812777568557066
 20
0.897774417506298
 10
7.812777568557066
 20
-0.4322255825754838
  0
LWPOLYLINE
  5
1F26F
330
1F05C
100
AcDbEntity
  8
0
 62
   134
420
    39591
100
AcDbPolyline
 90
        2
 70
     0
 43
0.083125
 10
24.10527756862575
 20
0.897774417506298
 10
24.10527756862575
 20
-0.6649755824037129
  0
LWPOLYLINE
  5
1F270
330
1F05C
100
AcDbEntity
  8
0
 62
   134
420
    39591
100
AcDbPolyline
 90
        2
 70
     0
 43
0.083125
 10
-13.13472243121941
 20
0.8146494174288818
 10
-13.13472243121941
 20
-0.9974755825169268
  0
LWPOLYLINE
  5
1F271
330
1F05C
100
AcDbEntity
  8
0
 62
   134
420
    39591
100
AcDbPolyline
 90
        2
 70
     0
 43
0.083125
 10
7.895902568634483
 20
0.8146494174288818
 10
7.895902568634483
 20
-0.4987255826345063
  0
LWPOLYLINE
  5
1F272
330
1F05C
100
AcDbEntity
  8
0
 62
   134
420
    39591
100
AcDbPolyline
 90
        2
 70
     0
 43
0.083125
 10
22.74202756851446
 20
0.7813994173993706
 10
22.80852756858803
 20
0.7813994173993706
  0
LWPOLYLINE
  5
1F273
330
1F05C
100
AcDbEntity
  8
0
 62
   134
420
    39591
100
AcDbPolyline
 90
        2
 70
     0
 43
0.083125
 10
-37.7397224312881
 20
0.7315244173514657
 10
-37.7397224312881
 20
-3.241850582482584
  0
LWPOLYLINE
  5
1F274
330
1F05C
100
AcDbEntity
  8
0
 62
   134
420
    39591
100
AcDbPolyline
 90
        2
 70
     0
 43
0.083125
 10
-3.242847431291011
 20
0.7315244173514657
 10
-3.242847431291011
 20
-0.5818505825154717
  0
LWPOLYLINE
  5
1F275
330
1F05C
100
AcDbEntity
  8
0
 62
   134
420
    39591
100
AcDbPolyline
 90
        2
 70
     0
 43
0.083125
 10
7.979027568711899
 20
0.7315244173514657
 10
7.979027568711899
 20
-0.5818505825154717
  0
LWPOLYLINE
  5
1F276
330
1F05C
100
AcDbEntity
  8
0
 62
   134
420
    39591
100
AcDbPolyline
 90
        2
 70
     0
 43
0.083125
 10
22.90827756866929
 20
0.6982744173219544
 10
23.07452756882412
 20
0.6982744173219544
  0
LWPOLYLINE
  5
1F277
330
1F05C
100
AcDbEntity
  8
0
 62
   134
420
    39591
100
AcDbPolyline
 90
        2
 70
     0
 43
0.083125
 10
24.18840256870317
 20
0.7315244173514657
 10
24.18840256870317
 20
-0.5818505825154717
  0
LWPOLYLINE
  5
1F278
330
1F05C
100
AcDbEntity
  8
0
 62
   134
420
    39591
100
AcDbPolyline
 90
        2
 70
     0
 43
0.083125
 10
8.062152568789315
 20
0.6483994174632244
 10
8.062152568789315
 20
-0.7481005824811291
  0
LWPOLYLINE
  5
1F279
330
1F05C
100
AcDbEntity
  8
0
 62
   134
420
    39591
100
AcDbPolyline
 90
        2
 70
     0
 43
0.083125
 10
11.22090256863157
 20
0.6483994174632244
 10
11.22090256863157
 20
-1.080600582594342
  0
LWPOLYLINE
  5
1F27A
330
1F05C
100
AcDbEntity
  8
0
 62
   134
420
    39591
100
AcDbPolyline
 90
        2
 70
     0
 43
0.083125
 10
24.27152756878058
 20
0.6483994174632244
 10
24.27152756878058
 20
-0.4322255825754838
  0
LWPOLYLINE
  5
1F27B
330
1F05C
100
AcDbEntity
  8
0
 62
   134
420
    39591
100
AcDbPolyline
 90
        2
 70
     0
 43
0.083125
 10
-21.69659743145166
 20
0.5652744175822591
 10
-21.69659743145166
 20
-3.32497558256
  0
LWPOLYLINE
  5
1F27C
330
1F05C
100
AcDbEntity
  8
0
 62
   134
420
    39591
100
AcDbPolyline
 90
        2
 70
     0
 43
0.083125
 10
-3.325972431368427
 20
0.5652744175822591
 10
-3.325972431368427
 20
-0.4987255826345063
  0
LWPOLYLINE
  5
1F27D
330
1F05C
100
AcDbEntity
  8
0
 62
   134
420
    39591
100
AcDbPolyline
 90
        2
 70
     0
 43
0.083125
 10
-2.4115974312881
 20
0.5652744175822591
 10
-2.4115974312881
 20
0.2327744174690451
  0
LWPOLYLINE
  5
1F27E
330
1F05C
100
AcDbEntity
  8
0
 62
   134
420
    39591
100
AcDbPolyline
 90
        2
 70
     0
 43
0.083125
 10
8.145277568866731
 20
0.5652744175822591
 10
8.145277568866731
 20
-0.8312255825585452
  0
LWPOLYLINE
  5
1F27F
330
1F05C
100
AcDbEntity
  8
0
 62
   134
420
    39591
100
AcDbPolyline
 90
        2
 70
     0
 43
0.083125
 10
13.63152756854833
 20
0.5652744175822591
 10
13.63152756854833
 20
-1.080600582594342
  0
LWPOLYLINE
  5
1F280
330
1F05C
100
AcDbEntity
  8
0
 62
   134
420
    39591
100
AcDbPolyline
 90
        2
 70
     0
 43
0.083125
 10
23.1410275688977
 20
0.5320244175527478
 10
23.24077756860061
 20
0.5320244175527478
  0
LWPOLYLINE
  5
1F281
330
1F05C
100
AcDbEntity
  8
0
 62
   134
420
    39591
100
AcDbPolyline
 90
        2
 70
     0
 43
0.083125
 10
8.228402568551246
 20
0.4987744175232365
 10
8.228402568551246
 20
-0.9143505824395106
  0
LWPOLYLINE
  5
1F282
330
1F05C
100
AcDbEntity
  8
0
 62
   134
420
    39591
100
AcDbPolyline
 90
        2
 70
     0
 43
0.083125
 10
24.35465256847965
 20
0.4987744175232365
 10
24.35465256847965
 20
-0.3491005824980675
  0
LWPOLYLINE
  5
1F283
330
1F05C
100
AcDbEntity
  8
0
 62
   134
420
    39591
100
AcDbPolyline
 90
        2
 70
     0
 43
0.083125
 10
-27.59847243152035
 20
0.4156494174458203
 10
-27.59847243152035
 20
-2.427225582498067
  0
LWPOLYLINE
  5
1F284
330
1F05C
100
AcDbEntity
  8
0
 62
   134
420
    39591
100
AcDbPolyline
 90
        2
 70
     0
 43
0.083125
 10
-10.05909743145457
 20
0.4156494174458203
 10
-10.05909743145457
 20
-1.080600582594342
  0
LWPOLYLINE
  5
1F285
330
1F05C
100
AcDbEntity
  8
0
 62
   134
420
    39591
100
AcDbPolyline
 90
        2
 70
     0
 43
0.083125
 10
8.311527568628662
 20
0.4156494174458203
 10
8.311527568628662
 20
-0.9974755825169268
  0
LWPOLYLINE
  5
1F286
330
1F05C
100
AcDbEntity
  8
0
 62
   134
420
    39591
100
AcDbPolyline
 90
        2
 70
     0
 43
0.083125
 10
-13.21784743129683
 20
0.3325244173684041
 10
-13.21784743129683
 20
-1.080600582594342
  0
LWPOLYLINE
  5
1F287
330
1F05C
100
AcDbEntity
  8
0
 62
   134
420
    39591
100
AcDbPolyline
 90
        2
 70
     0
 43
0.083125
 10
-7.731597431222326
 20
0.3325244173684041
 10
-7.731597431222326
 20
-1.080600582594342
  0
LWPOLYLINE
  5
1F288
330
1F05C
100
AcDbEntity
  8
0
 62
   134
420
    39591
100
AcDbPolyline
 90
        2
 70
     0
 43
0.083125
 10
-3.409097431445843
 20
0.3325244173684041
 10
-3.409097431445843
 20
-0.18285058253241
  0
LWPOLYLINE
  5
1F289
330
1F05C
100
AcDbEntity
  8
0
 62
   134
420
    39591
100
AcDbPolyline
 90
        2
 70
     0
 43
0.083125
 10
8.394652568706078
 20
0.3325244173684041
 10
8.394652568706078
 20
-1.080600582594342
  0
LWPOLYLINE
  5
1F28A
330
1F05C
100
AcDbEntity
  8
0
 62
   134
420
    39591
100
AcDbPolyline
 90
        2
 70
     0
 43
0.16625
 10
23.40702756836254
 20
0.3325244173684041
 10
23.40702756836254
 20
-1.163725582482584
  0
LWPOLYLINE
  5
1F28B
330
1F05C
100
AcDbEntity
  8
0
 62
   134
420
    39591
100
AcDbPolyline
 90
        2
 70
     0
 43
0.083125
 10
-37.65659743121068
 20
0.2327744174690451
 10
-37.65659743121068
 20
-3.424725582648534
  0
LWPOLYLINE
  5
1F28C
330
1F05C
100
AcDbEntity
  8
0
 62
   134
420
    39591
100
AcDbPolyline
 90
        2
 70
     0
 43
0.083125
 10
11.30402756870899
 20
0.2327744174690451
 10
11.30402756870899
 20
-1.080600582594342
  0
LWPOLYLINE
  5
1F28D
330
1F05C
100
AcDbEntity
  8
0
 62
   134
420
    39591
100
AcDbPolyline
 90
        2
 70
     0
 43
0.083125
 10
-13.30097243137425
 20
0.1496494175808039
 10
-13.30097243137425
 20
-1.080600582594342
  0
LWPOLYLINE
  5
1F28E
330
1F05C
100
AcDbEntity
  8
0
 62
   134
420
    39591
100
AcDbPolyline
 90
        2
 70
     0
 43
0.083125
 10
-9.975972431377158
 20
0.1496494175808039
 10
-9.975972431377158
 20
-1.163725582482584
  0
LWPOLYLINE
  5
1F28F
330
1F05C
100
AcDbEntity
  8
0
 62
   134
420
    39591
100
AcDbPolyline
 90
        2
 70
     0
 43
0.083125
 10
8.477777568390592
 20
0.1496494175808039
 10
8.477777568390592
 20
-1.24685058256
  0
LWPOLYLINE
  5
1F290
330
1F05C
100
AcDbEntity
  8
0
 62
   134
420
    39591
100
AcDbPolyline
 90
        2
 70
     0
 43
0.083125
 10
13.54840256886382
 20
0.1496494175808039
 10
13.54840256886382
 20
-1.163725582482584
  0
LWPOLYLINE
  5
1F291
330
1F05C
100
AcDbEntity
  8
0
 62
   134
420
    39591
100
AcDbPolyline
 90
        2
 70
     0
 43
0.083125
 10
-21.77972243113618
 20
0.0665244175033877
 10
-21.77972243113618
 20
-3.424725582648534
  0
LWPOLYLINE
  5
1F292
330
1F05C
100
AcDbEntity
  8
0
 62
   134
420
    39591
100
AcDbPolyline
 90
        2
 70
     0
 43
0.083125
 10
-7.814722431299742
 20
0.0665244175033877
 10
-7.814722431299742
 20
-1.163725582482584
  0
LWPOLYLINE
  5
1F293
330
1F05C
100
AcDbEntity
  8
0
 62
   134
420
    39591
100
AcDbPolyline
 90
        2
 70
     0
 43
0.083125
 10
8.560902568468009
 20
0.0665244175033877
 10
8.560902568468009
 20
-1.24685058256
  0
LWPOLYLINE
  5
1F294
330
1F05C
100
AcDbEntity
  8
0
 62
   134
420
    39591
100
AcDbPolyline
 90
        2
 70
     0
 43
0.083125
 10
-13.38409743145166
 20
-0.0166005825740285
 10
-13.38409743145166
 20
-1.080600582594342
  0
LWPOLYLINE
  5
1F295
330
1F05C
100
AcDbEntity
  8
0
 62
   134
420
    39591
100
AcDbPolyline
 90
        2
 70
     0
 43
0.083125
 10
8.644027568545425
 20
-0.0166005825740285
 10
8.644027568545425
 20
-1.24685058256
  0
LWPOLYLINE
  5
1F296
330
1F05C
100
AcDbEntity
  8
0
 62
   134
420
    39591
100
AcDbPolyline
 90
        2
 70
     0
 43
0.083125
 10
11.3871525683935
 20
-0.0166005825740285
 10
11.3871525683935
 20
-1.163725582482584
  0
LWPOLYLINE
  5
1F297
330
1F05C
100
AcDbEntity
  8
0
 62
   134
420
    39591
100
AcDbPolyline
 90
        2
 70
     0
 43
0.083125
 10
13.4652775683935
 20
-0.0166005825740285
 10
13.4652775683935
 20
-1.163725582482584
  0
LWPOLYLINE
  5
1F298
330
1F05C
100
AcDbEntity
  8
0
 62
   134
420
    39591
100
AcDbPolyline
 90
        2
 70
     0
 43
0.3325
 10
25.48515256836254
 20
-0.18285058253241
 10
26.46602756889479
 20
-0.18285058253241
  0
LWPOLYLINE
  5
1F299
330
1F05C
100
AcDbEntity
  8
0
 62
   134
420
    39591
100
AcDbPolyline
 90
        2
 70
     0
 43
0.083125
 10
-27.68159743121942
 20
-0.0997255824549939
 10
-27.68159743121942
 20
-2.510350582575483
  0
LWPOLYLINE
  5
1F29A
330
1F05C
100
AcDbEntity
  8
0
 62
   134
420
    39591
100
AcDbPolyline
 90
        2
 70
     0
 43
0.083125
 10
-9.892847431299742
 20
-0.0997255824549939
 10
-9.892847431299742
 20
-1.163725582482584
  0
LWPOLYLINE
  5
1F29B
330
1F05C
100
AcDbEntity
  8
0
 62
   134
420
    39591
100
AcDbPolyline
 90
        2
 70
     0
 43
0.083125
 10
-7.897847431377158
 20
-0.0997255824549939
 10
-7.897847431377158
 20
-1.163725582482584
  0
LWPOLYLINE
  5
1F29C
330
1F05C
100
AcDbEntity
  8
0
 62
   134
420
    39591
100
AcDbPolyline
 90
        2
 70
     0
 43
0.083125
 10
-2.4115974312881
 20
-0.0997255824549939
 10
-2.4115974312881
 20
-1.163725582482584
  0
LWPOLYLINE
  5
1F29D
330
1F05C
100
AcDbEntity
  8
0
 62
   134
420
    39591
100
AcDbPolyline
 90
        2
 70
     0
 43
0.083125
 10
8.727152568622841
 20
-0.0997255824549939
 10
8.727152568622841
 20
-1.24685058256
  0
LWPOLYLINE
  5
1F29E
330
1F05C
100
AcDbEntity
  8
0
 62
   134
420
    39591
100
AcDbPolyline
 90
        2
 70
     0
 43
0.083125
 10
26.51590256855707
 20
-0.0997255824549939
 10
26.51590256855707
 20
-1.24685058256
  0
LWPOLYLINE
  5
1F29F
330
1F05C
100
AcDbEntity
  8
0
 62
   134
420
    39591
100
AcDbPolyline
 90
        2
 70
     0
 43
0.083125
 10
-37.57347243113327
 20
-0.18285058253241
 10
-37.57347243113327
 20
-3.507850582536775
  0
LWPOLYLINE
  5
1F2A0
330
1F05C
100
AcDbEntity
  8
0
 62
   134
420
    39591
100
AcDbPolyline
 90
        2
 70
     0
 43
0.083125
 10
-13.46722243113618
 20
-0.18285058253241
 10
-13.46722243113618
 20
-1.163725582482584
  0
LWPOLYLINE
  5
1F2A1
330
1F05C
100
AcDbEntity
  8
0
 62
   134
420
    39591
100
AcDbPolyline
 90
        2
 70
     0
 43
0.083125
 10
8.810277568700257
 20
-0.18285058253241
 10
8.810277568700257
 20
-1.24685058256
  0
LWPOLYLINE
  5
1F2A2
330
1F05C
100
AcDbEntity
  8
0
 62
   134
420
    39591
100
AcDbPolyline
 90
        2
 70
     0
 43
0.083125
 10
11.47027756886382
 20
-0.18285058253241
 10
11.47027756886382
 20
-1.163725582482584
  0
LWPOLYLINE
  5
1F2A3
330
1F05C
100
AcDbEntity
  8
0
 62
   134
420
    39591
100
AcDbPolyline
 90
        2
 70
     0
 43
0.083125
 10
23.27402756862284
 20
-0.18285058253241
 10
23.27402756862284
 20
-1.24685058256
  0
LWPOLYLINE
  5
1F2A4
330
1F05C
100
AcDbEntity
  8
0
 62
   134
420
    39591
100
AcDbPolyline
 90
        2
 70
     0
 43
0.083125
 10
-21.8628474316065
 20
-0.2659755826098262
 10
-21.8628474316065
 20
-3.59097558241774
  0
LWPOLYLINE
  5
1F2A5
330
1F05C
100
AcDbEntity
  8
0
 62
   134
420
    39591
100
AcDbPolyline
 90
        2
 70
     0
 43
0.083125
 10
-13.55034743160649
 20
-0.2659755826098262
 10
-13.55034743160649
 20
-1.163725582482584
  0
LWPOLYLINE
  5
1F2A6
330
1F05C
100
AcDbEntity
  8
0
 62
   134
420
    39591
100
AcDbPolyline
 90
        2
 70
     0
 43
0.083125
 10
-9.809722431222326
 20
-0.2659755826098262
 10
-9.809722431222326
 20
-1.163725582482584
  0
LWPOLYLINE
  5
1F2A7
330
1F05C
100
AcDbEntity
  8
0
 62
   134
420
    39591
100
AcDbPolyline
 90
        2
 70
     0
 43
0.083125
 10
-7.980972431454574
 20
-0.2659755826098262
 10
-7.980972431454574
 20
-1.24685058256
  0
LWPOLYLINE
  5
1F2A8
330
1F05C
100
AcDbEntity
  8
0
 62
   134
420
    39591
100
AcDbPolyline
 90
        2
 70
     0
 43
0.083125
 10
8.893402568777673
 20
-0.2659755826098262
 10
8.893402568777673
 20
-1.24685058256
  0
LWPOLYLINE
  5
1F2A9
330
1F05C
100
AcDbEntity
  8
0
 62
   134
420
    39591
100
AcDbPolyline
 90
        2
 70
     0
 43
0.083125
 10
13.38215256870899
 20
-0.2659755826098262
 10
13.38215256870899
 20
-1.163725582482584
  0
LWPOLYLINE
  5
1F2AA
330
1F05C
100
AcDbEntity
  8
0
 62
   134
420
    39591
100
AcDbPolyline
 90
        2
 70
     0
 43
0.083125
 10
26.59902756863449
 20
-0.2659755826098262
 10
26.59902756863449
 20
-1.24685058256
  0
LWPOLYLINE
  5
1F2AB
330
1F05C
100
AcDbEntity
  8
0
 62
   134
420
    39591
100
AcDbPolyline
 90
        2
 70
     0
 43
0.083125
 10
-13.63347243129101
 20
-0.3491005824980675
 10
-13.63347243129101
 20
-1.24685058256
  0
LWPOLYLINE
  5
1F2AC
330
1F05C
100
AcDbEntity
  8
0
 62
   134
420
    39591
100
AcDbPolyline
 90
        2
 70
     0
 43
0.083125
 10
-9.726597431144909
 20
-0.3491005824980675
 10
-9.726597431144909
 20
-1.24685058256
  0
LWPOLYLINE
  5
1F2AD
330
1F05C
100
AcDbEntity
  8
0
 62
   134
420
    39591
100
AcDbPolyline
 90
        2
 70
     0
 43
0.083125
 10
-8.06409743153199
 20
-0.3491005824980675
 10
-8.06409743153199
 20
-1.24685058256
  0
LWPOLYLINE
  5
1F2AE
330
1F05C
100
AcDbEntity
  8
0
 62
   134
420
    39591
100
AcDbPolyline
 90
        2
 70
     0
 43
0.083125
 10
-2.328472431210684
 20
-0.3491005824980675
 10
-2.328472431210684
 20
-1.24685058256
  0
LWPOLYLINE
  5
1F2AF
330
1F05C
100
AcDbEntity
  8
0
 62
   134
420
    39591
100
AcDbPolyline
 90
        2
 70
     0
 43
0.083125
 10
8.97652756885509
 20
-0.3491005824980675
 10
8.97652756885509
 20
-1.24685058256
  0
LWPOLYLINE
  5
1F2B0
330
1F05C
100
AcDbEntity
  8
0
 62
   134
420
    39591
100
AcDbPolyline
 90
        2
 70
     0
 43
0.16625
 10
11.60327756860351
 20
-0.3491005824980675
 10
11.60327756860351
 20
-1.24685058256
  0
LWPOLYLINE
  5
1F2B1
330
1F05C
100
AcDbEntity
  8
0
 62
   134
420
    39591
100
AcDbPolyline
 90
        2
 70
     0
 43
0.083125
 10
13.29902756863157
 20
-0.3491005824980675
 10
13.29902756863157
 20
-1.24685058256
  0
LWPOLYLINE
  5
1F2B2
330
1F05C
100
AcDbEntity
  8
0
 62
   134
420
    39591
100
AcDbPolyline
 90
        2
 70
     0
 43
0.083125
 10
23.19090256854543
 20
-0.3491005824980675
 10
23.19090256854543
 20
-1.24685058256
  0
LWPOLYLINE
  5
1F2B3
330
1F05C
100
AcDbEntity
  8
0
 62
   134
420
    39591
100
AcDbPolyline
 90
        2
 70
     0
 43
0.2493749999999999
 10
25.55165256842156
 20
-0.465475582604995
 10
26.46602756889479
 20
-0.465475582604995
  0
LWPOLYLINE
  5
1F2B4
330
1F05C
100
AcDbEntity
  8
0
 62
   134
420
    39591
100
AcDbPolyline
 90
        2
 70
     0
 43
0.083125
 10
26.6821525687119
 20
-0.3491005824980675
 10
26.6821525687119
 20
-1.24685058256
  0
LWPOLYLINE
  5
1F2B5
330
1F05C
100
AcDbEntity
  8
0
 62
   134
420
    39591
100
AcDbPolyline
 90
        2
 70
     0
 43
0.083125
 10
34.66215256878058
 20
-0.3491005824980675
 10
34.66215256878058
 20
-1.346600582648534
  0
LWPOLYLINE
  5
1F2B6
330
1F05C
100
AcDbEntity
  8
0
 62
   134
420
    39591
100
AcDbPolyline
 90
        2
 70
     0
 43
0.083125
 10
-37.49034743144875
 20
-0.4322255825754838
 10
-37.49034743144875
 20
-3.657475582476763
  0
LWPOLYLINE
  5
1F2B7
330
1F05C
100
AcDbEntity
  8
0
 62
   134
420
    39591
100
AcDbPolyline
 90
        2
 70
     0
 43
0.083125
 10
-27.76472243129683
 20
-0.4322255825754838
 10
-27.76472243129683
 20
-2.510350582575483
  0
LWPOLYLINE
  5
1F2B8
330
1F05C
100
AcDbEntity
  8
0
 62
   134
420
    39591
100
AcDbPolyline
 90
        2
 70
     0
 43
0.083125
 10
-13.71659743136843
 20
-0.4322255825754838
 10
-13.71659743136843
 20
-1.24685058256
  0
LWPOLYLINE
  5
1F2B9
330
1F05C
100
AcDbEntity
  8
0
 62
   134
420
    39591
100
AcDbPolyline
 90
        2
 70
     0
 43
0.083125
 10
-9.643472431445843
 20
-0.4322255825754838
 10
-9.643472431445843
 20
-1.24685058256
  0
LWPOLYLINE
  5
1F2BA
330
1F05C
100
AcDbEntity
  8
0
 62
   134
420
    39591
100
AcDbPolyline
 90
        2
 70
     0
 43
0.083125
 10
-8.147222431609407
 20
-0.4322255825754838
 10
-8.147222431609407
 20
-1.24685058256
  0
LWPOLYLINE
  5
1F2BB
330
1F05C
100
AcDbEntity
  8
0
 62
   134
420
    39591
100
AcDbPolyline
 90
        2
 70
     0
 43
0.083125
 10
9.059652568554156
 20
-0.4322255825754838
 10
9.059652568554156
 20
-1.24685058256
  0
LWPOLYLINE
  5
1F2BC
330
1F05C
100
AcDbEntity
  8
0
 62
   134
420
    39591
100
AcDbPolyline
 90
        2
 70
     0
 43
0.083125
 10
11.71965256870317
 20
-0.4322255825754838
 10
11.71965256870317
 20
-1.24685058256
  0
LWPOLYLINE
  5
1F2BD
330
1F05C
100
AcDbEntity
  8
0
 62
   134
420
    39591
100
AcDbPolyline
 90
        2
 70
     0
 43
0.083125
 10
13.21590256855415
 20
-0.4322255825754838
 10
13.21590256855415
 20
-1.24685058256
  0
LWPOLYLINE
  5
1F2BE
330
1F05C
100
AcDbEntity
  8
0
 62
   134
420
    39591
100
AcDbPolyline
 90
        2
 70
     0
 43
0.083125
 10
21.19590256862284
 20
-0.4322255825754838
 10
21.19590256862284
 20
-1.163725582482584
  0
LWPOLYLINE
  5
1F2BF
330
1F05C
100
AcDbEntity
  8
0
 62
   134
420
    39591
100
AcDbPolyline
 90
        2
 70
     0
 43
0.16625
 10
23.07452756882412
 20
-0.4322255825754838
 10
23.07452756882412
 20
-1.24685058256
  0
LWPOLYLINE
  5
1F2C0
330
1F05C
100
AcDbEntity
  8
0
 62
   134
420
    39591
100
AcDbPolyline
 90
        2
 70
     0
 43
0.083125
 10
33.66465256862284
 20
-0.4322255825754838
 10
33.66465256862284
 20
-0.5818505825154717
  0
LWPOLYLINE
  5
1F2C1
330
1F05C
100
AcDbEntity
  8
0
 62
   134
420
    39591
100
AcDbPolyline
 90
        2
 70
     0
 43
0.083125
 10
-13.79972243144584
 20
-0.4987255826345063
 10
-13.79972243144584
 20
-1.24685058256
  0
LWPOLYLINE
  5
1F2C2
330
1F05C
100
AcDbEntity
  8
0
 62
   134
420
    39591
100
AcDbPolyline
 90
        2
 70
     0
 43
0.083125
 10
-9.560347431368427
 20
-0.4987255826345063
 10
-9.560347431368427
 20
-1.24685058256
  0
LWPOLYLINE
  5
1F2C3
330
1F05C
100
AcDbEntity
  8
0
 62
   134
420
    39591
100
AcDbPolyline
 90
        2
 70
     0
 43
0.083125
 10
-8.230347431293921
 20
-0.4987255826345063
 10
-8.230347431293921
 20
-1.24685058256
  0
LWPOLYLINE
  5
1F2C4
330
1F05C
100
AcDbEntity
  8
0
 62
   134
420
    39591
100
AcDbPolyline
 90
        2
 70
     0
 43
0.083125
 10
-2.245347431133268
 20
-0.4987255826345063
 10
-2.245347431133268
 20
-1.24685058256
  0
LWPOLYLINE
  5
1F2C5
330
1F05C
100
AcDbEntity
  8
0
 62
   134
420
    39591
100
AcDbPolyline
 90
        2
 70
     0
 43
0.083125
 10
11.80277756878058
 20
-0.4987255826345063
 10
11.80277756878058
 20
-1.346600582648534
  0
LWPOLYLINE
  5
1F2C6
330
1F05C
100
AcDbEntity
  8
0
 62
   134
420
    39591
100
AcDbPolyline
 90
        2
 70
     0
 43
0.16625
 10
13.08290256842156
 20
-0.4987255826345063
 10
13.08290256842156
 20
-1.24685058256
  0
LWPOLYLINE
  5
1F2C7
330
1F05C
100
AcDbEntity
  8
0
 62
   134
420
    39591
100
AcDbPolyline
 90
        2
 70
     0
 43
0.2493749999999999
 10
21.36215256877767
 20
-0.4987255826345063
 10
21.36215256877767
 20
-1.163725582482584
  0
LWPOLYLINE
  5
1F2C8
330
1F05C
100
AcDbEntity
  8
0
 62
   134
420
    39591
100
AcDbPolyline
 90
        2
 70
     0
 43
0.083125
 10
22.94152756870608
 20
-0.4987255826345063
 10
22.94152756870608
 20
-1.346600582648534
  0
LWPOLYLINE
  5
1F2C9
330
1F05C
100
AcDbEntity
  8
0
 62
   134
420
    39591
100
AcDbPolyline
 90
        2
 70
     0
 43
0.16625
 10
26.79852756881155
 20
-0.4987255826345063
 10
26.79852756881155
 20
-1.24685058256
  0
LWPOLYLINE
  5
1F2CA
330
1F05C
100
AcDbEntity
  8
0
 62
   134
420
    39591
100
AcDbPolyline
 90
        2
 70
     0
 43
0.083125
 10
34.74527756847965
 20
-0.4987255826345063
 10
34.74527756847965
 20
-1.346600582648534
  0
LWPOLYLINE
  5
1F2CB
330
1F05C
100
AcDbEntity
  8
0
 62
   134
420
    39591
100
AcDbPolyline
 90
        2
 70
     0
 43
0.083125
 10
-21.94597243129101
 20
-0.5818505825154717
 10
-21.94597243129101
 20
-3.657475582476763
  0
LWPOLYLINE
  5
1F2CC
330
1F05C
100
AcDbEntity
  8
0
 62
   134
420
    39591
100
AcDbPolyline
 90
        2
 70
     0
 43
0.16625
 10
-13.91609743116714
 20
-0.5818505825154717
 10
-13.91609743116714
 20
-1.24685058256
  0
LWPOLYLINE
  5
1F2CD
330
1F05C
100
AcDbEntity
  8
0
 62
   134
420
    39591
100
AcDbPolyline
 90
        2
 70
     0
 43
0.2493749999999999
 10
-9.394097431606496
 20
-0.5818505825154717
 10
-9.394097431606496
 20
-1.346600582648534
  0
LWPOLYLINE
  5
1F2CE
330
1F05C
100
AcDbEntity
  8
0
 62
   134
420
    39591
100
AcDbPolyline
 90
        2
 70
     0
 43
0.16625
 10
-8.363347431411966
 20
-0.5818505825154717
 10
-8.363347431411966
 20
-1.346600582648534
  0
LWPOLYLINE
  5
1F2CF
330
1F05C
100
AcDbEntity
  8
0
 62
   134
420
    39591
100
AcDbPolyline
 90
        2
 70
     0
 43
0.16625
 10
-2.128972431411966
 20
-0.5818505825154717
 10
-2.128972431411966
 20
-1.24685058256
  0
LWPOLYLINE
  5
1F2D0
330
1F05C
100
AcDbEntity
  8
0
 62
   134
420
    39591
100
AcDbPolyline
 90
        2
 70
     0
 43
0.083125
 10
9.142777568631572
 20
-0.5818505825154717
 10
9.142777568631572
 20
-1.24685058256
  0
LWPOLYLINE
  5
1F2D1
330
1F05C
100
AcDbEntity
  8
0
 62
   134
420
    39591
100
AcDbPolyline
 90
        2
 70
     0
 43
0.16625
 10
11.91915256889479
 20
-0.5818505825154717
 10
11.91915256889479
 20
-1.346600582648534
  0
LWPOLYLINE
  5
1F2D2
330
1F05C
100
AcDbEntity
  8
0
 62
   134
420
    39591
100
AcDbPolyline
 90
        2
 70
     0
 43
0.16625
 10
12.91665256865963
 20
-0.5818505825154717
 10
12.91665256865963
 20
-1.346600582648534
  0
LWPOLYLINE
  5
1F2D3
330
1F05C
100
AcDbEntity
  8
0
 62
   134
420
    39591
100
AcDbPolyline
 90
        2
 70
     0
 43
0.083125
 10
21.11277756854542
 20
-0.5818505825154717
 10
21.11277756854542
 20
-1.080600582594342
  0
LWPOLYLINE
  5
1F2D4
330
1F05C
100
AcDbEntity
  8
0
 62
   134
420
    39591
100
AcDbPolyline
 90
        2
 70
     0
 43
0.3325
 10
21.6614025686722
 20
-0.5818505825154717
 10
21.6614025686722
 20
-1.24685058256
  0
LWPOLYLINE
  5
1F2D5
330
1F05C
100
AcDbEntity
  8
0
 62
   134
420
    39591
100
AcDbPolyline
 90
        2
 70
     0
 43
0.2493749999999999
 10
22.77527756855125
 20
-0.5818505825154717
 10
22.77527756855125
 20
-1.346600582648534
  0
LWPOLYLINE
  5
1F2D6
330
1F05C
100
AcDbEntity
  8
0
 62
   134
420
    39591
100
AcDbPolyline
 90
        2
 70
     0
 43
0.083125
 10
25.65140256851737
 20
-0.6317255825633766
 10
26.46602756889479
 20
-0.6317255825633766
  0
LWPOLYLINE
  5
1F2D7
330
1F05C
100
AcDbEntity
  8
0
 62
   134
420
    39591
100
AcDbPolyline
 90
        2
 70
     0
 43
0.2493749999999999
 10
27.01465256862866
 20
-0.5818505825154717
 10
27.01465256862866
 20
-1.346600582648534
  0
LWPOLYLINE
  5
1F2D8
330
1F05C
100
AcDbEntity
  8
0
 62
   134
420
    39591
100
AcDbPolyline
 90
        2
 70
     0
 43
0.2493749999999999
 10
28.34465256870317
 20
-0.5818505825154717
 10
28.34465256870317
 20
-1.346600582648534
  0
LWPOLYLINE
  5
1F2D9
330
1F05C
100
AcDbEntity
  8
0
 62
   134
420
    39591
100
AcDbPolyline
 90
        2
 70
     0
 43
0.16625
 10
34.8616525685793
 20
-0.5818505825154717
 10
34.8616525685793
 20
-1.346600582648534
  0
LWPOLYLINE
  5
1F2DA
330
1F05C
100
AcDbEntity
  8
0
 62
   134
420
    39591
100
AcDbPolyline
 90
        2
 70
     0
 43
0.083125
 10
-27.84784743137425
 20
-0.6649755824037129
 10
-27.84784743137425
 20
-2.593475582456449
  0
LWPOLYLINE
  5
1F2DB
330
1F05C
100
AcDbEntity
  8
0
 62
   134
420
    39591
100
AcDbPolyline
 90
        2
 70
     0
 43
0.16625
 10
-15.32922243131906
 20
-0.6649755824037129
 10
-15.32922243131906
 20
-1.24685058256
  0
LWPOLYLINE
  5
1F2DC
330
1F05C
100
AcDbEntity
  8
0
 62
   134
420
    39591
100
AcDbPolyline
 90
        2
 70
     0
 43
0.2493749999999999
 10
-14.13222243137716
 20
-0.6649755824037129
 10
-14.13222243137716
 20
-1.346600582648534
  0
LWPOLYLINE
  5
1F2DD
330
1F05C
100
AcDbEntity
  8
0
 62
   134
420
    39591
100
AcDbPolyline
 90
        2
 70
     0
 43
0.665
 10
-9.261097431473899
 20
-0.9974755825169268
 10
-8.446472431489382
 20
-0.9974755825169268
  0
LWPOLYLINE
  5
1F2DE
330
1F05C
100
AcDbEntity
  8
0
 62
   134
420
    39591
100
AcDbPolyline
 90
        2
 70
     0
 43
0.16625
 10
-1.962722431257134
 20
-0.6649755824037129
 10
-1.962722431257134
 20
-1.346600582648534
  0
LWPOLYLINE
  5
1F2DF
330
1F05C
100
AcDbEntity
  8
0
 62
   134
420
    39591
100
AcDbPolyline
 90
        2
 70
     0
 43
0.16625
 10
-0.3833474313432816
 20
-0.6649755824037129
 10
-0.3833474313432816
 20
-1.346600582648534
  0
LWPOLYLINE
  5
1F2E0
330
1F05C
100
AcDbEntity
  8
0
 62
   134
420
    39591
100
AcDbPolyline
 90
        2
 70
     0
 43
0.083125
 10
9.225902568708988
 20
-0.6649755824037129
 10
9.225902568708988
 20
-1.24685058256
  0
LWPOLYLINE
  5
1F2E1
330
1F05C
100
AcDbEntity
  8
0
 62
   134
420
    39591
100
AcDbPolyline
 90
        2
 70
     0
 43
0.665
 10
12.01890256859769
 20
-0.9974755825169268
 10
12.85015256860061
 20
-0.9974755825169268
  0
LWPOLYLINE
  5
1F2E2
330
1F05C
100
AcDbEntity
  8
0
 62
   134
420
    39591
100
AcDbPolyline
 90
        2
 70
     0
 43
0.665
 10
21.82765256844868
 20
-0.9974755825169268
 10
22.64227756881155
 20
-0.9974755825169268
  0
LWPOLYLINE
  5
1F2E3
330
1F05C
100
AcDbEntity
  8
0
 62
   134
420
    39591
100
AcDbPolyline
 90
        2
 70
     0
 43
0.083125
 10
25.71790256857639
 20
-0.7148505826407927
 10
26.46602756889479
 20
-0.7148505826407927
  0
LWPOLYLINE
  5
1F2E4
330
1F05C
100
AcDbEntity
  8
0
 62
   134
420
    39591
100
AcDbPolyline
 90
        2
 70
     0
 43
0.665
 10
27.13102756874287
 20
-0.9974755825169268
 10
28.21165256858512
 20
-0.9974755825169268
  0
LWPOLYLINE
  5
1F2E5
330
1F05C
100
AcDbEntity
  8
0
 62
   134
420
    39591
100
AcDbPolyline
 90
        2
 70
     0
 43
0.5818750000000001
 10
34.94477756865672
 20
-0.9642255824874155
 10
35.6097775688977
 20
-0.9642255824874155
  0
LWPOLYLINE
  5
1F2E6
330
1F05C
100
AcDbEntity
  8
0
 62
   134
420
    39591
100
AcDbPolyline
 90
        2
 70
     0
 43
0.083125
 10
-37.40722243137134
 20
-0.7481005824811291
 10
-37.40722243137134
 20
-3.740600582554179
  0
LWPOLYLINE
  5
1F2E7
330
1F05C
100
AcDbEntity
  8
0
 62
   134
420
    39591
100
AcDbPolyline
 90
        2
 70
     0
 43
0.4987499999999999
 10
-15.24609743124165
 20
-0.9974755825169268
 10
-14.2652224311023
 20
-0.9974755825169268
  0
LWPOLYLINE
  5
1F2E8
330
1F05C
100
AcDbEntity
  8
0
 62
   134
420
    39591
100
AcDbPolyline
 90
        2
 70
     0
 43
0.3325
 10
-1.696722431399393
 20
-0.7481005824811291
 10
-1.696722431399393
 20
-1.346600582648534
  0
LWPOLYLINE
  5
1F2E9
330
1F05C
100
AcDbEntity
  8
0
 62
   134
420
    39591
100
AcDbPolyline
 90
        2
 70
     0
 43
0.3325
 10
-0.6160974311642349
 20
-0.7481005824811291
 10
-0.6160974311642349
 20
-1.346600582648534
  0
LWPOLYLINE
  5
1F2EA
330
1F05C
100
AcDbEntity
  8
0
 62
   134
420
    39591
100
AcDbPolyline
 90
        2
 70
     0
 43
0.083125
 10
9.309027568393503
 20
-0.7481005824811291
 10
9.309027568393503
 20
-1.24685058256
  0
LWPOLYLINE
  5
1F2EB
330
1F05C
100
AcDbEntity
  8
0
 62
   134
420
    39591
100
AcDbPolyline
 90
        2
 70
     0
 43
0.083125
 10
10.83852756865963
 20
-0.797975582529034
 10
10.93827756836254
 20
-0.797975582529034
  0
LWPOLYLINE
  5
1F2EC
330
1F05C
100
AcDbEntity
  8
0
 62
   134
420
    39591
100
AcDbPolyline
 90
        2
 70
     0
 43
0.083125
 10
21.02965256846801
 20
-0.7481005824811291
 10
21.02965256846801
 20
-1.080600582594342
  0
LWPOLYLINE
  5
1F2ED
330
1F05C
100
AcDbEntity
  8
0
 62
   134
420
    39591
100
AcDbPolyline
 90
        2
 70
     0
 43
0.083125
 10
25.8176525686722
 20
-0.797975582529034
 10
26.46602756889479
 20
-0.797975582529034
  0
LWPOLYLINE
  5
1F2EE
330
1F05C
100
AcDbEntity
  8
0
 62
   134
420
    39591
100
AcDbPolyline
 90
        2
 70
     0
 43
0.083125
 10
33.78102756873705
 20
-0.797975582529034
 10
33.96390256851737
 20
-0.797975582529034
  0
LWPOLYLINE
  5
1F2EF
330
1F05C
100
AcDbEntity
  8
0
 62
   134
420
    39591
100
AcDbPolyline
 90
        2
 70
     0
 43
0.083125
 10
-27.93097243145167
 20
-0.8312255825585452
 10
-27.93097243145167
 20
-2.593475582456449
  0
LWPOLYLINE
  5
1F2F0
330
1F05C
100
AcDbEntity
  8
0
 62
   134
420
    39591
100
AcDbPolyline
 90
        2
 70
     0
 43
0.083125
 10
-22.02909743136843
 20
-0.8312255825585452
 10
-22.02909743136843
 20
-3.823725582631595
  0
LWPOLYLINE
  5
1F2F1
330
1F05C
100
AcDbEntity
  8
0
 62
   134
420
    39591
100
AcDbPolyline
 90
        2
 70
     0
 43
0.083125
 10
-13.10147243157553
 20
-0.8811005824099993
 10
-13.01834743110521
 20
-0.8811005824099993
  0
LWPOLYLINE
  5
1F2F2
330
1F05C
100
AcDbEntity
  8
0
 62
   134
420
    39591
100
AcDbPolyline
 90
        2
 70
     0
 43
0.4987499999999999
 10
-1.530472431637463
 20
-1.080600582594342
 10
-0.7989724313374609
 20
-1.080600582594342
  0
LWPOLYLINE
  5
1F2F3
330
1F05C
100
AcDbEntity
  8
0
 62
   134
420
    39591
100
AcDbPolyline
 90
        2
 70
     0
 43
0.083125
 10
9.392152568863821
 20
-0.8312255825585452
 10
9.392152568863821
 20
-1.24685058256
  0
LWPOLYLINE
  5
1F2F4
330
1F05C
100
AcDbEntity
  8
0
 62
   134
420
    39591
100
AcDbPolyline
 90
        2
 70
     0
 43
0.083125
 10
13.84765256875835
 20
-0.8811005824099993
 10
13.93077756883576
 20
-0.8811005824099993
  0
LWPOLYLINE
  5
1F2F5
330
1F05C
100
AcDbEntity
  8
0
 62
   134
420
    39591
100
AcDbPolyline
 90
        2
 70
     0
 43
0.083125
 10
25.88415256873123
 20
-0.8811005824099993
 10
26.46602756889479
 20
-0.8811005824099993
  0
LWPOLYLINE
  5
1F2F6
330
1F05C
100
AcDbEntity
  8
0
 62
   134
420
    39591
100
AcDbPolyline
 90
        2
 70
     0
 43
0.083125
 10
33.91402756885509
 20
-0.8312255825585452
 10
33.91402756885509
 20
-0.9974755825169268
  0
LWPOLYLINE
  5
1F2F7
330
1F05C
100
AcDbEntity
  8
0
 62
   134
420
    39591
100
AcDbPolyline
 90
        2
 70
     0
 43
0.083125
 10
9.475277568548335
 20
-0.9143505824395106
 10
9.475277568548335
 20
-1.24685058256
  0
LWPOLYLINE
  5
1F2F8
330
1F05C
100
AcDbEntity
  8
0
 62
   134
420
    39591
100
AcDbPolyline
 90
        2
 70
     0
 43
0.083125
 10
20.94652756839059
 20
-0.9143505824395106
 10
20.94652756839059
 20
-1.080600582594342
  0
LWPOLYLINE
  5
1F2F9
330
1F05C
100
AcDbEntity
  8
0
 62
   134
420
    39591
100
AcDbPolyline
 90
        2
 70
     0
 43
0.083125
 10
25.98390256844869
 20
-0.9642255824874155
 10
26.46602756889479
 20
-0.9642255824874155
  0
LWPOLYLINE
  5
1F2FA
330
1F05C
100
AcDbEntity
  8
0
 62
   134
420
    39591
100
AcDbPolyline
 90
        2
 70
     0
 43
0.083125
 10
-37.32409743129392
 20
-0.9974755825169268
 10
-37.32409743129392
 20
-3.906850582519837
  0
LWPOLYLINE
  5
1F2FB
330
1F05C
100
AcDbEntity
  8
0
 62
   134
420
    39591
100
AcDbPolyline
 90
        2
 70
     0
 43
0.083125
 10
-28.01409743113618
 20
-0.9974755825169268
 10
-28.01409743113618
 20
-2.659975582515471
  0
LWPOLYLINE
  5
1F2FC
330
1F05C
100
AcDbEntity
  8
0
 62
   134
420
    39591
100
AcDbPolyline
 90
        2
 70
     0
 43
0.083125
 10
-22.11222243144584
 20
-0.9974755825169268
 10
-22.11222243144584
 20
-3.906850582519837
  0
LWPOLYLINE
  5
1F2FD
330
1F05C
100
AcDbEntity
  8
0
 62
   134
420
    39591
100
AcDbPolyline
 90
        2
 70
     0
 43
0.083125
 10
-10.19209743117972
 20
-1.047350582564831
 10
-10.1089724311023
 20
-1.047350582564831
  0
LWPOLYLINE
  5
1F2FE
330
1F05C
100
AcDbEntity
  8
0
 62
   134
420
    39591
100
AcDbPolyline
 90
        2
 70
     0
 43
0.083125
 10
9.558402568625751
 20
-0.9974755825169268
 10
9.558402568625751
 20
-1.24685058256
  0
LWPOLYLINE
  5
1F2FF
330
1F05C
100
AcDbEntity
  8
0
 62
   134
420
    39591
100
AcDbPolyline
 90
        2
 70
     0
 43
0.083125
 10
26.05040256850771
 20
-1.047350582564831
 10
26.46602756889479
 20
-1.047350582564831
  0
LWPOLYLINE
  5
1F300
330
1F05C
100
AcDbEntity
  8
0
 62
   134
420
    39591
100
AcDbPolyline
 90
        2
 70
     0
 43
0.2493749999999999
 10
28.47765256883576
 20
-1.130475582642247
 10
28.95977756851062
 20
-1.130475582642247
  0
LWPOLYLINE
  5
1F301
330
1F05C
100
AcDbEntity
  8
0
 62
   134
420
    39591
100
AcDbPolyline
 90
        2
 70
     0
 43
0.16625
 10
28.95977756851062
 20
-1.080600582594342
 10
29.29227756882028
 20
-1.080600582594342
  0
LWPOLYLINE
  5
1F302
330
1F05C
100
AcDbEntity
  8
0
 62
   134
420
    39591
100
AcDbPolyline
 90
        2
 70
     0
 43
0.083125
 10
29.29227756882028
 20
-1.047350582564831
 10
29.47515256860061
 20
-1.047350582564831
  0
LWPOLYLINE
  5
1F303
330
1F05C
100
AcDbEntity
  8
0
 62
   134
420
    39591
100
AcDbPolyline
 90
        2
 70
     0
 43
0.083125
 10
34.04702756859478
 20
-1.047350582564831
 10
34.3795275685261
 20
-1.047350582564831
  0
LWPOLYLINE
  5
1F304
330
1F05C
100
AcDbEntity
  8
0
 62
   134
420
    39591
100
AcDbPolyline
 90
        2
 70
     0
 43
0.083125
 10
-28.0972224316065
 20
-1.080600582594342
 10
-28.0972224316065
 20
-2.659975582515471
  0
LWPOLYLINE
  5
1F305
330
1F05C
100
AcDbEntity
  8
0
 62
   134
420
    39591
100
AcDbPolyline
 90
        2
 70
     0
 43
0.083125
 10
23.47352756842156
 20
-1.130475582642247
 10
23.57327756851737
 20
-1.130475582642247
  0
LWPOLYLINE
  5
1F306
330
1F05C
100
AcDbEntity
  8
0
 62
   134
420
    39591
100
AcDbPolyline
 90
        2
 70
     0
 43
0.083125
 10
26.21665256866254
 20
-1.130475582642247
 10
26.46602756889479
 20
-1.130475582642247
  0
LWPOLYLINE
  5
1F307
330
1F05C
100
AcDbEntity
  8
0
 62
   134
420
    39591
100
AcDbPolyline
 90
        2
 70
     0
 43
0.083125
 10
34.11352756865381
 20
-1.130475582642247
 10
34.3795275685261
 20
-1.130475582642247
  0
LWPOLYLINE
  5
1F308
330
1F05C
100
AcDbEntity
  8
0
 62
   134
420
    39591
100
AcDbPolyline
 90
        2
 70
     0
 43
0.083125
 10
0.1154025687428657
 20
-1.213600582523213
 10
0.2151525688241236
 20
-1.213600582523213
  0
LWPOLYLINE
  5
1F309
330
1F05C
100
AcDbEntity
  8
0
 62
   134
420
    39591
100
AcDbPolyline
 90
        2
 70
     0
 43
0.083125
 10
9.591652568662539
 20
-1.213600582523213
 10
9.691402568758348
 20
-1.213600582523213
  0
LWPOLYLINE
  5
1F30A
330
1F05C
100
AcDbEntity
  8
0
 62
   134
420
    39591
100
AcDbPolyline
 90
        2
 70
     0
 43
0.083125
 10
21.39540256842156
 20
-1.213600582523213
 10
21.49515256851737
 20
-1.213600582523213
  0
LWPOLYLINE
  5
1F30B
330
1F05C
100
AcDbEntity
  8
0
 62
   134
420
    39591
100
AcDbPolyline
 90
        2
 70
     0
 43
0.083125
 10
34.29640256844868
 20
-1.213600582523213
 10
34.3795275685261
 20
-1.213600582523213
  0
LWPOLYLINE
  5
1F30C
330
1F05C
100
AcDbEntity
  8
0
 62
   134
420
    39591
100
AcDbPolyline
 90
        2
 70
     0
 43
0.083125
 10
-37.24097243160941
 20
-1.24685058256
 10
-37.24097243160941
 20
-3.989975582597253
  0
LWPOLYLINE
  5
1F30D
330
1F05C
100
AcDbEntity
  8
0
 62
   134
420
    39591
100
AcDbPolyline
 90
        2
 70
     0
 43
0.083125
 10
-28.18034743129101
 20
-1.24685058256
 10
-28.18034743129101
 20
-2.659975582515471
  0
LWPOLYLINE
  5
1F30E
330
1F05C
100
AcDbEntity
  8
0
 62
   134
420
    39591
100
AcDbPolyline
 90
        2
 70
     0
 43
0.083125
 10
-22.19534743114491
 20
-1.24685058256
 10
-22.19534743114491
 20
-3.989975582597253
  0
LWPOLYLINE
  5
1F30F
330
1F05C
100
AcDbEntity
  8
0
 62
   134
420
    39591
100
AcDbPolyline
 90
        2
 70
     0
 43
0.083125
 10
-15.41234743139648
 20
-1.296725582600629
 10
-15.32922243131906
 20
-1.296725582600629
  0
LWPOLYLINE
  5
1F310
330
1F05C
100
AcDbEntity
  8
0
 62
   134
420
    39591
100
AcDbPolyline
 90
        2
 70
     0
 43
0.083125
 10
-15.09647243110521
 20
-1.296725582600629
 10
-14.2652224311023
 20
-1.296725582600629
  0
LWPOLYLINE
  5
1F311
330
1F05C
100
AcDbEntity
  8
0
 62
   134
420
    39591
100
AcDbPolyline
 90
        2
 70
     0
 43
0.083125
 10
-13.99922243163746
 20
-1.296725582600629
 10
-13.91609743116714
 20
-1.296725582600629
  0
LWPOLYLINE
  5
1F312
330
1F05C
100
AcDbEntity
  8
0
 62
   134
420
    39591
100
AcDbPolyline
 90
        2
 70
     0
 43
0.083125
 10
13.01640256836253
 20
-1.296725582600629
 10
13.08290256842156
 20
-1.296725582600629
  0
LWPOLYLINE
  5
1F313
330
1F05C
100
AcDbEntity
  8
0
 62
   134
420
    39591
100
AcDbPolyline
 90
        2
 70
     0
 43
0.083125
 10
21.72790256873122
 20
-1.296725582600629
 10
21.82765256844868
 20
-1.296725582600629
  0
LWPOLYLINE
  5
1F314
330
1F05C
100
AcDbEntity
  8
0
 62
   134
420
    39591
100
AcDbPolyline
 90
        2
 70
     0
 43
0.083125
 10
22.97477756874287
 20
-1.296725582600629
 10
23.07452756882412
 20
-1.296725582600629
  0
LWPOLYLINE
  5
1F315
330
1F05C
100
AcDbEntity
  8
0
 62
   134
420
    39591
100
AcDbPolyline
 90
        2
 70
     0
 43
0.083125
 10
26.79852756881155
 20
-1.296725582600629
 10
26.89827756851446
 20
-1.296725582600629
  0
LWPOLYLINE
  5
1F316
330
1F05C
100
AcDbEntity
  8
0
 62
   134
420
    39591
100
AcDbPolyline
 90
        2
 70
     0
 43
0.083125
 10
34.52915256866254
 20
-1.296725582600629
 10
34.62890256875835
 20
-1.296725582600629
  0
LWPOLYLINE
  5
1F317
330
1F05C
100
AcDbEntity
  8
0
 62
   134
420
    39591
100
AcDbPolyline
 90
        2
 70
     0
 43
0.083125
 10
34.94477756865672
 20
-1.296725582600629
 10
35.46015256874671
 20
-1.296725582600629
  0
LWPOLYLINE
  5
1F318
330
1F05C
100
AcDbEntity
  8
0
 62
   134
420
    39591
100
AcDbPolyline
 90
        2
 70
     0
 43
0.083125
 10
-28.26347243136843
 20
-1.346600582648534
 10
-28.26347243136843
 20
-2.743100582403712
  0
LWPOLYLINE
  5
1F319
330
1F05C
100
AcDbEntity
  8
0
 62
   134
420
    39591
100
AcDbPolyline
 90
        2
 70
     0
 43
0.083125
 10
-37.15784743153199
 20
-1.429725582536775
 10
-37.15784743153199
 20
-4.089725582496612
  0
LWPOLYLINE
  5
1F31A
330
1F05C
100
AcDbEntity
  8
0
 62
   134
420
    39591
100
AcDbPolyline
 90
        2
 70
     0
 43
0.083125
 10
-28.34659743144584
 20
-1.429725582536775
 10
-28.34659743144584
 20
-2.743100582403712
  0
LWPOLYLINE
  5
1F31B
330
1F05C
100
AcDbEntity
  8
0
 62
   134
420
    39591
100
AcDbPolyline
 90
        2
 70
     0
 43
0.083125
 10
-28.42972243114491
 20
-1.51285058241774
 10
-28.42972243114491
 20
-2.743100582403712
  0
LWPOLYLINE
  5
1F31C
330
1F05C
100
AcDbEntity
  8
0
 62
   134
420
    39591
100
AcDbPolyline
 90
        2
 70
     0
 43
0.083125
 10
-22.27847243122233
 20
-1.51285058241774
 10
-22.27847243122233
 20
-4.172850582574028
  0
LWPOLYLINE
  5
1F31D
330
1F05C
100
AcDbEntity
  8
0
 62
   134
420
    39591
100
AcDbPolyline
 90
        2
 70
     0
 43
0.083125
 10
-37.07472243145458
 20
-1.579350582476763
 10
-37.07472243145458
 20
-4.255975582454993
  0
LWPOLYLINE
  5
1F31E
330
1F05C
100
AcDbEntity
  8
0
 62
   134
420
    39591
100
AcDbPolyline
 90
        2
 70
     0
 43
0.083125
 10
-28.51284743122233
 20
-1.579350582476763
 10
-28.51284743122233
 20
-2.826225582481129
  0
LWPOLYLINE
  5
1F31F
330
1F05C
100
AcDbEntity
  8
0
 62
   134
420
    39591
100
AcDbPolyline
 90
        2
 70
     0
 43
0.083125
 10
-28.59597243129974
 20
-1.662475582554179
 10
-28.59597243129974
 20
-2.826225582481129
  0
LWPOLYLINE
  5
1F320
330
1F05C
100
AcDbEntity
  8
0
 62
   134
420
    39591
100
AcDbPolyline
 90
        2
 70
     0
 43
0.083125
 10
-22.36159743129974
 20
-1.662475582554179
 10
-22.36159743129974
 20
-4.255975582454993
  0
LWPOLYLINE
  5
1F321
330
1F05C
100
AcDbEntity
  8
0
 62
   134
420
    39591
100
AcDbPolyline
 90
        2
 70
     0
 43
0.083125
 10
-36.99159743137716
 20
-1.745600582631595
 10
-36.99159743137716
 20
-4.33910058253241
  0
LWPOLYLINE
  5
1F322
330
1F05C
100
AcDbEntity
  8
0
 62
   134
420
    39591
100
AcDbPolyline
 90
        2
 70
     0
 43
0.16625
 10
-28.72897243141779
 20
-1.745600582631595
 10
-28.72897243141779
 20
-2.826225582481129
  0
LWPOLYLINE
  5
1F323
330
1F05C
100
AcDbEntity
  8
0
 62
   134
420
    39591
100
AcDbPolyline
 90
        2
 70
     0
 43
0.16625
 10
-28.87859743117587
 20
-1.845350582530954
 10
-28.87859743117587
 20
-2.826225582481129
  0
LWPOLYLINE
  5
1F324
330
1F05C
100
AcDbEntity
  8
0
 62
   134
420
    39591
100
AcDbPolyline
 90
        2
 70
     0
 43
0.083125
 10
-22.44472243137716
 20
-1.845350582530954
 10
-22.44472243137716
 20
-4.33910058253241
  0
LWPOLYLINE
  5
1F325
330
1F05C
100
AcDbEntity
  8
0
 62
   134
420
    39591
100
AcDbPolyline
 90
        2
 70
     0
 43
0.083125
 10
-36.90847243129975
 20
-1.928475582419196
 10
-36.90847243129975
 20
-4.422225582609826
  0
LWPOLYLINE
  5
1F326
330
1F05C
100
AcDbEntity
  8
0
 62
   134
420
    39591
100
AcDbPolyline
 90
        2
 70
     0
 43
0.2493749999999999
 10
-30.84034743145458
 20
-1.928475582419196
 10
-30.84034743145458
 20
-2.743100582403712
  0
LWPOLYLINE
  5
1F327
330
1F05C
100
AcDbEntity
  8
0
 62
   134
420
    39591
100
AcDbPolyline
 90
        2
 70
     0
 43
0.2493749999999999
 10
-29.09472243137134
 20
-1.928475582419196
 10
-29.09472243137134
 20
-2.909350582558545
  0
LWPOLYLINE
  5
1F328
330
1F05C
100
AcDbEntity
  8
0
 62
   134
420
    39591
100
AcDbPolyline
 90
        2
 70
     0
 43
0.83125
 10
-30.72397243134037
 20
-2.427225582498067
 10
-29.21109743148554
 20
-2.427225582498067
  0
LWPOLYLINE
  5
1F329
330
1F05C
100
AcDbEntity
  8
0
 62
   134
420
    39591
100
AcDbPolyline
 90
        2
 70
     0
 43
0.083125
 10
-22.52784743145458
 20
-2.011600582496612
 10
-22.52784743145458
 20
-4.422225582609826
  0
LWPOLYLINE
  5
1F32A
330
1F05C
100
AcDbEntity
  8
0
 62
   134
420
    39591
100
AcDbPolyline
 90
        2
 70
     0
 43
0.083125
 10
-36.82534743122233
 20
-2.094725582574028
 10
-36.82534743122233
 20
-4.505350582498067
  0
LWPOLYLINE
  5
1F32B
330
1F05C
100
AcDbEntity
  8
0
 62
   134
420
    39591
100
AcDbPolyline
 90
        2
 70
     0
 43
0.083125
 10
-22.61097243153199
 20
-2.177850582454993
 10
-22.61097243153199
 20
-4.505350582498067
  0
LWPOLYLINE
  5
1F32C
330
1F05C
100
AcDbEntity
  8
0
 62
   134
420
    39591
100
AcDbPolyline
 90
        2
 70
     0
 43
0.083125
 10
-36.74222243114491
 20
-2.26097558253241
 10
-36.74222243114491
 20
-4.588475582575483
  0
LWPOLYLINE
  5
1F32D
330
1F05C
100
AcDbEntity
  8
0
 62
   134
420
    39591
100
AcDbPolyline
 90
        2
 70
     0
 43
0.083125
 10
-27.56522243110521
 20
-2.377350582450162
 10
-27.4820974314207
 20
-2.377350582450162
  0
LWPOLYLINE
  5
1F32E
330
1F05C
100
AcDbEntity
  8
0
 62
   134
420
    39591
100
AcDbPolyline
 90
        2
 70
     0
 43
0.083125
 10
-22.69409743160941
 20
-2.344100582609826
 10
-22.69409743160941
 20
-4.588475582575483
  0
LWPOLYLINE
  5
1F32F
330
1F05C
100
AcDbEntity
  8
0
 62
   134
420
    39591
100
AcDbPolyline
 90
        2
 70
     0
 43
0.083125
 10
-36.65909743144585
 20
-2.427225582498067
 10
-36.65909743144585
 20
-4.654975582634506
  0
LWPOLYLINE
  5
1F330
330
1F05C
100
AcDbEntity
  8
0
 62
   134
420
    39591
100
AcDbPolyline
 90
        2
 70
     0
 43
0.083125
 10
-22.77722243129392
 20
-2.427225582498067
 10
-22.77722243129392
 20
-4.738100582515471
  0
LWPOLYLINE
  5
1F331
330
1F05C
100
AcDbEntity
  8
0
 62
   134
420
    39591
100
AcDbPolyline
 90
        2
 70
     0
 43
0.083125
 10
-36.57597243136843
 20
-2.510350582575483
 10
-36.57597243136843
 20
-4.738100582515471
  0
LWPOLYLINE
  5
1F332
330
1F05C
100
AcDbEntity
  8
0
 62
   134
420
    39591
100
AcDbPolyline
 90
        2
 70
     0
 43
0.083125
 10
-22.86034743137134
 20
-2.593475582456449
 10
-22.86034743137134
 20
-4.821225582403712
  0
LWPOLYLINE
  5
1F333
330
1F05C
100
AcDbEntity
  8
0
 62
   134
420
    39591
100
AcDbPolyline
 90
        2
 70
     0
 43
0.083125
 10
-36.49284743129101
 20
-2.659975582515471
 10
-36.49284743129101
 20
-4.821225582403712
  0
LWPOLYLINE
  5
1F334
330
1F05C
100
AcDbEntity
  8
0
 62
   134
420
    39591
100
AcDbPolyline
 90
        2
 70
     0
 43
0.083125
 10
-22.94347243144875
 20
-2.659975582515471
 10
-22.94347243144875
 20
-4.904350582481129
  0
LWPOLYLINE
  5
1F335
330
1F05C
100
AcDbEntity
  8
0
 62
   134
420
    39591
100
AcDbPolyline
 90
        2
 70
     0
 43
0.083125
 10
-36.4097224316065
 20
-2.743100582403712
 10
-36.4097224316065
 20
-4.904350582481129
  0
LWPOLYLINE
  5
1F336
330
1F05C
100
AcDbEntity
  8
0
 62
   134
420
    39591
100
AcDbPolyline
 90
        2
 70
     0
 43
0.083125
 10
-30.87359743147681
 20
-2.792975582640792
 10
-30.72397243134037
 20
-2.792975582640792
  0
LWPOLYLINE
  5
1F337
330
1F05C
100
AcDbEntity
  8
0
 62
   134
420
    39591
100
AcDbPolyline
 90
        2
 70
     0
 43
0.083125
 10
-30.2917224313278
 20
-2.876100582529033
 10
-29.21109743148554
 20
-2.876100582529033
  0
LWPOLYLINE
  5
1F338
330
1F05C
100
AcDbEntity
  8
0
 62
   134
420
    39591
100
AcDbPolyline
 90
        2
 70
     0
 43
0.083125
 10
-28.96172243125329
 20
-2.876100582529033
 10
-28.87859743117587
 20
-2.876100582529033
  0
LWPOLYLINE
  5
1F339
330
1F05C
100
AcDbEntity
  8
0
 62
   134
420
    39591
100
AcDbPolyline
 90
        2
 70
     0
 43
0.083125
 10
-23.02659743113327
 20
-2.826225582481129
 10
-23.02659743113327
 20
-4.904350582481129
  0
LWPOLYLINE
  5
1F33A
330
1F05C
100
AcDbEntity
  8
0
 62
   134
420
    39591
100
AcDbPolyline
 90
        2
 70
     0
 43
0.083125
 10
-36.32659743113618
 20
-2.909350582558545
 10
-36.32659743113618
 20
-4.987475582558545
  0
LWPOLYLINE
  5
1F33B
330
1F05C
100
AcDbEntity
  8
0
 62
   134
420
    39591
100
AcDbPolyline
 90
        2
 70
     0
 43
0.083125
 10
-23.10972243121069
 20
-2.909350582558545
 10
-23.10972243121069
 20
-5.07060058243951
  0
LWPOLYLINE
  5
1F33C
330
1F05C
100
AcDbEntity
  8
0
 62
   134
420
    39591
100
AcDbPolyline
 90
        2
 70
     0
 43
0.083125
 10
-36.24347243145166
 20
-2.99247558243951
 10
-36.24347243145166
 20
-5.153725582516926
  0
LWPOLYLINE
  5
1F33D
330
1F05C
100
AcDbEntity
  8
0
 62
   134
420
    39591
100
AcDbPolyline
 90
        2
 70
     0
 43
0.083125
 10
-23.1928474312881
 20
-3.075600582516926
 10
-23.1928474312881
 20
-5.153725582516926
  0
LWPOLYLINE
  5
1F33E
330
1F05C
100
AcDbEntity
  8
0
 62
   134
420
    39591
100
AcDbPolyline
 90
        2
 70
     0
 43
0.083125
 10
-36.16034743137425
 20
-3.158725582594342
 10
-36.16034743137425
 20
-5.153725582516926
  0
LWPOLYLINE
  5
1F33F
330
1F05C
100
AcDbEntity
  8
0
 62
   134
420
    39591
100
AcDbPolyline
 90
        2
 70
     0
 43
0.083125
 10
-23.27597243136552
 20
-3.158725582594342
 10
-23.27597243136552
 20
-5.236850582594342
  0
LWPOLYLINE
  5
1F340
330
1F05C
100
AcDbEntity
  8
0
 62
   134
420
    39591
100
AcDbPolyline
 90
        2
 70
     0
 43
0.083125
 10
-36.07722243129683
 20
-3.241850582482584
 10
-36.07722243129683
 20
-5.236850582594342
  0
LWPOLYLINE
  5
1F341
330
1F05C
100
AcDbEntity
  8
0
 62
   134
420
    39591
100
AcDbPolyline
 90
        2
 70
     0
 43
0.083125
 10
-35.99409743121942
 20
-3.32497558256
 10
-35.99409743121942
 20
-5.336600582493701
  0
LWPOLYLINE
  5
1F342
330
1F05C
100
AcDbEntity
  8
0
 62
   134
420
    39591
100
AcDbPolyline
 90
        2
 70
     0
 43
0.083125
 10
-23.35909743144293
 20
-3.32497558256
 10
-23.35909743144293
 20
-5.236850582594342
  0
LWPOLYLINE
  5
1F343
330
1F05C
100
AcDbEntity
  8
0
 62
   134
420
    39591
100
AcDbPolyline
 90
        2
 70
     0
 43
0.083125
 10
-35.91097243152035
 20
-3.424725582648534
 10
-35.91097243152035
 20
-5.419725582571118
  0
LWPOLYLINE
  5
1F344
330
1F05C
100
AcDbEntity
  8
0
 62
   134
420
    39591
100
AcDbPolyline
 90
        2
 70
     0
 43
0.083125
 10
-23.44222243152035
 20
-3.424725582648534
 10
-23.44222243152035
 20
-5.336600582493701
  0
LWPOLYLINE
  5
1F345
330
1F05C
100
AcDbEntity
  8
0
 62
   134
420
    39591
100
AcDbPolyline
 90
        2
 70
     0
 43
0.083125
 10
-35.82784743144293
 20
-3.507850582536775
 10
-35.82784743144293
 20
-5.486225582440965
  0
LWPOLYLINE
  5
1F346
330
1F05C
100
AcDbEntity
  8
0
 62
   134
420
    39591
100
AcDbPolyline
 90
        2
 70
     0
 43
0.083125
 10
-23.52534743121942
 20
-3.507850582536775
 10
-23.52534743121942
 20
-5.419725582571118
  0
LWPOLYLINE
  5
1F347
330
1F05C
100
AcDbEntity
  8
0
 62
   134
420
    39591
100
AcDbPolyline
 90
        2
 70
     0
 43
0.083125
 10
-23.60847243129683
 20
-3.59097558241774
 10
-23.60847243129683
 20
-5.486225582440965
  0
LWPOLYLINE
  5
1F348
330
1F05C
100
AcDbEntity
  8
0
 62
   134
420
    39591
100
AcDbPolyline
 90
        2
 70
     0
 43
0.083125
 10
-35.74472243136552
 20
-3.657475582476763
 10
-35.74472243136552
 20
-5.569350582518381
  0
LWPOLYLINE
  5
1F349
330
1F05C
100
AcDbEntity
  8
0
 62
   134
420
    39591
100
AcDbPolyline
 90
        2
 70
     0
 43
0.083125
 10
-23.69159743137425
 20
-3.657475582476763
 10
-23.69159743137425
 20
-5.569350582518381
  0
LWPOLYLINE
  5
1F34A
330
1F05C
100
AcDbEntity
  8
0
 62
   134
420
    39591
100
AcDbPolyline
 90
        2
 70
     0
 43
0.083125
 10
-35.6615974312881
 20
-3.740600582554179
 10
-35.6615974312881
 20
-5.569350582518381
  0
LWPOLYLINE
  5
1F34B
330
1F05C
100
AcDbEntity
  8
0
 62
   134
420
    39591
100
AcDbPolyline
 90
        2
 70
     0
 43
0.083125
 10
-23.77472243145167
 20
-3.740600582554179
 10
-23.77472243145167
 20
-5.66910058241774
  0
LWPOLYLINE
  5
1F34C
330
1F05C
100
AcDbEntity
  8
0
 62
   134
420
    39591
100
AcDbPolyline
 90
        2
 70
     0
 43
0.083125
 10
-35.57847243121069
 20
-3.823725582631595
 10
-35.57847243121069
 20
-5.66910058241774
  0
LWPOLYLINE
  5
1F34D
330
1F05C
100
AcDbEntity
  8
0
 62
   134
420
    39591
100
AcDbPolyline
 90
        2
 70
     0
 43
0.083125
 10
-23.85784743113618
 20
-3.823725582631595
 10
-23.85784743113618
 20
-5.735600582476763
  0
LWPOLYLINE
  5
1F34E
330
1F05C
100
AcDbEntity
  8
0
 62
   134
420
    39591
100
AcDbPolyline
 90
        2
 70
     0
 43
0.083125
 10
-35.49534743113327
 20
-3.906850582519837
 10
-35.49534743113327
 20
-5.735600582476763
  0
LWPOLYLINE
  5
1F34F
330
1F05C
100
AcDbEntity
  8
0
 62
   134
420
    39591
100
AcDbPolyline
 90
        2
 70
     0
 43
0.083125
 10
-23.9409724316065
 20
-3.906850582519837
 10
-23.9409724316065
 20
-5.735600582476763
  0
LWPOLYLINE
  5
1F350
330
1F05C
100
AcDbEntity
  8
0
 62
   134
420
    39591
100
AcDbPolyline
 90
        2
 70
     0
 43
0.083125
 10
-35.41222243144876
 20
-3.989975582597253
 10
-35.41222243144876
 20
-5.835350582572573
  0
LWPOLYLINE
  5
1F351
330
1F05C
100
AcDbEntity
  8
0
 62
   134
420
    39591
100
AcDbPolyline
 90
        2
 70
     0
 43
0.083125
 10
-24.02409743129101
 20
-3.989975582597253
 10
-24.02409743129101
 20
-5.835350582572573
  0
LWPOLYLINE
  5
1F352
330
1F05C
100
AcDbEntity
  8
0
 62
   134
420
    39591
100
AcDbPolyline
 90
        2
 70
     0
 43
0.2493749999999999
 10
-9.310972431136178
 20
-3.989975582597253
 10
-9.310972431136178
 20
-6.41722558253241
  0
LWPOLYLINE
  5
1F353
330
1F05C
100
AcDbEntity
  8
0
 62
   134
420
    39591
100
AcDbPolyline
 90
        2
 70
     0
 43
0.16625
 10
-3.276097431327798
 20
-3.989975582597253
 10
-3.276097431327798
 20
-6.41722558253241
  0
LWPOLYLINE
  5
1F354
330
1F05C
100
AcDbEntity
  8
0
 62
   134
420
    39591
100
AcDbPolyline
 90
        2
 70
     0
 43
0.083125
 10
-35.32909743137134
 20
-4.089725582496612
 10
-35.32909743137134
 20
-5.918475582453538
  0
LWPOLYLINE
  5
1F355
330
1F05C
100
AcDbEntity
  8
0
 62
   134
420
    39591
100
AcDbPolyline
 90
        2
 70
     0
 43
0.083125
 10
-24.10722243136843
 20
-4.089725582496612
 10
-24.10722243136843
 20
-5.918475582453538
  0
LWPOLYLINE
  5
1F356
330
1F05C
100
AcDbEntity
  8
0
 62
   134
420
    39591
100
AcDbPolyline
 90
        2
 70
     0
 43
0.083125
 10
-35.24597243129392
 20
-4.172850582574028
 10
-35.24597243129392
 20
-5.918475582453538
  0
LWPOLYLINE
  5
1F357
330
1F05C
100
AcDbEntity
  8
0
 62
   134
420
    39591
100
AcDbPolyline
 90
        2
 70
     0
 43
0.083125
 10
-24.19034743144584
 20
-4.172850582574028
 10
-24.19034743144584
 20
-5.918475582453538
  0
LWPOLYLINE
  5
1F358
330
1F05C
100
AcDbEntity
  8
0
 62
   134
420
    39591
100
AcDbPolyline
 90
        2
 70
     0
 43
0.16625
 10
-1.530472431637463
 20
-4.255975582454993
 10
-1.297722431423608
 20
-4.255975582454993
  0
LWPOLYLINE
  5
1F359
330
1F05C
100
AcDbEntity
  8
0
 62
   134
420
    39591
100
AcDbPolyline
 90
        2
 70
     0
 43
0.16625
 10
16.24165256865672
 20
-4.255975582454993
 10
16.50765256851446
 20
-4.255975582454993
  0
LWPOLYLINE
  5
1F35A
330
1F05C
100
AcDbEntity
  8
0
 62
   134
420
    39591
100
AcDbPolyline
 90
        2
 70
     0
 43
0.16625
 10
27.23077756882413
 20
-4.255975582454993
 10
27.48015256867802
 20
-4.255975582454993
  0
LWPOLYLINE
  5
1F35B
330
1F05C
100
AcDbEntity
  8
0
 62
   134
420
    39591
100
AcDbPolyline
 90
        2
 70
     0
 43
0.083125
 10
-35.16284743160941
 20
-4.255975582454993
 10
-35.16284743160941
 20
-6.001600582530954
  0
LWPOLYLINE
  5
1F35C
330
1F05C
100
AcDbEntity
  8
0
 62
   134
420
    39591
100
AcDbPolyline
 90
        2
 70
     0
 43
0.083125
 10
-24.27347243114491
 20
-4.255975582454993
 10
-24.27347243114491
 20
-6.001600582530954
  0
LWPOLYLINE
  5
1F35D
330
1F05C
100
AcDbEntity
  8
0
 62
   134
420
    39591
100
AcDbPolyline
 90
        2
 70
     0
 43
0.16625
 10
7.696402568835765
 20
-4.33910058253241
 10
8.361402568669291
 20
-4.33910058253241
  0
LWPOLYLINE
  5
1F35E
330
1F05C
100
AcDbEntity
  8
0
 62
   134
420
    39591
100
AcDbPolyline
 90
        2
 70
     0
 43
0.083125
 10
-35.07972243153199
 20
-4.33910058253241
 10
-35.07972243153199
 20
-6.084725582419196
  0
LWPOLYLINE
  5
1F35F
330
1F05C
100
AcDbEntity
  8
0
 62
   134
420
    39591
100
AcDbPolyline
 90
        2
 70
     0
 43
0.083125
 10
-24.35659743122233
 20
-4.33910058253241
 10
-24.35659743122233
 20
-6.084725582419196
  0
LWPOLYLINE
  5
1F360
330
1F05C
100
AcDbEntity
  8
0
 62
   134
420
    39591
100
AcDbPolyline
 90
        2
 70
     0
 43
0.083125
 10
-1.46397243157844
 20
-4.372350582561921
 10
-1.297722431423608
 20
-4.372350582561921
  0
LWPOLYLINE
  5
1F361
330
1F05C
100
AcDbEntity
  8
0
 62
   134
420
    39591
100
AcDbPolyline
 90
        2
 70
     0
 43
0.2493749999999999
 10
-0.4997224314429332
 20
-4.33910058253241
 10
-0.4997224314429332
 20
-6.250975582574028
  0
LWPOLYLINE
  5
1F362
330
1F05C
100
AcDbEntity
  8
0
 62
   134
420
    39591
100
AcDbPolyline
 90
        2
 70
     0
 43
0.16625
 10
3.93915256881155
 20
-4.33910058253241
 10
3.93915256881155
 20
-6.250975582574028
  0
LWPOLYLINE
  5
1F363
330
1F05C
100
AcDbEntity
  8
0
 62
   134
420
    39591
100
AcDbPolyline
 90
        2
 70
     0
 43
0.083125
 10
4.038902568514458
 20
-4.372350582561921
 10
4.105402568588033
 20
-4.372350582561921
  0
LWPOLYLINE
  5
1F364
330
1F05C
100
AcDbEntity
  8
0
 62
   134
420
    39591
100
AcDbPolyline
 90
        2
 70
     0
 43
0.16625
 10
7.513527568662539
 20
-4.422225582609826
 10
7.696402568835765
 20
-4.422225582609826
  0
LWPOLYLINE
  5
1F365
330
1F05C
100
AcDbEntity
  8
0
 62
   134
420
    39591
100
AcDbPolyline
 90
        2
 70
     0
 43
0.083125
 10
8.361402568669291
 20
-4.372350582561921
 10
8.427902568742865
 20
-4.372350582561921
  0
LWPOLYLINE
  5
1F366
330
1F05C
100
AcDbEntity
  8
0
 62
   134
420
    39591
100
AcDbPolyline
 90
        2
 70
     0
 43
0.083125
 10
16.34140256875253
 20
-4.372350582561921
 10
16.50765256851446
 20
-4.372350582561921
  0
LWPOLYLINE
  5
1F367
330
1F05C
100
AcDbEntity
  8
0
 62
   134
420
    39591
100
AcDbPolyline
 90
        2
 70
     0
 43
0.083125
 10
27.2972775688977
 20
-4.372350582561921
 10
27.39702756860061
 20
-4.372350582561921
  0
LWPOLYLINE
  5
1F368
330
1F05C
100
AcDbEntity
  8
0
 62
   134
420
    39591
100
AcDbPolyline
 90
        2
 70
     0
 43
0.083125
 10
-34.99659743145457
 20
-4.422225582609826
 10
-34.99659743145457
 20
-6.084725582419196
  0
LWPOLYLINE
  5
1F369
330
1F05C
100
AcDbEntity
  8
0
 62
   134
420
    39591
100
AcDbPolyline
 90
        2
 70
     0
 43
0.083125
 10
-24.43972243129974
 20
-4.422225582609826
 10
-24.43972243129974
 20
-6.167850582496612
  0
LWPOLYLINE
  5
1F36A
330
1F05C
100
AcDbEntity
  8
0
 62
   134
420
    39591
100
AcDbPolyline
 90
        2
 70
     0
 43
0.083125
 10
7.480277568625751
 20
-4.422225582609826
 10
7.480277568625751
 20
-4.987475582558545
  0
LWPOLYLINE
  5
1F36B
330
1F05C
100
AcDbEntity
  8
0
 62
   134
420
    39591
100
AcDbPolyline
 90
        2
 70
     0
 43
0.16625
 10
-34.88022243134037
 20
-4.505350582498067
 10
-34.88022243134037
 20
-6.167850582496612
  0
LWPOLYLINE
  5
1F36C
330
1F05C
100
AcDbEntity
  8
0
 62
   134
420
    39591
100
AcDbPolyline
 90
        2
 70
     0
 43
0.083125
 10
-24.52284743137716
 20
-4.505350582498067
 10
-24.52284743137716
 20
-6.167850582496612
  0
LWPOLYLINE
  5
1F36D
330
1F05C
100
AcDbEntity
  8
0
 62
   134
420
    39591
100
AcDbPolyline
 90
        2
 70
     0
 43
0.083125
 10
7.397152568548335
 20
-4.505350582498067
 10
7.397152568548335
 20
-4.904350582481129
  0
LWPOLYLINE
  5
1F36E
330
1F05C
100
AcDbEntity
  8
0
 62
   134
420
    39591
100
AcDbPolyline
 90
        2
 70
     0
 43
0.083125
 10
7.563402568703168
 20
-4.505350582498067
 10
7.563402568703168
 20
-5.07060058243951
  0
LWPOLYLINE
  5
1F36F
330
1F05C
100
AcDbEntity
  8
0
 62
   134
420
    39591
100
AcDbPolyline
 90
        2
 70
     0
 43
0.083125
 10
-34.74722243122233
 20
-4.588475582575483
 10
-34.74722243122233
 20
-6.250975582574028
  0
LWPOLYLINE
  5
1F370
330
1F05C
100
AcDbEntity
  8
0
 62
   134
420
    39591
100
AcDbPolyline
 90
        2
 70
     0
 43
0.083125
 10
-24.60597243145457
 20
-4.588475582575483
 10
-24.60597243145457
 20
-6.250975582574028
  0
LWPOLYLINE
  5
1F371
330
1F05C
100
AcDbEntity
  8
0
 62
   134
420
    39591
100
AcDbPolyline
 90
        2
 70
     0
 43
0.083125
 10
-34.66409743114491
 20
-4.654975582634506
 10
-34.66409743114491
 20
-6.334100582454993
  0
LWPOLYLINE
  5
1F372
330
1F05C
100
AcDbEntity
  8
0
 62
   134
420
    39591
100
AcDbPolyline
 90
        2
 70
     0
 43
0.16625
 10
-24.72234743117588
 20
-4.654975582634506
 10
-24.72234743117588
 20
-6.334100582454993
  0
LWPOLYLINE
  5
1F373
330
1F05C
100
AcDbEntity
  8
0
 62
   134
420
    39591
100
AcDbPolyline
 90
        2
 70
     0
 43
0.083125
 10
-13.88284743114491
 20
-4.654975582634506
 10
-13.88284743114491
 20
-4.821225582403712
  0
LWPOLYLINE
  5
1F374
330
1F05C
100
AcDbEntity
  8
0
 62
   134
420
    39591
100
AcDbPolyline
 90
        2
 70
     0
 43
0.083125
 10
3.822777568711899
 20
-4.654975582634506
 10
3.822777568711899
 20
-4.904350582481129
  0
LWPOLYLINE
  5
1F375
330
1F05C
100
AcDbEntity
  8
0
 62
   134
420
    39591
100
AcDbPolyline
 90
        2
 70
     0
 43
0.083125
 10
4.072152568551246
 20
-4.654975582634506
 10
4.072152568551246
 20
-4.904350582481129
  0
LWPOLYLINE
  5
1F376
330
1F05C
100
AcDbEntity
  8
0
 62
   134
420
    39591
100
AcDbPolyline
 90
        2
 70
     0
 43
0.16625
 10
-34.53109743140521
 20
-4.738100582515471
 10
-34.53109743140521
 20
-6.41722558253241
  0
LWPOLYLINE
  5
1F377
330
1F05C
100
AcDbEntity
  8
0
 62
   134
420
    39591
100
AcDbPolyline
 90
        2
 70
     0
 43
0.083125
 10
-24.85534743129392
 20
-4.738100582515471
 10
-24.85534743129392
 20
-6.41722558253241
  0
LWPOLYLINE
  5
1F378
330
1F05C
100
AcDbEntity
  8
0
 62
   134
420
    39591
100
AcDbPolyline
 90
        2
 70
     0
 43
0.2493749999999999
 10
-16.29347243145457
 20
-4.738100582515471
 10
-16.29347243145457
 20
-6.41722558253241
  0
LWPOLYLINE
  5
1F379
330
1F05C
100
AcDbEntity
  8
0
 62
   134
420
    39591
100
AcDbPolyline
 90
        2
 70
     0
 43
0.083125
 10
-16.16047243132198
 20
-4.787975582563376
 10
-15.32922243131906
 20
-4.787975582563376
  0
LWPOLYLINE
  5
1F37A
330
1F05C
100
AcDbEntity
  8
0
 62
   134
420
    39591
100
AcDbPolyline
 90
        2
 70
     0
 43
0.16625
 10
-14.51459743133455
 20
-4.821225582403712
 10
-14.34834743117972
 20
-4.821225582403712
  0
LWPOLYLINE
  5
1F37B
330
1F05C
100
AcDbEntity
  8
0
 62
   134
420
    39591
100
AcDbPolyline
 90
        2
 70
     0
 43
0.083125
 10
-14.34834743117972
 20
-4.787975582563376
 10
-13.91609743116714
 20
-4.787975582563376
  0
LWPOLYLINE
  5
1F37C
330
1F05C
100
AcDbEntity
  8
0
 62
   134
420
    39591
100
AcDbPolyline
 90
        2
 70
     0
 43
0.083125
 10
-13.83297243148263
 20
-4.787975582563376
 10
-13.58359743125038
 20
-4.787975582563376
  0
LWPOLYLINE
  5
1F37D
330
1F05C
100
AcDbEntity
  8
0
 62
   134
420
    39591
100
AcDbPolyline
 90
        2
 70
     0
 43
0.2493749999999999
 10
-12.9352224314207
 20
-4.871100582640792
 10
-12.68584743118845
 20
-4.871100582640792
  0
LWPOLYLINE
  5
1F37E
330
1F05C
100
AcDbEntity
  8
0
 62
   134
420
    39591
100
AcDbPolyline
 90
        2
 70
     0
 43
0.16625
 10
-11.5885974313278
 20
-4.738100582515471
 10
-11.5885974313278
 20
-4.987475582558545
  0
LWPOLYLINE
  5
1F37F
330
1F05C
100
AcDbEntity
  8
0
 62
   134
420
    39591
100
AcDbPolyline
 90
        2
 70
     0
 43
0.16625
 10
-11.08984743124165
 20
-4.821225582403712
 10
-10.94022243110521
 20
-4.821225582403712
  0
LWPOLYLINE
  5
1F380
330
1F05C
100
AcDbEntity
  8
0
 62
   134
420
    39591
100
AcDbPolyline
 90
        2
 70
     0
 43
0.083125
 10
-10.94022243110521
 20
-4.787975582563376
 10
-10.19209743117972
 20
-4.787975582563376
  0
LWPOLYLINE
  5
1F381
330
1F05C
100
AcDbEntity
  8
0
 62
   134
420
    39591
100
AcDbPolyline
 90
        2
 70
     0
 43
0.16625
 10
-7.681722431167145
 20
-4.821225582403712
 10
-7.432347431327798
 20
-4.821225582403712
  0
LWPOLYLINE
  5
1F382
330
1F05C
100
AcDbEntity
  8
0
 62
   134
420
    39591
100
AcDbPolyline
 90
        2
 70
     0
 43
0.083125
 10
-7.432347431327798
 20
-4.787975582563376
 10
-6.700847431420697
 20
-4.787975582563376
  0
LWPOLYLINE
  5
1F383
330
1F05C
100
AcDbEntity
  8
0
 62
   134
420
    39591
100
AcDbPolyline
 90
        2
 70
     0
 43
0.16625
 10
-5.852972431399393
 20
-4.738100582515471
 10
-5.852972431399393
 20
-6.41722558253241
  0
LWPOLYLINE
  5
1F384
330
1F05C
100
AcDbEntity
  8
0
 62
   134
420
    39591
100
AcDbPolyline
 90
        2
 70
     0
 43
0.083125
 10
-5.736597431299742
 20
-4.738100582515471
 10
-5.736597431299742
 20
-4.904350582481129
  0
LWPOLYLINE
  5
1F385
330
1F05C
100
AcDbEntity
  8
0
 62
   134
420
    39591
100
AcDbPolyline
 90
        2
 70
     0
 43
0.083125
 10
-5.686722431637463
 20
-4.787975582563376
 10
-5.187972431551315
 20
-4.787975582563376
  0
LWPOLYLINE
  5
1F386
330
1F05C
100
AcDbEntity
  8
0
 62
   134
420
    39591
100
AcDbPolyline
 90
        2
 70
     0
 43
0.16625
 10
-4.606097431402304
 20
-4.821225582403712
 10
-4.373347431188449
 20
-4.821225582403712
  0
LWPOLYLINE
  5
1F387
330
1F05C
100
AcDbEntity
  8
0
 62
   134
420
    39591
100
AcDbPolyline
 90
        2
 70
     0
 43
0.083125
 10
-4.373347431188449
 20
-4.787975582563376
 10
-3.774847431399393
 20
-4.787975582563376
  0
LWPOLYLINE
  5
1F388
330
1F05C
100
AcDbEntity
  8
0
 62
   134
420
    39591
100
AcDbPolyline
 90
        2
 70
     0
 43
0.16625
 10
-3.209597431268775
 20
-4.821225582403712
 10
-3.043347431492293
 20
-4.821225582403712
  0
LWPOLYLINE
  5
1F389
330
1F05C
100
AcDbEntity
  8
0
 62
   134
420
    39591
100
AcDbPolyline
 90
        2
 70
     0
 43
0.083125
 10
-3.043347431492293
 20
-4.787975582563376
 10
-2.295222431188449
 20
-4.787975582563376
  0
LWPOLYLINE
  5
1F38A
330
1F05C
100
AcDbEntity
  8
0
 62
   134
420
    39591
100
AcDbPolyline
 90
        2
 70
     0
 43
0.2493749999999999
 10
-1.414097431144909
 20
-4.738100582515471
 10
-1.414097431144909
 20
-6.41722558253241
  0
LWPOLYLINE
  5
1F38B
330
1F05C
100
AcDbEntity
  8
0
 62
   134
420
    39591
100
AcDbPolyline
 90
        2
 70
     0
 43
0.083125
 10
-0.8654724313964834
 20
-4.787975582563376
 10
-0.6160974311642349
 20
-4.787975582563376
  0
LWPOLYLINE
  5
1F38C
330
1F05C
100
AcDbEntity
  8
0
 62
   134
420
    39591
100
AcDbPolyline
 90
        2
 70
     0
 43
0.083125
 10
-0.3833474313432816
 20
-4.787975582563376
 10
-0.0508474314119667
 20
-4.787975582563376
  0
LWPOLYLINE
  5
1F38D
330
1F05C
100
AcDbEntity
  8
0
 62
   134
420
    39591
100
AcDbPolyline
 90
        2
 70
     0
 43
0.16625
 10
0.6141525684215594
 20
-4.821225582403712
 10
0.7804025685763918
 20
-4.821225582403712
  0
LWPOLYLINE
  5
1F38E
330
1F05C
100
AcDbEntity
  8
0
 62
   134
420
    39591
100
AcDbPolyline
 90
        2
 70
     0
 43
0.083125
 10
0.7804025685763918
 20
-4.787975582563376
 10
1.462027568835765
 20
-4.787975582563376
  0
LWPOLYLINE
  5
1F38F
330
1F05C
100
AcDbEntity
  8
0
 62
   134
420
    39591
100
AcDbPolyline
 90
        2
 70
     0
 43
0.16625
 10
2.526027568659628
 20
-4.821225582403712
 10
2.692277568421559
 20
-4.821225582403712
  0
LWPOLYLINE
  5
1F390
330
1F05C
100
AcDbEntity
  8
0
 62
   134
420
    39591
100
AcDbPolyline
 90
        2
 70
     0
 43
0.083125
 10
2.692277568421559
 20
-4.787975582563376
 10
3.290777568603516
 20
-4.787975582563376
  0
LWPOLYLINE
  5
1F391
330
1F05C
100
AcDbEntity
  8
0
 62
   134
420
    39591
100
AcDbPolyline
 90
        2
 70
     0
 43
0.083125
 10
3.540152568835765
 20
-4.787975582563376
 10
3.772902568656718
 20
-4.787975582563376
  0
LWPOLYLINE
  5
1F392
330
1F05C
100
AcDbEntity
  8
0
 62
   134
420
    39591
100
AcDbPolyline
 90
        2
 70
     0
 43
0.083125
 10
4.105402568588033
 20
-4.787975582563376
 10
4.437902568897698
 20
-4.787975582563376
  0
LWPOLYLINE
  5
1F393
330
1F05C
100
AcDbEntity
  8
0
 62
   134
420
    39591
100
AcDbPolyline
 90
        2
 70
     0
 43
0.16625
 10
5.036402568672201
 20
-4.821225582403712
 10
5.202652568448684
 20
-4.821225582403712
  0
LWPOLYLINE
  5
1F394
330
1F05C
100
AcDbEntity
  8
0
 62
   134
420
    39591
100
AcDbPolyline
 90
        2
 70
     0
 43
0.083125
 10
5.202652568448684
 20
-4.787975582563376
 10
5.784527568597695
 20
-4.787975582563376
  0
LWPOLYLINE
  5
1F395
330
1F05C
100
AcDbEntity
  8
0
 62
   134
420
    39591
100
AcDbPolyline
 90
        2
 70
     0
 43
0.16625
 10
10.50602756874286
 20
-4.821225582403712
 10
10.7720275686006
 20
-4.821225582403712
  0
LWPOLYLINE
  5
1F396
330
1F05C
100
AcDbEntity
  8
0
 62
   134
420
    39591
100
AcDbPolyline
 90
        2
 70
     0
 43
0.083125
 10
10.7720275686006
 20
-4.787975582563376
 10
11.5035275685077
 20
-4.787975582563376
  0
LWPOLYLINE
  5
1F397
330
1F05C
100
AcDbEntity
  8
0
 62
   134
420
    39591
100
AcDbPolyline
 90
        2
 70
     0
 43
0.16625
 10
11.85265256883576
 20
-4.821225582403712
 10
12.01890256859769
 20
-4.821225582403712
  0
LWPOLYLINE
  5
1F398
330
1F05C
100
AcDbEntity
  8
0
 62
   134
420
    39591
100
AcDbPolyline
 90
        2
 70
     0
 43
0.083125
 10
12.01890256859769
 20
-4.787975582563376
 10
12.68390256882412
 20
-4.787975582563376
  0
LWPOLYLINE
  5
1F399
330
1F05C
100
AcDbEntity
  8
0
 62
   134
420
    39591
100
AcDbPolyline
 90
        2
 70
     0
 43
0.16625
 10
13.41540256873122
 20
-4.821225582403712
 10
13.68140256860352
 20
-4.821225582403712
  0
LWPOLYLINE
  5
1F39A
330
1F05C
100
AcDbEntity
  8
0
 62
   134
420
    39591
100
AcDbPolyline
 90
        2
 70
     0
 43
0.083125
 10
13.68140256860352
 20
-4.787975582563376
 10
14.42952756851446
 20
-4.787975582563376
  0
LWPOLYLINE
  5
1F39B
330
1F05C
100
AcDbEntity
  8
0
 62
   134
420
    39591
100
AcDbPolyline
 90
        2
 70
     0
 43
0.16625
 10
15.26077756851737
 20
-4.738100582515471
 10
15.26077756851737
 20
-6.41722558253241
  0
LWPOLYLINE
  5
1F39C
330
1F05C
100
AcDbEntity
  8
0
 62
   134
420
    39591
100
AcDbPolyline
 90
        2
 70
     0
 43
0.083125
 10
15.37715256863157
 20
-4.738100582515471
 10
15.37715256863157
 20
-4.904350582481129
  0
LWPOLYLINE
  5
1F39D
330
1F05C
100
AcDbEntity
  8
0
 62
   134
420
    39591
100
AcDbPolyline
 90
        2
 70
     0
 43
0.083125
 10
15.4270275686722
 20
-4.787975582563376
 10
15.90915256873995
 20
-4.787975582563376
  0
LWPOLYLINE
  5
1F39E
330
1F05C
100
AcDbEntity
  8
0
 62
   134
420
    39591
100
AcDbPolyline
 90
        2
 70
     0
 43
0.2493749999999999
 10
16.37465256878931
 20
-4.738100582515471
 10
16.37465256878931
 20
-6.41722558253241
  0
LWPOLYLINE
  5
1F39F
330
1F05C
100
AcDbEntity
  8
0
 62
   134
420
    39591
100
AcDbPolyline
 90
        2
 70
     0
 43
0.16625
 10
17.17265256836254
 20
-4.738100582515471
 10
17.17265256836254
 20
-6.41722558253241
  0
LWPOLYLINE
  5
1F3A0
330
1F05C
100
AcDbEntity
  8
0
 62
   134
420
    39591
100
AcDbPolyline
 90
        2
 70
     0
 43
0.083125
 10
17.28902756885509
 20
-4.738100582515471
 10
17.28902756885509
 20
-4.904350582481129
  0
LWPOLYLINE
  5
1F3A1
330
1F05C
100
AcDbEntity
  8
0
 62
   134
420
    39591
100
AcDbPolyline
 90
        2
 70
     0
 43
0.083125
 10
17.33890256851737
 20
-4.787975582563376
 10
18.15352756889479
 20
-4.787975582563376
  0
LWPOLYLINE
  5
1F3A2
330
1F05C
100
AcDbEntity
  8
0
 62
   134
420
    39591
100
AcDbPolyline
 90
        2
 70
     0
 43
0.16625
 10
19.15102756865963
 20
-4.821225582403712
 10
19.31727756842156
 20
-4.821225582403712
  0
LWPOLYLINE
  5
1F3A3
330
1F05C
100
AcDbEntity
  8
0
 62
   134
420
    39591
100
AcDbPolyline
 90
        2
 70
     0
 43
0.083125
 10
19.31727756842156
 20
-4.787975582563376
 10
19.98227756866254
 20
-4.787975582563376
  0
LWPOLYLINE
  5
1F3A4
330
1F05C
100
AcDbEntity
  8
0
 62
   134
420
    39591
100
AcDbPolyline
 90
        2
 70
     0
 43
0.16625
 10
21.99390256860352
 20
-4.821225582403712
 10
22.16015256875835
 20
-4.821225582403712
  0
LWPOLYLINE
  5
1F3A5
330
1F05C
100
AcDbEntity
  8
0
 62
   134
420
    39591
100
AcDbPolyline
 90
        2
 70
     0
 43
0.083125
 10
22.16015256875835
 20
-4.787975582563376
 10
22.74202756851446
 20
-4.787975582563376
  0
LWPOLYLINE
  5
1F3A6
330
1F05C
100
AcDbEntity
  8
0
 62
   134
420
    39591
100
AcDbPolyline
 90
        2
 70
     0
 43
0.16625
 10
23.63977756857639
 20
-4.738100582515471
 10
23.63977756857639
 20
-6.41722558253241
  0
LWPOLYLINE
  5
1F3A7
330
1F05C
100
AcDbEntity
  8
0
 62
   134
420
    39591
100
AcDbPolyline
 90
        2
 70
     0
 43
0.083125
 10
23.77277756870899
 20
-4.738100582515471
 10
23.77277756870899
 20
-4.904350582481129
  0
LWPOLYLINE
  5
1F3A8
330
1F05C
100
AcDbEntity
  8
0
 62
   134
420
    39591
100
AcDbPolyline
 90
        2
 70
     0
 43
0.083125
 10
23.80602756873122
 20
-4.787975582563376
 10
24.65390256875253
 20
-4.787975582563376
  0
LWPOLYLINE
  5
1F3A9
330
1F05C
100
AcDbEntity
  8
0
 62
   134
420
    39591
100
AcDbPolyline
 90
        2
 70
     0
 43
0.16625
 10
25.71790256857639
 20
-4.821225582403712
 10
25.88415256873123
 20
-4.821225582403712
  0
LWPOLYLINE
  5
1F3AA
330
1F05C
100
AcDbEntity
  8
0
 62
   134
420
    39591
100
AcDbPolyline
 90
        2
 70
     0
 43
0.083125
 10
25.88415256873123
 20
-4.787975582563376
 10
26.63227756865672
 20
-4.787975582563376
  0
LWPOLYLINE
  5
1F3AB
330
1F05C
100
AcDbEntity
  8
0
 62
   134
420
    39591
100
AcDbPolyline
 90
        2
 70
     0
 43
0.2493749999999999
 10
27.34715256854542
 20
-4.738100582515471
 10
27.34715256854542
 20
-6.41722558253241
  0
LWPOLYLINE
  5
1F3AC
330
1F05C
100
AcDbEntity
  8
0
 62
   134
420
    39591
100
AcDbPolyline
 90
        2
 70
     0
 43
0.16625
 10
28.06202756844868
 20
-4.738100582515471
 10
28.06202756844868
 20
-6.41722558253241
  0
LWPOLYLINE
  5
1F3AD
330
1F05C
100
AcDbEntity
  8
0
 62
   134
420
    39591
100
AcDbPolyline
 90
        2
 70
     0
 43
0.083125
 10
28.17840256854834
 20
-4.738100582515471
 10
28.17840256854834
 20
-4.904350582481129
  0
LWPOLYLINE
  5
1F3AE
330
1F05C
100
AcDbEntity
  8
0
 62
   134
420
    39591
100
AcDbPolyline
 90
        2
 70
     0
 43
0.083125
 10
28.21165256858512
 20
-4.787975582563376
 10
29.04290256858804
 20
-4.787975582563376
  0
LWPOLYLINE
  5
1F3AF
330
1F05C
100
AcDbEntity
  8
0
 62
   134
420
    39591
100
AcDbPolyline
 90
        2
 70
     0
 43
0.083125
 10
30.17340256886382
 20
-4.738100582515471
 10
30.17340256886382
 20
-4.904350582481129
  0
LWPOLYLINE
  5
1F3B0
330
1F05C
100
AcDbEntity
  8
0
 62
   134
420
    39591
100
AcDbPolyline
 90
        2
 70
     0
 43
0.083125
 10
30.2232775685261
 20
-4.787975582563376
 10
30.88827756875253
 20
-4.787975582563376
  0
LWPOLYLINE
  5
1F3B1
330
1F05C
100
AcDbEntity
  8
0
 62
   134
420
    39591
100
AcDbPolyline
 90
        2
 70
     0
 43
0.16625
 10
31.96890256859479
 20
-4.821225582403712
 10
32.11852756873123
 20
-4.821225582403712
  0
LWPOLYLINE
  5
1F3B2
330
1F05C
100
AcDbEntity
  8
0
 62
   134
420
    39591
100
AcDbPolyline
 90
        2
 70
     0
 43
0.083125
 10
32.11852756873123
 20
-4.787975582563376
 10
32.7835275685793
 20
-4.787975582563376
  0
LWPOLYLINE
  5
1F3B3
330
1F05C
100
AcDbEntity
  8
0
 62
   134
420
    39591
100
AcDbPolyline
 90
        2
 70
     0
 43
0.16625
 10
33.63140256860061
 20
-4.738100582515471
 10
33.63140256860061
 20
-6.41722558253241
  0
LWPOLYLINE
  5
1F3B4
330
1F05C
100
AcDbEntity
  8
0
 62
   134
420
    39591
100
AcDbPolyline
 90
        2
 70
     0
 43
0.083125
 10
33.74777756870026
 20
-4.738100582515471
 10
33.74777756870026
 20
-4.904350582481129
  0
LWPOLYLINE
  5
1F3B5
330
1F05C
100
AcDbEntity
  8
0
 62
   134
420
    39591
100
AcDbPolyline
 90
        2
 70
     0
 43
0.083125
 10
33.78102756873705
 20
-4.787975582563376
 10
34.29640256844868
 20
-4.787975582563376
  0
LWPOLYLINE
  5
1F3B6
330
1F05C
100
AcDbEntity
  8
0
 62
   134
420
    39591
100
AcDbPolyline
 90
        2
 70
     0
 43
0.16625
 10
34.79515256891318
 20
-4.821225582403712
 10
35.04452756875253
 20
-4.821225582403712
  0
LWPOLYLINE
  5
1F3B7
330
1F05C
100
AcDbEntity
  8
0
 62
   134
420
    39591
100
AcDbPolyline
 90
        2
 70
     0
 43
0.083125
 10
35.04452756875253
 20
-4.787975582563376
 10
35.6097775688977
 20
-4.787975582563376
  0
LWPOLYLINE
  5
1F3B8
330
1F05C
100
AcDbEntity
  8
0
 62
   134
420
    39591
100
AcDbPolyline
 90
        2
 70
     0
 43
0.083125
 10
-34.41472243129101
 20
-4.821225582403712
 10
-34.41472243129101
 20
-6.500350582609826
  0
LWPOLYLINE
  5
1F3B9
330
1F05C
100
AcDbEntity
  8
0
 62
   134
420
    39591
100
AcDbPolyline
 90
        2
 70
     0
 43
0.16625
 10
-24.97172243140813
 20
-4.821225582403712
 10
-24.97172243140813
 20
-6.41722558253241
  0
LWPOLYLINE
  5
1F3BA
330
1F05C
100
AcDbEntity
  8
0
 62
   134
420
    39591
100
AcDbPolyline
 90
        2
 70
     0
 43
0.083125
 10
-15.4954724314739
 20
-4.871100582640792
 10
-15.17959743157553
 20
-4.871100582640792
  0
LWPOLYLINE
  5
1F3BB
330
1F05C
100
AcDbEntity
  8
0
 62
   134
420
    39591
100
AcDbPolyline
 90
        2
 70
     0
 43
0.083125
 10
-13.74984743140521
 20
-4.871100582640792
 10
-13.4173474314739
 20
-4.871100582640792
  0
LWPOLYLINE
  5
1F3BC
330
1F05C
100
AcDbEntity
  8
0
 62
   134
420
    39591
100
AcDbPolyline
 90
        2
 70
     0
 43
0.083125
 10
-11.72159743144584
 20
-4.821225582403712
 10
-11.72159743144584
 20
-5.419725582571118
  0
LWPOLYLINE
  5
1F3BD
330
1F05C
100
AcDbEntity
  8
0
 62
   134
420
    39591
100
AcDbPolyline
 90
        2
 70
     0
 43
0.083125
 10
-10.35834743133455
 20
-4.871100582640792
 10
-10.1089724311023
 20
-4.871100582640792
  0
LWPOLYLINE
  5
1F3BE
330
1F05C
100
AcDbEntity
  8
0
 62
   134
420
    39591
100
AcDbPolyline
 90
        2
 70
     0
 43
0.083125
 10
-6.933597431241651
 20
-4.871100582640792
 10
-6.617722431343281
 20
-4.871100582640792
  0
LWPOLYLINE
  5
1F3BF
330
1F05C
100
AcDbEntity
  8
0
 62
   134
420
    39591
100
AcDbPolyline
 90
        2
 70
     0
 43
0.083125
 10
-4.655972431442933
 20
-4.821225582403712
 10
-4.655972431442933
 20
-5.153725582516926
  0
LWPOLYLINE
  5
1F3C0
330
1F05C
100
AcDbEntity
  8
0
 62
   134
420
    39591
100
AcDbPolyline
 90
        2
 70
     0
 43
0.083125
 10
-3.941097431175876
 20
-4.871100582640792
 10
-3.774847431399393
 20
-4.871100582640792
  0
LWPOLYLINE
  5
1F3C1
330
1F05C
100
AcDbEntity
  8
0
 62
   134
420
    39591
100
AcDbPolyline
 90
        2
 70
     0
 43
0.083125
 10
-2.527972431402304
 20
-4.871100582640792
 10
-2.195472431485541
 20
-4.871100582640792
  0
LWPOLYLINE
  5
1F3C2
330
1F05C
100
AcDbEntity
  8
0
 62
   134
420
    39591
100
AcDbPolyline
 90
        2
 70
     0
 43
0.083125
 10
-0.7158474312600447
 20
-4.871100582640792
 10
-0.6160974311642349
 20
-4.871100582640792
  0
LWPOLYLINE
  5
1F3C3
330
1F05C
100
AcDbEntity
  8
0
 62
   134
420
    39591
100
AcDbPolyline
 90
        2
 70
     0
 43
0.083125
 10
0.5809025687776739
 20
-4.821225582403712
 10
0.5809025687776739
 20
-5.07060058243951
  0
LWPOLYLINE
  5
1F3C4
330
1F05C
100
AcDbEntity
  8
0
 62
   134
420
    39591
100
AcDbPolyline
 90
        2
 70
     0
 43
0.083125
 10
1.279152568662539
 20
-4.871100582640792
 10
1.528527568894787
 20
-4.871100582640792
  0
LWPOLYLINE
  5
1F3C5
330
1F05C
100
AcDbEntity
  8
0
 62
   134
420
    39591
100
AcDbPolyline
 90
        2
 70
     0
 43
0.16625
 10
2.459527568600606
 20
-4.821225582403712
 10
2.459527568600606
 20
-5.07060058243951
  0
LWPOLYLINE
  5
1F3C6
330
1F05C
100
AcDbEntity
  8
0
 62
   134
420
    39591
100
AcDbPolyline
 90
        2
 70
     0
 43
0.083125
 10
3.124527568448684
 20
-4.871100582640792
 10
3.290777568603516
 20
-4.871100582640792
  0
LWPOLYLINE
  5
1F3C7
330
1F05C
100
AcDbEntity
  8
0
 62
   134
420
    39591
100
AcDbPolyline
 90
        2
 70
     0
 43
0.16625
 10
4.936652568576391
 20
-4.821225582403712
 10
4.936652568576391
 20
-5.419725582571118
  0
LWPOLYLINE
  5
1F3C8
330
1F05C
100
AcDbEntity
  8
0
 62
   134
420
    39591
100
AcDbPolyline
 90
        2
 70
     0
 43
0.083125
 10
5.618277568835765
 20
-4.871100582640792
 10
5.784527568597695
 20
-4.871100582640792
  0
LWPOLYLINE
  5
1F3C9
330
1F05C
100
AcDbEntity
  8
0
 62
   134
420
    39591
100
AcDbPolyline
 90
        2
 70
     0
 43
0.083125
 10
10.47277756870608
 20
-4.821225582403712
 10
10.47277756870608
 20
-6.41722558253241
  0
LWPOLYLINE
  5
1F3CA
330
1F05C
100
AcDbEntity
  8
0
 62
   134
420
    39591
100
AcDbPolyline
 90
        2
 70
     0
 43
0.083125
 10
11.2707775686722
 20
-4.871100582640792
 10
11.60327756860351
 20
-4.871100582640792
  0
LWPOLYLINE
  5
1F3CB
330
1F05C
100
AcDbEntity
  8
0
 62
   134
420
    39591
100
AcDbPolyline
 90
        2
 70
     0
 43
0.16625
 10
11.66977756866254
 20
-4.904350582481129
 10
11.85265256883576
 20
-4.904350582481129
  0
LWPOLYLINE
  5
1F3CC
330
1F05C
100
AcDbEntity
  8
0
 62
   134
420
    39591
100
AcDbPolyline
 90
        2
 70
     0
 43
0.083125
 10
12.41790256858803
 20
-4.871100582640792
 10
12.7504025688977
 20
-4.871100582640792
  0
LWPOLYLINE
  5
1F3CD
330
1F05C
100
AcDbEntity
  8
0
 62
   134
420
    39591
100
AcDbPolyline
 90
        2
 70
     0
 43
0.083125
 10
14.16352756865672
 20
-4.871100582640792
 10
14.49602756858803
 20
-4.871100582640792
  0
LWPOLYLINE
  5
1F3CE
330
1F05C
100
AcDbEntity
  8
0
 62
   134
420
    39591
100
AcDbPolyline
 90
        2
 70
     0
 43
0.083125
 10
15.12777756877767
 20
-4.821225582403712
 10
15.12777756877767
 20
-6.41722558253241
  0
LWPOLYLINE
  5
1F3CF
330
1F05C
100
AcDbEntity
  8
0
 62
   134
420
    39591
100
AcDbPolyline
 90
        2
 70
     0
 43
0.083125
 10
17.03965256862284
 20
-4.821225582403712
 10
17.03965256862284
 20
-6.41722558253241
  0
LWPOLYLINE
  5
1F3D0
330
1F05C
100
AcDbEntity
  8
0
 62
   134
420
    39591
100
AcDbPolyline
 90
        2
 70
     0
 43
0.083125
 10
17.90415256866254
 20
-4.871100582640792
 10
18.25327756859769
 20
-4.871100582640792
  0
LWPOLYLINE
  5
1F3D1
330
1F05C
100
AcDbEntity
  8
0
 62
   134
420
    39591
100
AcDbPolyline
 90
        2
 70
     0
 43
0.083125
 10
19.11777756862284
 20
-4.821225582403712
 10
19.11777756862284
 20
-5.07060058243951
  0
LWPOLYLINE
  5
1F3D2
330
1F05C
100
AcDbEntity
  8
0
 62
   134
420
    39591
100
AcDbPolyline
 90
        2
 70
     0
 43
0.083125
 10
19.74952756844868
 20
-4.871100582640792
 10
20.06540256873996
 20
-4.871100582640792
  0
LWPOLYLINE
  5
1F3D3
330
1F05C
100
AcDbEntity
  8
0
 62
   134
420
    39591
100
AcDbPolyline
 90
        2
 70
     0
 43
0.16625
 10
21.82765256844868
 20
-4.904350582481129
 10
21.99390256860352
 20
-4.904350582481129
  0
LWPOLYLINE
  5
1F3D4
330
1F05C
100
AcDbEntity
  8
0
 62
   134
420
    39591
100
AcDbPolyline
 90
        2
 70
     0
 43
0.083125
 10
22.57577756875253
 20
-4.871100582640792
 10
22.80852756858803
 20
-4.871100582640792
  0
LWPOLYLINE
  5
1F3D5
330
1F05C
100
AcDbEntity
  8
0
 62
   134
420
    39591
100
AcDbPolyline
 90
        2
 70
     0
 43
0.083125
 10
23.52340256885509
 20
-4.821225582403712
 10
23.52340256885509
 20
-6.41722558253241
  0
LWPOLYLINE
  5
1F3D6
330
1F05C
100
AcDbEntity
  8
0
 62
   134
420
    39591
100
AcDbPolyline
 90
        2
 70
     0
 43
0.083125
 10
24.38790256889479
 20
-4.871100582640792
 10
24.72040256881155
 20
-4.871100582640792
  0
LWPOLYLINE
  5
1F3D7
330
1F05C
100
AcDbEntity
  8
0
 62
   134
420
    39591
100
AcDbPolyline
 90
        2
 70
     0
 43
0.16625
 10
25.55165256842156
 20
-4.904350582481129
 10
25.71790256857639
 20
-4.904350582481129
  0
LWPOLYLINE
  5
1F3D8
330
1F05C
100
AcDbEntity
  8
0
 62
   134
420
    39591
100
AcDbPolyline
 90
        2
 70
     0
 43
0.2493749999999999
 10
26.59902756863449
 20
-4.821225582403712
 10
26.59902756863449
 20
-6.666600582575483
  0
LWPOLYLINE
  5
1F3D9
330
1F05C
100
AcDbEntity
  8
0
 62
   134
420
    39591
100
AcDbPolyline
 90
        2
 70
     0
 43
0.083125
 10
28.81015256875253
 20
-4.871100582640792
 10
29.22577756874671
 20
-4.871100582640792
  0
LWPOLYLINE
  5
1F3DA
330
1F05C
100
AcDbEntity
  8
0
 62
   134
420
    39591
100
AcDbPolyline
 90
        2
 70
     0
 43
0.16625
 10
29.95727756865381
 20
-4.904350582481129
 10
30.14015256844869
 20
-4.904350582481129
  0
LWPOLYLINE
  5
1F3DB
330
1F05C
100
AcDbEntity
  8
0
 62
   134
420
    39591
100
AcDbPolyline
 90
        2
 70
     0
 43
0.083125
 10
30.7054025685793
 20
-4.871100582640792
 10
30.97140256843704
 20
-4.871100582640792
  0
LWPOLYLINE
  5
1F3DC
330
1F05C
100
AcDbEntity
  8
0
 62
   134
420
    39591
100
AcDbPolyline
 90
        2
 70
     0
 43
0.083125
 10
31.91902756855416
 20
-4.821225582403712
 10
31.91902756855416
 20
-5.07060058243951
  0
LWPOLYLINE
  5
1F3DD
330
1F05C
100
AcDbEntity
  8
0
 62
   134
420
    39591
100
AcDbPolyline
 90
        2
 70
     0
 43
0.083125
 10
32.53415256873996
 20
-4.871100582640792
 10
32.86665256865672
 20
-4.871100582640792
  0
LWPOLYLINE
  5
1F3DE
330
1F05C
100
AcDbEntity
  8
0
 62
   134
420
    39591
100
AcDbPolyline
 90
        2
 70
     0
 43
0.083125
 10
34.74527756847965
 20
-4.821225582403712
 10
34.74527756847965
 20
-5.419725582571118
  0
LWPOLYLINE
  5
1F3DF
330
1F05C
100
AcDbEntity
  8
0
 62
   134
420
    39591
100
AcDbPolyline
 90
        2
 70
     0
 43
0.083125
 10
35.46015256874671
 20
-4.871100582640792
 10
35.6097775688977
 20
-4.871100582640792
  0
LWPOLYLINE
  5
1F3E0
330
1F05C
100
AcDbEntity
  8
0
 62
   134
420
    39591
100
AcDbPolyline
 90
        2
 70
     0
 43
0.16625
 10
-34.29834743119136
 20
-4.904350582481129
 10
-34.29834743119136
 20
-6.500350582609826
  0
LWPOLYLINE
  5
1F3E1
330
1F05C
100
AcDbEntity
  8
0
 62
   134
420
    39591
100
AcDbPolyline
 90
        2
 70
     0
 43
0.083125
 10
-25.10472243113327
 20
-4.904350582481129
 10
-25.10472243113327
 20
-6.583475582498067
  0
LWPOLYLINE
  5
1F3E2
330
1F05C
100
AcDbEntity
  8
0
 62
   134
420
    39591
100
AcDbPolyline
 90
        2
 70
     0
 43
0.2493749999999999
 10
-15.32922243131906
 20
-5.037350582409999
 10
-15.09647243110521
 20
-5.037350582409999
  0
LWPOLYLINE
  5
1F3E3
330
1F05C
100
AcDbEntity
  8
0
 62
   134
420
    39591
100
AcDbPolyline
 90
        2
 70
     0
 43
0.16625
 10
-13.58359743125038
 20
-4.987475582558545
 10
-13.33422243139648
 20
-4.987475582558545
  0
LWPOLYLINE
  5
1F3E4
330
1F05C
100
AcDbEntity
  8
0
 62
   134
420
    39591
100
AcDbPolyline
 90
        2
 70
     0
 43
0.16625
 10
-10.19209743117972
 20
-4.987475582558545
 10
-9.926097431321977
 20
-4.987475582558545
  0
LWPOLYLINE
  5
1F3E5
330
1F05C
100
AcDbEntity
  8
0
 62
   134
420
    39591
100
AcDbPolyline
 90
        2
 70
     0
 43
0.083125
 10
-6.783972431105212
 20
-4.954225582529033
 10
-6.534597431265865
 20
-4.954225582529033
  0
LWPOLYLINE
  5
1F3E6
330
1F05C
100
AcDbEntity
  8
0
 62
   134
420
    39591
100
AcDbPolyline
 90
        2
 70
     0
 43
0.083125
 10
-4.739097431520349
 20
-4.904350582481129
 10
-4.739097431520349
 20
-6.167850582496612
  0
LWPOLYLINE
  5
1F3E7
330
1F05C
100
AcDbEntity
  8
0
 62
   134
420
    39591
100
AcDbPolyline
 90
        2
 70
     0
 43
0.083125
 10
-4.606097431402304
 20
-4.954225582529033
 10
-4.539597431343281
 20
-4.954225582529033
  0
LWPOLYLINE
  5
1F3E8
330
1F05C
100
AcDbEntity
  8
0
 62
   134
420
    39591
100
AcDbPolyline
 90
        2
 70
     0
 43
0.083125
 10
-2.361722431247471
 20
-4.954225582529033
 10
-2.128972431411966
 20
-4.954225582529033
  0
LWPOLYLINE
  5
1F3E9
330
1F05C
100
AcDbEntity
  8
0
 62
   134
420
    39591
100
AcDbPolyline
 90
        2
 70
     0
 43
0.083125
 10
0.4977775687002577
 20
-4.904350582481129
 10
0.4977775687002577
 20
-5.236850582594342
  0
LWPOLYLINE
  5
1F3EA
330
1F05C
100
AcDbEntity
  8
0
 62
   134
420
    39591
100
AcDbPolyline
 90
        2
 70
     0
 43
0.083125
 10
1.378902568758348
 20
-4.954225582529033
 10
1.628277568597695
 20
-4.954225582529033
  0
LWPOLYLINE
  5
1F3EB
330
1F05C
100
AcDbEntity
  8
0
 62
   134
420
    39591
100
AcDbPolyline
 90
        2
 70
     0
 43
0.083125
 10
2.326527568468009
 20
-4.904350582481129
 10
2.326527568468009
 20
-6.167850582496612
  0
LWPOLYLINE
  5
1F3EC
330
1F05C
100
AcDbEntity
  8
0
 62
   134
420
    39591
100
AcDbPolyline
 90
        2
 70
     0
 43
0.083125
 10
2.526027568659628
 20
-4.954225582529033
 10
2.625777568362536
 20
-4.954225582529033
  0
LWPOLYLINE
  5
1F3ED
330
1F05C
100
AcDbEntity
  8
0
 62
   134
420
    39591
100
AcDbPolyline
 90
        2
 70
     0
 43
0.083125
 10
5.036402568672201
 20
-4.954225582529033
 10
5.102902568731224
 20
-4.954225582529033
  0
LWPOLYLINE
  5
1F3EE
330
1F05C
100
AcDbEntity
  8
0
 62
   134
420
    39591
100
AcDbPolyline
 90
        2
 70
     0
 43
0.083125
 10
7.646527568780584
 20
-4.904350582481129
 10
7.646527568780584
 20
-5.07060058243951
  0
LWPOLYLINE
  5
1F3EF
330
1F05C
100
AcDbEntity
  8
0
 62
   134
420
    39591
100
AcDbPolyline
 90
        2
 70
     0
 43
0.16625
 10
8.760402568659628
 20
-4.987475582558545
 10
8.926652568421559
 20
-4.987475582558545
  0
LWPOLYLINE
  5
1F3F0
330
1F05C
100
AcDbEntity
  8
0
 62
   134
420
    39591
100
AcDbPolyline
 90
        2
 70
     0
 43
0.083125
 10
8.926652568421559
 20
-4.954225582529033
 10
9.092902568576391
 20
-4.954225582529033
  0
LWPOLYLINE
  5
1F3F1
330
1F05C
100
AcDbEntity
  8
0
 62
   134
420
    39591
100
AcDbPolyline
 90
        2
 70
     0
 43
0.083125
 10
10.55590256839059
 20
-4.904350582481129
 10
10.55590256839059
 20
-6.41722558253241
  0
LWPOLYLINE
  5
1F3F2
330
1F05C
100
AcDbEntity
  8
0
 62
   134
420
    39591
100
AcDbPolyline
 90
        2
 70
     0
 43
0.083125
 10
11.43702756844868
 20
-4.954225582529033
 10
11.66977756866254
 20
-4.954225582529033
  0
LWPOLYLINE
  5
1F3F3
330
1F05C
100
AcDbEntity
  8
0
 62
   134
420
    39591
100
AcDbPolyline
 90
        2
 70
     0
 43
0.16625
 10
12.58415256874286
 20
-4.987475582558545
 10
12.85015256860061
 20
-4.987475582558545
  0
LWPOLYLINE
  5
1F3F4
330
1F05C
100
AcDbEntity
  8
0
 62
   134
420
    39591
100
AcDbPolyline
 90
        2
 70
     0
 43
0.083125
 10
14.32977756881155
 20
-4.954225582529033
 10
14.59577756866929
 20
-4.954225582529033
  0
LWPOLYLINE
  5
1F3F5
330
1F05C
100
AcDbEntity
  8
0
 62
   134
420
    39591
100
AcDbPolyline
 90
        2
 70
     0
 43
0.16625
 10
18.08702756883576
 20
-4.987475582558545
 10
18.31977756865672
 20
-4.987475582558545
  0
LWPOLYLINE
  5
1F3F6
330
1F05C
100
AcDbEntity
  8
0
 62
   134
420
    39591
100
AcDbPolyline
 90
        2
 70
     0
 43
0.083125
 10
19.03465256854542
 20
-4.904350582481129
 10
19.03465256854542
 20
-5.236850582594342
  0
LWPOLYLINE
  5
1F3F7
330
1F05C
100
AcDbEntity
  8
0
 62
   134
420
    39591
100
AcDbPolyline
 90
        2
 70
     0
 43
0.083125
 10
19.15102756865963
 20
-4.954225582529033
 10
19.25077756836254
 20
-4.954225582529033
  0
LWPOLYLINE
  5
1F3F8
330
1F05C
100
AcDbEntity
  8
0
 62
   134
420
    39591
100
AcDbPolyline
 90
        2
 70
     0
 43
0.083125
 10
19.91577756860351
 20
-4.954225582529033
 10
20.16515256883577
 20
-4.954225582529033
  0
LWPOLYLINE
  5
1F3F9
330
1F05C
100
AcDbEntity
  8
0
 62
   134
420
    39591
100
AcDbPolyline
 90
        2
 70
     0
 43
0.083125
 10
21.77777756839351
 20
-4.904350582481129
 10
21.77777756839351
 20
-6.167850582496612
  0
LWPOLYLINE
  5
1F3FA
330
1F05C
100
AcDbEntity
  8
0
 62
   134
420
    39591
100
AcDbPolyline
 90
        2
 70
     0
 43
0.16625
 10
22.74202756851446
 20
-4.987475582558545
 10
22.90827756866929
 20
-4.987475582558545
  0
LWPOLYLINE
  5
1F3FB
330
1F05C
100
AcDbEntity
  8
0
 62
   134
420
    39591
100
AcDbPolyline
 90
        2
 70
     0
 43
0.16625
 10
24.55415256865672
 20
-4.987475582558545
 10
24.82015256851446
 20
-4.987475582558545
  0
LWPOLYLINE
  5
1F3FC
330
1F05C
100
AcDbEntity
  8
0
 62
   134
420
    39591
100
AcDbPolyline
 90
        2
 70
     0
 43
0.083125
 10
25.51840256877767
 20
-4.904350582481129
 10
25.51840256877767
 20
-5.486225582440965
  0
LWPOLYLINE
  5
1F3FD
330
1F05C
100
AcDbEntity
  8
0
 62
   134
420
    39591
100
AcDbPolyline
 90
        2
 70
     0
 43
0.083125
 10
28.95977756851062
 20
-4.954225582529033
 10
29.29227756882028
 20
-4.954225582529033
  0
LWPOLYLINE
  5
1F3FE
330
1F05C
100
AcDbEntity
  8
0
 62
   134
420
    39591
100
AcDbPolyline
 90
        2
 70
     0
 43
0.083125
 10
30.88827756875253
 20
-4.954225582529033
 10
31.03790256851062
 20
-4.954225582529033
  0
LWPOLYLINE
  5
1F3FF
330
1F05C
100
AcDbEntity
  8
0
 62
   134
420
    39591
100
AcDbPolyline
 90
        2
 70
     0
 43
0.083125
 10
31.83590256885509
 20
-4.904350582481129
 10
31.83590256885509
 20
-5.153725582516926
  0
LWPOLYLINE
  5
1F400
330
1F05C
100
AcDbEntity
  8
0
 62
   134
420
    39591
100
AcDbPolyline
 90
        2
 70
     0
 43
0.083125
 10
32.71702756891318
 20
-4.954225582529033
 10
32.96640256875253
 20
-4.954225582529033
  0
LWPOLYLINE
  5
1F401
330
1F05C
100
AcDbEntity
  8
0
 62
   134
420
    39591
100
AcDbPolyline
 90
        2
 70
     0
 43
0.083125
 10
34.66215256878058
 20
-4.904350582481129
 10
34.66215256878058
 20
-5.419725582571118
  0
LWPOLYLINE
  5
1F402
330
1F05C
100
AcDbEntity
  8
0
 62
   134
420
    39591
100
AcDbPolyline
 90
        2
 70
     0
 43
0.083125
 10
34.82840256855707
 20
-4.904350582481129
 10
34.82840256855707
 20
-5.07060058243951
  0
LWPOLYLINE
  5
1F403
330
1F05C
100
AcDbEntity
  8
0
 62
   134
420
    39591
100
AcDbPolyline
 90
        2
 70
     0
 43
0.083125
 10
-34.16534743145167
 20
-4.987475582558545
 10
-34.16534743145167
 20
-6.583475582498067
  0
LWPOLYLINE
  5
1F404
330
1F05C
100
AcDbEntity
  8
0
 62
   134
420
    39591
100
AcDbPolyline
 90
        2
 70
     0
 43
0.16625
 10
-25.23772243126586
 20
-4.987475582558545
 10
-25.23772243126586
 20
-6.583475582498067
  0
LWPOLYLINE
  5
1F405
330
1F05C
100
AcDbEntity
  8
0
 62
   134
420
    39591
100
AcDbPolyline
 90
        2
 70
     0
 43
0.16625
 10
-12.85209743134328
 20
-5.07060058243951
 10
-12.60272243148938
 20
-5.07060058243951
  0
LWPOLYLINE
  5
1F406
330
1F05C
100
AcDbEntity
  8
0
 62
   134
420
    39591
100
AcDbPolyline
 90
        2
 70
     0
 43
0.083125
 10
-11.63847243136842
 20
-4.987475582558545
 10
-11.63847243136842
 20
-5.236850582594342
  0
LWPOLYLINE
  5
1F407
330
1F05C
100
AcDbEntity
  8
0
 62
   134
420
    39591
100
AcDbPolyline
 90
        2
 70
     0
 43
0.16625
 10
-6.617722431343281
 20
-4.987475582558545
 10
-6.617722431343281
 20
-6.334100582454993
  0
LWPOLYLINE
  5
1F408
330
1F05C
100
AcDbEntity
  8
0
 62
   134
420
    39591
100
AcDbPolyline
 90
        2
 70
     0
 43
0.083125
 10
-4.822222431219415
 20
-4.987475582558545
 10
-4.822222431219415
 20
-6.084725582419196
  0
LWPOLYLINE
  5
1F409
330
1F05C
100
AcDbEntity
  8
0
 62
   134
420
    39591
100
AcDbPolyline
 90
        2
 70
     0
 43
0.2493749999999999
 10
-2.162222431448753
 20
-4.987475582558545
 10
-2.162222431448753
 20
-6.41722558253241
  0
LWPOLYLINE
  5
1F40A
330
1F05C
100
AcDbEntity
  8
0
 62
   134
420
    39591
100
AcDbPolyline
 90
        2
 70
     0
 43
0.083125
 10
0.4146525686228415
 20
-4.987475582558545
 10
0.4146525686228415
 20
-6.167850582496612
  0
LWPOLYLINE
  5
1F40B
330
1F05C
100
AcDbEntity
  8
0
 62
   134
420
    39591
100
AcDbPolyline
 90
        2
 70
     0
 43
0.16625
 10
1.462027568835765
 20
-5.07060058243951
 10
1.628277568597695
 20
-5.07060058243951
  0
LWPOLYLINE
  5
1F40C
330
1F05C
100
AcDbEntity
  8
0
 62
   134
420
    39591
100
AcDbPolyline
 90
        2
 70
     0
 43
0.083125
 10
4.82027756885509
 20
-4.987475582558545
 10
4.82027756885509
 20
-5.336600582493701
  0
LWPOLYLINE
  5
1F40D
330
1F05C
100
AcDbEntity
  8
0
 62
   134
420
    39591
100
AcDbPolyline
 90
        2
 70
     0
 43
0.16625
 10
7.696402568835765
 20
-5.07060058243951
 10
7.862652568597695
 20
-5.07060058243951
  0
LWPOLYLINE
  5
1F40E
330
1F05C
100
AcDbEntity
  8
0
 62
   134
420
    39591
100
AcDbPolyline
 90
        2
 70
     0
 43
0.16625
 10
8.594152568897698
 20
-4.987475582558545
 10
8.594152568897698
 20
-6.334100582454993
  0
LWPOLYLINE
  5
1F40F
330
1F05C
100
AcDbEntity
  8
0
 62
   134
420
    39591
100
AcDbPolyline
 90
        2
 70
     0
 43
0.083125
 10
8.727152568622841
 20
-4.987475582558545
 10
8.727152568622841
 20
-5.153725582516926
  0
LWPOLYLINE
  5
1F410
330
1F05C
100
AcDbEntity
  8
0
 62
   134
420
    39591
100
AcDbPolyline
 90
        2
 70
     0
 43
0.2493749999999999
 10
11.63652756862575
 20
-4.987475582558545
 10
11.63652756862575
 20
-6.41722558253241
  0
LWPOLYLINE
  5
1F411
330
1F05C
100
AcDbEntity
  8
0
 62
   134
420
    39591
100
AcDbPolyline
 90
        2
 70
     0
 43
0.16625
 10
14.49602756858803
 20
-4.987475582558545
 10
14.49602756858803
 20
-6.334100582454993
  0
LWPOLYLINE
  5
1F412
330
1F05C
100
AcDbEntity
  8
0
 62
   134
420
    39591
100
AcDbPolyline
 90
        2
 70
     0
 43
0.083125
 10
18.95152756846801
 20
-4.987475582558545
 10
18.95152756846801
 20
-6.084725582419196
  0
LWPOLYLINE
  5
1F413
330
1F05C
100
AcDbEntity
  8
0
 62
   134
420
    39591
100
AcDbPolyline
 90
        2
 70
     0
 43
0.16625
 10
19.98227756866254
 20
-5.07060058243951
 10
20.23165256889479
 20
-5.07060058243951
  0
LWPOLYLINE
  5
1F414
330
1F05C
100
AcDbEntity
  8
0
 62
   134
420
    39591
100
AcDbPolyline
 90
        2
 70
     0
 43
0.083125
 10
21.86090256886382
 20
-4.987475582558545
 10
21.86090256886382
 20
-5.153725582516926
  0
LWPOLYLINE
  5
1F415
330
1F05C
100
AcDbEntity
  8
0
 62
   134
420
    39591
100
AcDbPolyline
 90
        2
 70
     0
 43
0.083125
 10
22.94152756870608
 20
-4.987475582558545
 10
22.94152756870608
 20
-5.486225582440965
  0
LWPOLYLINE
  5
1F416
330
1F05C
100
AcDbEntity
  8
0
 62
   134
420
    39591
100
AcDbPolyline
 90
        2
 70
     0
 43
0.083125
 10
25.43527756870026
 20
-4.987475582558545
 10
25.43527756870026
 20
-6.167850582496612
  0
LWPOLYLINE
  5
1F417
330
1F05C
100
AcDbEntity
  8
0
 62
   134
420
    39591
100
AcDbPolyline
 90
        2
 70
     0
 43
0.083125
 10
25.60152756885509
 20
-4.987475582558545
 10
25.60152756885509
 20
-5.153725582516926
  0
LWPOLYLINE
  5
1F418
330
1F05C
100
AcDbEntity
  8
0
 62
   134
420
    39591
100
AcDbPolyline
 90
        2
 70
     0
 43
0.2493749999999999
 10
29.17590256870608
 20
-4.987475582558545
 10
29.17590256870608
 20
-6.41722558253241
  0
LWPOLYLINE
  5
1F419
330
1F05C
100
AcDbEntity
  8
0
 62
   134
420
    39591
100
AcDbPolyline
 90
        2
 70
     0
 43
0.16625
 10
29.89077756859479
 20
-5.07060058243951
 10
30.04040256873123
 20
-5.07060058243951
  0
LWPOLYLINE
  5
1F41A
330
1F05C
100
AcDbEntity
  8
0
 62
   134
420
    39591
100
AcDbPolyline
 90
        2
 70
     0
 43
0.16625
 10
31.03790256851062
 20
-4.987475582558545
 10
31.03790256851062
 20
-5.336600582493701
  0
LWPOLYLINE
  5
1F41B
330
1F05C
100
AcDbEntity
  8
0
 62
   134
420
    39591
100
AcDbPolyline
 90
        2
 70
     0
 43
0.083125
 10
31.75277756877767
 20
-4.987475582558545
 10
31.75277756877767
 20
-6.084725582419196
  0
LWPOLYLINE
  5
1F41C
330
1F05C
100
AcDbEntity
  8
0
 62
   134
420
    39591
100
AcDbPolyline
 90
        2
 70
     0
 43
0.16625
 10
32.7835275685793
 20
-5.07060058243951
 10
32.96640256875253
 20
-5.07060058243951
  0
LWPOLYLINE
  5
1F41D
330
1F05C
100
AcDbEntity
  8
0
 62
   134
420
    39591
100
AcDbPolyline
 90
        2
 70
     0
 43
0.083125
 10
-34.08222243137425
 20
-5.07060058243951
 10
-34.08222243137425
 20
-6.666600582575483
  0
LWPOLYLINE
  5
1F41E
330
1F05C
100
AcDbEntity
  8
0
 62
   134
420
    39591
100
AcDbPolyline
 90
        2
 70
     0
 43
0.083125
 10
-25.35409743136552
 20
-5.07060058243951
 10
-25.35409743136552
 20
-6.666600582575483
  0
LWPOLYLINE
  5
1F41F
330
1F05C
100
AcDbEntity
  8
0
 62
   134
420
    39591
100
AcDbPolyline
 90
        2
 70
     0
 43
0.16625
 10
-13.4173474314739
 20
-5.07060058243951
 10
-13.4173474314739
 20
-6.334100582454993
  0
LWPOLYLINE
  5
1F420
330
1F05C
100
AcDbEntity
  8
0
 62
   134
420
    39591
100
AcDbPolyline
 90
        2
 70
     0
 43
0.083125
 10
-11.80472243114491
 20
-5.07060058243951
 10
-11.80472243114491
 20
-5.66910058241774
  0
LWPOLYLINE
  5
1F421
330
1F05C
100
AcDbEntity
  8
0
 62
   134
420
    39591
100
AcDbPolyline
 90
        2
 70
     0
 43
0.16625
 10
-10.00922243139939
 20
-5.07060058243951
 10
-10.00922243139939
 20
-6.334100582454993
  0
LWPOLYLINE
  5
1F422
330
1F05C
100
AcDbEntity
  8
0
 62
   134
420
    39591
100
AcDbPolyline
 90
        2
 70
     0
 43
0.083125
 10
-6.484722431210684
 20
-5.07060058243951
 10
-6.484722431210684
 20
-6.334100582454993
  0
LWPOLYLINE
  5
1F423
330
1F05C
100
AcDbEntity
  8
0
 62
   134
420
    39591
100
AcDbPolyline
 90
        2
 70
     0
 43
0.083125
 10
1.661527568634483
 20
-5.07060058243951
 10
1.661527568634483
 20
-5.486225582440965
  0
LWPOLYLINE
  5
1F424
330
1F05C
100
AcDbEntity
  8
0
 62
   134
420
    39591
100
AcDbPolyline
 90
        2
 70
     0
 43
0.083125
 10
2.243402568390592
 20
-5.07060058243951
 10
2.243402568390592
 20
-6.084725582419196
  0
LWPOLYLINE
  5
1F425
330
1F05C
100
AcDbEntity
  8
0
 62
   134
420
    39591
100
AcDbPolyline
 90
        2
 70
     0
 43
0.083125
 10
2.409652568545425
 20
-5.07060058243951
 10
2.409652568545425
 20
-5.236850582594342
  0
LWPOLYLINE
  5
1F426
330
1F05C
100
AcDbEntity
  8
0
 62
   134
420
    39591
100
AcDbPolyline
 90
        2
 70
     0
 43
0.16625
 10
7.862652568597695
 20
-5.153725582516926
 10
8.195152568514458
 20
-5.153725582516926
  0
LWPOLYLINE
  5
1F427
330
1F05C
100
AcDbEntity
  8
0
 62
   134
420
    39591
100
AcDbPolyline
 90
        2
 70
     0
 43
0.083125
 10
8.195152568514458
 20
-5.120475582487415
 10
8.527652568824123
 20
-5.120475582487415
  0
LWPOLYLINE
  5
1F428
330
1F05C
100
AcDbEntity
  8
0
 62
   134
420
    39591
100
AcDbPolyline
 90
        2
 70
     0
 43
0.2493749999999999
 10
12.80027756854542
 20
-5.07060058243951
 10
12.80027756854542
 20
-6.41722558253241
  0
LWPOLYLINE
  5
1F429
330
1F05C
100
AcDbEntity
  8
0
 62
   134
420
    39591
100
AcDbPolyline
 90
        2
 70
     0
 43
0.083125
 10
14.62902756870608
 20
-5.07060058243951
 10
14.62902756870608
 20
-6.334100582454993
  0
LWPOLYLINE
  5
1F42A
330
1F05C
100
AcDbEntity
  8
0
 62
   134
420
    39591
100
AcDbPolyline
 90
        2
 70
     0
 43
0.16625
 10
18.25327756859769
 20
-5.07060058243951
 10
18.25327756859769
 20
-6.41722558253241
  0
LWPOLYLINE
  5
1F42B
330
1F05C
100
AcDbEntity
  8
0
 62
   134
420
    39591
100
AcDbPolyline
 90
        2
 70
     0
 43
0.083125
 10
18.86840256839059
 20
-5.07060058243951
 10
18.86840256839059
 20
-6.001600582530954
  0
LWPOLYLINE
  5
1F42C
330
1F05C
100
AcDbEntity
  8
0
 62
   134
420
    39591
100
AcDbPolyline
 90
        2
 70
     0
 43
0.083125
 10
21.69465256870899
 20
-5.07060058243951
 10
21.69465256870899
 20
-6.084725582419196
  0
LWPOLYLINE
  5
1F42D
330
1F05C
100
AcDbEntity
  8
0
 62
   134
420
    39591
100
AcDbPolyline
 90
        2
 70
     0
 43
0.083125
 10
22.85840256862866
 20
-5.07060058243951
 10
22.85840256862866
 20
-5.486225582440965
  0
LWPOLYLINE
  5
1F42E
330
1F05C
100
AcDbEntity
  8
0
 62
   134
420
    39591
100
AcDbPolyline
 90
        2
 70
     0
 43
0.083125
 10
23.0246525683906
 20
-5.07060058243951
 10
23.0246525683906
 20
-5.486225582440965
  0
LWPOLYLINE
  5
1F42F
330
1F05C
100
AcDbEntity
  8
0
 62
   134
420
    39591
100
AcDbPolyline
 90
        2
 70
     0
 43
0.2493749999999999
 10
24.77027756886673
 20
-5.07060058243951
 10
24.77027756886673
 20
-6.41722558253241
  0
LWPOLYLINE
  5
1F430
330
1F05C
100
AcDbEntity
  8
0
 62
   134
420
    39591
100
AcDbPolyline
 90
        2
 70
     0
 43
0.083125
 10
29.84090256855416
 20
-5.07060058243951
 10
29.84090256855416
 20
-6.084725582419196
  0
LWPOLYLINE
  5
1F431
330
1F05C
100
AcDbEntity
  8
0
 62
   134
420
    39591
100
AcDbPolyline
 90
        2
 70
     0
 43
0.083125
 10
31.17090256862866
 20
-5.07060058243951
 10
31.17090256862866
 20
-5.486225582440965
  0
LWPOLYLINE
  5
1F432
330
1F05C
100
AcDbEntity
  8
0
 62
   134
420
    39591
100
AcDbPolyline
 90
        2
 70
     0
 43
0.083125
 10
31.66965256870026
 20
-5.07060058243951
 10
31.66965256870026
 20
-6.001600582530954
  0
LWPOLYLINE
  5
1F433
330
1F05C
100
AcDbEntity
  8
0
 62
   134
420
    39591
100
AcDbPolyline
 90
        2
 70
     0
 43
0.083125
 10
32.99965256878932
 20
-5.07060058243951
 10
32.99965256878932
 20
-5.486225582440965
  0
LWPOLYLINE
  5
1F434
330
1F05C
100
AcDbEntity
  8
0
 62
   134
420
    39591
100
AcDbPolyline
 90
        2
 70
     0
 43
0.16625
 10
-25.48709743110521
 20
-5.153725582516926
 10
-25.48709743110521
 20
-6.749725582456449
  0
LWPOLYLINE
  5
1F435
330
1F05C
100
AcDbEntity
  8
0
 62
   134
420
    39591
100
AcDbPolyline
 90
        2
 70
     0
 43
0.16625
 10
-15.17959743157553
 20
-5.153725582516926
 10
-15.17959743157553
 20
-6.41722558253241
  0
LWPOLYLINE
  5
1F436
330
1F05C
100
AcDbEntity
  8
0
 62
   134
420
    39591
100
AcDbPolyline
 90
        2
 70
     0
 43
0.16625
 10
-12.68584743118845
 20
-5.153725582516926
 10
-12.68584743118845
 20
-5.419725582571118
  0
LWPOLYLINE
  5
1F437
330
1F05C
100
AcDbEntity
  8
0
 62
   134
420
    39591
100
AcDbPolyline
 90
        2
 70
     0
 43
0.083125
 10
-4.905347431296831
 20
-5.153725582516926
 10
-4.905347431296831
 20
-5.918475582453538
  0
LWPOLYLINE
  5
1F438
330
1F05C
100
AcDbEntity
  8
0
 62
   134
420
    39591
100
AcDbPolyline
 90
        2
 70
     0
 43
0.083125
 10
0.3315275685454253
 20
-5.153725582516926
 10
0.3315275685454253
 20
-6.001600582530954
  0
LWPOLYLINE
  5
1F439
330
1F05C
100
AcDbEntity
  8
0
 62
   134
420
    39591
100
AcDbPolyline
 90
        2
 70
     0
 43
0.083125
 10
1.578402568557066
 20
-5.153725582516926
 10
1.578402568557066
 20
-5.486225582440965
  0
LWPOLYLINE
  5
1F43A
330
1F05C
100
AcDbEntity
  8
0
 62
   134
420
    39591
100
AcDbPolyline
 90
        2
 70
     0
 43
0.083125
 10
7.812777568557066
 20
-5.153725582516926
 10
7.812777568557066
 20
-5.336600582493701
  0
LWPOLYLINE
  5
1F43B
330
1F05C
100
AcDbEntity
  8
0
 62
   134
420
    39591
100
AcDbPolyline
 90
        2
 70
     0
 43
0.16625
 10
20.16515256883577
 20
-5.153725582516926
 10
20.16515256883577
 20
-5.486225582440965
  0
LWPOLYLINE
  5
1F43C
330
1F05C
100
AcDbEntity
  8
0
 62
   134
420
    39591
100
AcDbPolyline
 90
        2
 70
     0
 43
0.083125
 10
25.35215256862284
 20
-5.153725582516926
 10
25.35215256862284
 20
-6.001600582530954
  0
LWPOLYLINE
  5
1F43D
330
1F05C
100
AcDbEntity
  8
0
 62
   134
420
    39591
100
AcDbPolyline
 90
        2
 70
     0
 43
0.083125
 10
29.92402756863157
 20
-5.153725582516926
 10
29.92402756863157
 20
-6.167850582496612
  0
LWPOLYLINE
  5
1F43E
330
1F05C
100
AcDbEntity
  8
0
 62
   134
420
    39591
100
AcDbPolyline
 90
        2
 70
     0
 43
0.083125
 10
32.9165275687119
 20
-5.153725582516926
 10
32.9165275687119
 20
-5.486225582440965
  0
LWPOLYLINE
  5
1F43F
330
1F05C
100
AcDbEntity
  8
0
 62
   134
420
    39591
100
AcDbPolyline
 90
        2
 70
     0
 43
0.16625
 10
-25.65334743126005
 20
-5.236850582594342
 10
-25.65334743126005
 20
-6.816225582515471
  0
LWPOLYLINE
  5
1F440
330
1F05C
100
AcDbEntity
  8
0
 62
   134
420
    39591
100
AcDbPolyline
 90
        2
 70
     0
 43
0.083125
 10
-12.55284743144875
 20
-5.236850582594342
 10
-12.55284743144875
 20
-5.835350582572573
  0
LWPOLYLINE
  5
1F441
330
1F05C
100
AcDbEntity
  8
0
 62
   134
420
    39591
100
AcDbPolyline
 90
        2
 70
     0
 43
0.083125
 10
2.160277568706078
 20
-5.236850582594342
 10
2.160277568706078
 20
-5.918475582453538
  0
LWPOLYLINE
  5
1F442
330
1F05C
100
AcDbEntity
  8
0
 62
   134
420
    39591
100
AcDbPolyline
 90
        2
 70
     0
 43
0.16625
 10
7.596652568739955
 20
-5.336600582493701
 10
7.762902568894787
 20
-5.336600582493701
  0
LWPOLYLINE
  5
1F443
330
1F05C
100
AcDbEntity
  8
0
 62
   134
420
    39591
100
AcDbPolyline
 90
        2
 70
     0
 43
0.083125
 10
7.862652568597695
 20
-5.286725582642247
 10
7.929152568656718
 20
-5.286725582642247
  0
LWPOLYLINE
  5
1F444
330
1F05C
100
AcDbEntity
  8
0
 62
   134
420
    39591
100
AcDbPolyline
 90
        2
 70
     0
 43
0.083125
 10
21.61152756863157
 20
-5.236850582594342
 10
21.61152756863157
 20
-5.918475582453538
  0
LWPOLYLINE
  5
1F445
330
1F05C
100
AcDbEntity
  8
0
 62
   134
420
    39591
100
AcDbPolyline
 90
        2
 70
     0
 43
0.083125
 10
29.75777756885509
 20
-5.236850582594342
 10
29.75777756885509
 20
-5.835350582572573
  0
LWPOLYLINE
  5
1F446
330
1F05C
100
AcDbEntity
  8
0
 62
   134
420
    39591
100
AcDbPolyline
 90
        2
 70
     0
 43
0.083125
 10
34.82840256855707
 20
-5.236850582594342
 10
34.82840256855707
 20
-5.486225582440965
  0
LWPOLYLINE
  5
1F447
330
1F05C
100
AcDbEntity
  8
0
 62
   134
420
    39591
100
AcDbPolyline
 90
        2
 70
     0
 43
0.16625
 10
-25.80297243139649
 20
-5.336600582493701
 10
-25.80297243139649
 20
-6.899350582403712
  0
LWPOLYLINE
  5
1F448
330
1F05C
100
AcDbEntity
  8
0
 62
   134
420
    39591
100
AcDbPolyline
 90
        2
 70
     0
 43
0.16625
 10
-13.91609743116714
 20
-5.419725582571118
 10
-13.74984743140521
 20
-5.419725582571118
  0
LWPOLYLINE
  5
1F449
330
1F05C
100
AcDbEntity
  8
0
 62
   134
420
    39591
100
AcDbPolyline
 90
        2
 70
     0
 43
0.083125
 10
-13.74984743140521
 20
-5.369850582523213
 10
-13.50047243155131
 20
-5.369850582523213
  0
LWPOLYLINE
  5
1F44A
330
1F05C
100
AcDbEntity
  8
0
 62
   134
420
    39591
100
AcDbPolyline
 90
        2
 70
     0
 43
0.083125
 10
-11.88784743122232
 20
-5.336600582493701
 10
-11.88784743122232
 20
-5.835350582572573
  0
LWPOLYLINE
  5
1F44B
330
1F05C
100
AcDbEntity
  8
0
 62
   134
420
    39591
100
AcDbPolyline
 90
        2
 70
     0
 43
0.16625
 10
-10.52459743148938
 20
-5.419725582571118
 10
-10.35834743133455
 20
-5.419725582571118
  0
LWPOLYLINE
  5
1F44C
330
1F05C
100
AcDbEntity
  8
0
 62
   134
420
    39591
100
AcDbPolyline
 90
        2
 70
     0
 43
0.083125
 10
-10.35834743133455
 20
-5.369850582523213
 10
-10.1089724311023
 20
-5.369850582523213
  0
LWPOLYLINE
  5
1F44D
330
1F05C
100
AcDbEntity
  8
0
 62
   134
420
    39591
100
AcDbPolyline
 90
        2
 70
     0
 43
0.16625
 10
-7.099847431396483
 20
-5.419725582571118
 10
-6.933597431241651
 20
-5.419725582571118
  0
LWPOLYLINE
  5
1F44E
330
1F05C
100
AcDbEntity
  8
0
 62
   134
420
    39591
100
AcDbPolyline
 90
        2
 70
     0
 43
0.083125
 10
-6.933597431241651
 20
-5.369850582523213
 10
-6.700847431420697
 20
-5.369850582523213
  0
LWPOLYLINE
  5
1F44F
330
1F05C
100
AcDbEntity
  8
0
 62
   134
420
    39591
100
AcDbPolyline
 90
        2
 70
     0
 43
0.083125
 10
1.744652568711899
 20
-5.336600582493701
 10
1.744652568711899
 20
-5.486225582440965
  0
LWPOLYLINE
  5
1F450
330
1F05C
100
AcDbEntity
  8
0
 62
   134
420
    39591
100
AcDbPolyline
 90
        2
 70
     0
 43
0.16625
 10
5.036402568672201
 20
-5.419725582571118
 10
5.202652568448684
 20
-5.419725582571118
  0
LWPOLYLINE
  5
1F451
330
1F05C
100
AcDbEntity
  8
0
 62
   134
420
    39591
100
AcDbPolyline
 90
        2
 70
     0
 43
0.16625
 10
7.447027568603516
 20
-5.419725582571118
 10
7.596652568739955
 20
-5.419725582571118
  0
LWPOLYLINE
  5
1F452
330
1F05C
100
AcDbEntity
  8
0
 62
   134
420
    39591
100
AcDbPolyline
 90
        2
 70
     0
 43
0.16625
 10
13.99727756889479
 20
-5.419725582571118
 10
14.16352756865672
 20
-5.419725582571118
  0
LWPOLYLINE
  5
1F453
330
1F05C
100
AcDbEntity
  8
0
 62
   134
420
    39591
100
AcDbPolyline
 90
        2
 70
     0
 43
0.083125
 10
14.16352756865672
 20
-5.369850582523213
 10
14.42952756851446
 20
-5.369850582523213
  0
LWPOLYLINE
  5
1F454
330
1F05C
100
AcDbEntity
  8
0
 62
   134
420
    39591
100
AcDbPolyline
 90
        2
 70
     0
 43
0.083125
 10
20.28152756855707
 20
-5.336600582493701
 10
20.28152756855707
 20
-5.486225582440965
  0
LWPOLYLINE
  5
1F455
330
1F05C
100
AcDbEntity
  8
0
 62
   134
420
    39591
100
AcDbPolyline
 90
        2
 70
     0
 43
0.083125
 10
31.08777756855125
 20
-5.336600582493701
 10
31.08777756855125
 20
-5.486225582440965
  0
LWPOLYLINE
  5
1F456
330
1F05C
100
AcDbEntity
  8
0
 62
   134
420
    39591
100
AcDbPolyline
 90
        2
 70
     0
 43
0.083125
 10
34.91152756863448
 20
-5.336600582493701
 10
34.91152756863448
 20
-5.569350582518381
  0
LWPOLYLINE
  5
1F457
330
1F05C
100
AcDbEntity
  8
0
 62
   134
420
    39591
100
AcDbPolyline
 90
        2
 70
     0
 43
0.083125
 10
-25.93597243113618
 20
-5.419725582571118
 10
-25.93597243113618
 20
-6.982475582481129
  0
LWPOLYLINE
  5
1F458
330
1F05C
100
AcDbEntity
  8
0
 62
   134
420
    39591
100
AcDbPolyline
 90
        2
 70
     0
 43
0.083125
 10
-14.21534743145457
 20
-5.419725582571118
 10
-14.21534743145457
 20
-5.569350582518381
  0
LWPOLYLINE
  5
1F459
330
1F05C
100
AcDbEntity
  8
0
 62
   134
420
    39591
100
AcDbPolyline
 90
        2
 70
     0
 43
0.083125
 10
-14.16547243139939
 20
-5.452975582600629
 10
-13.91609743116714
 20
-5.452975582600629
  0
LWPOLYLINE
  5
1F45A
330
1F05C
100
AcDbEntity
  8
0
 62
   134
420
    39591
100
AcDbPolyline
 90
        2
 70
     0
 43
0.083125
 10
-13.58359743125038
 20
-5.452975582600629
 10
-13.50047243155131
 20
-5.452975582600629
  0
LWPOLYLINE
  5
1F45B
330
1F05C
100
AcDbEntity
  8
0
 62
   134
420
    39591
100
AcDbPolyline
 90
        2
 70
     0
 43
0.083125
 10
-12.63597243113327
 20
-5.419725582571118
 10
-12.63597243113327
 20
-5.66910058241774
  0
LWPOLYLINE
  5
1F45C
330
1F05C
100
AcDbEntity
  8
0
 62
   134
420
    39591
100
AcDbPolyline
 90
        2
 70
     0
 43
0.083125
 10
-12.46972243137134
 20
-5.419725582571118
 10
-12.46972243137134
 20
-6.084725582419196
  0
LWPOLYLINE
  5
1F45D
330
1F05C
100
AcDbEntity
  8
0
 62
   134
420
    39591
100
AcDbPolyline
 90
        2
 70
     0
 43
0.16625
 10
-10.8570974314207
 20
-5.486225582440965
 10
-10.69084743126586
 20
-5.486225582440965
  0
LWPOLYLINE
  5
1F45E
330
1F05C
100
AcDbEntity
  8
0
 62
   134
420
    39591
100
AcDbPolyline
 90
        2
 70
     0
 43
0.083125
 10
-10.69084743126586
 20
-5.452975582600629
 10
-10.52459743148938
 20
-5.452975582600629
  0
LWPOLYLINE
  5
1F45F
330
1F05C
100
AcDbEntity
  8
0
 62
   134
420
    39591
100
AcDbPolyline
 90
        2
 70
     0
 43
0.083125
 10
-10.19209743117972
 20
-5.452975582600629
 10
-10.1089724311023
 20
-5.452975582600629
  0
LWPOLYLINE
  5
1F460
330
1F05C
100
AcDbEntity
  8
0
 62
   134
420
    39591
100
AcDbPolyline
 90
        2
 70
     0
 43
0.16625
 10
-7.432347431327798
 20
-5.486225582440965
 10
-7.266097431551315
 20
-5.486225582440965
  0
LWPOLYLINE
  5
1F461
330
1F05C
100
AcDbEntity
  8
0
 62
   134
420
    39591
100
AcDbPolyline
 90
        2
 70
     0
 43
0.083125
 10
-7.266097431551315
 20
-5.452975582600629
 10
-7.099847431396483
 20
-5.452975582600629
  0
LWPOLYLINE
  5
1F462
330
1F05C
100
AcDbEntity
  8
0
 62
   134
420
    39591
100
AcDbPolyline
 90
        2
 70
     0
 43
0.16625
 10
1.112902568507706
 20
-5.486225582440965
 10
1.378902568758348
 20
-5.486225582440965
  0
LWPOLYLINE
  5
1F463
330
1F05C
100
AcDbEntity
  8
0
 62
   134
420
    39591
100
AcDbPolyline
 90
        2
 70
     0
 43
0.083125
 10
1.378902568758348
 20
-5.452975582600629
 10
1.528527568894787
 20
-5.452975582600629
  0
LWPOLYLINE
  5
1F464
330
1F05C
100
AcDbEntity
  8
0
 62
   134
420
    39591
100
AcDbPolyline
 90
        2
 70
     0
 43
0.083125
 10
4.936652568576391
 20
-5.452975582600629
 10
5.036402568672201
 20
-5.452975582600629
  0
LWPOLYLINE
  5
1F465
330
1F05C
100
AcDbEntity
  8
0
 62
   134
420
    39591
100
AcDbPolyline
 90
        2
 70
     0
 43
0.16625
 10
5.202652568448684
 20
-5.486225582440965
 10
5.368902568603516
 20
-5.486225582440965
  0
LWPOLYLINE
  5
1F466
330
1F05C
100
AcDbEntity
  8
0
 62
   134
420
    39591
100
AcDbPolyline
 90
        2
 70
     0
 43
0.083125
 10
7.397152568548335
 20
-5.419725582571118
 10
7.397152568548335
 20
-6.250975582574028
  0
LWPOLYLINE
  5
1F467
330
1F05C
100
AcDbEntity
  8
0
 62
   134
420
    39591
100
AcDbPolyline
 90
        2
 70
     0
 43
0.16625
 10
13.68140256860352
 20
-5.486225582440965
 10
13.84765256875835
 20
-5.486225582440965
  0
LWPOLYLINE
  5
1F468
330
1F05C
100
AcDbEntity
  8
0
 62
   134
420
    39591
100
AcDbPolyline
 90
        2
 70
     0
 43
0.083125
 10
13.84765256875835
 20
-5.452975582600629
 10
13.99727756889479
 20
-5.452975582600629
  0
LWPOLYLINE
  5
1F469
330
1F05C
100
AcDbEntity
  8
0
 62
   134
420
    39591
100
AcDbPolyline
 90
        2
 70
     0
 43
0.16625
 10
19.64977756873122
 20
-5.486225582440965
 10
19.91577756860351
 20
-5.486225582440965
  0
LWPOLYLINE
  5
1F46A
330
1F05C
100
AcDbEntity
  8
0
 62
   134
420
    39591
100
AcDbPolyline
 90
        2
 70
     0
 43
0.083125
 10
19.91577756860351
 20
-5.452975582600629
 10
20.06540256873996
 20
-5.452975582600629
  0
LWPOLYLINE
  5
1F46B
330
1F05C
100
AcDbEntity
  8
0
 62
   134
420
    39591
100
AcDbPolyline
 90
        2
 70
     0
 43
0.16625
 10
22.47602756865672
 20
-5.486225582440965
 10
22.64227756881155
 20
-5.486225582440965
  0
LWPOLYLINE
  5
1F46C
330
1F05C
100
AcDbEntity
  8
0
 62
   134
420
    39591
100
AcDbPolyline
 90
        2
 70
     0
 43
0.083125
 10
22.64227756881155
 20
-5.452975582600629
 10
22.80852756858803
 20
-5.452975582600629
  0
LWPOLYLINE
  5
1F46D
330
1F05C
100
AcDbEntity
  8
0
 62
   134
420
    39591
100
AcDbPolyline
 90
        2
 70
     0
 43
0.16625
 10
30.7054025685793
 20
-5.486225582440965
 10
30.88827756875253
 20
-5.486225582440965
  0
LWPOLYLINE
  5
1F46E
330
1F05C
100
AcDbEntity
  8
0
 62
   134
420
    39591
100
AcDbPolyline
 90
        2
 70
     0
 43
0.083125
 10
30.88827756875253
 20
-5.452975582600629
 10
31.03790256851062
 20
-5.452975582600629
  0
LWPOLYLINE
  5
1F46F
330
1F05C
100
AcDbEntity
  8
0
 62
   134
420
    39591
100
AcDbPolyline
 90
        2
 70
     0
 43
0.083125
 10
31.55327756860061
 20
-5.452975582600629
 10
31.63640256867803
 20
-5.452975582600629
  0
LWPOLYLINE
  5
1F470
330
1F05C
100
AcDbEntity
  8
0
 62
   134
420
    39591
100
AcDbPolyline
 90
        2
 70
     0
 43
0.16625
 10
32.45102756866254
 20
-5.486225582440965
 10
32.71702756891318
 20
-5.486225582440965
  0
LWPOLYLINE
  5
1F471
330
1F05C
100
AcDbEntity
  8
0
 62
   134
420
    39591
100
AcDbPolyline
 90
        2
 70
     0
 43
0.083125
 10
32.71702756891318
 20
-5.452975582600629
 10
32.86665256865672
 20
-5.452975582600629
  0
LWPOLYLINE
  5
1F472
330
1F05C
100
AcDbEntity
  8
0
 62
   134
420
    39591
100
AcDbPolyline
 90
        2
 70
     0
 43
0.16625
 10
34.94477756865672
 20
-5.486225582440965
 10
35.19415256851062
 20
-5.486225582440965
  0
LWPOLYLINE
  5
1F473
330
1F05C
100
AcDbEntity
  8
0
 62
   134
420
    39591
100
AcDbPolyline
 90
        2
 70
     0
 43
0.16625
 10
-26.05234743125038
 20
-5.486225582440965
 10
-26.05234743125038
 20
-6.982475582481129
  0
LWPOLYLINE
  5
1F474
330
1F05C
100
AcDbEntity
  8
0
 62
   134
420
    39591
100
AcDbPolyline
 90
        2
 70
     0
 43
0.16625
 10
-14.43147243125713
 20
-5.569350582518381
 10
-14.2652224311023
 20
-5.569350582518381
  0
LWPOLYLINE
  5
1F475
330
1F05C
100
AcDbEntity
  8
0
 62
   134
420
    39591
100
AcDbPolyline
 90
        2
 70
     0
 43
0.16625
 10
-11.02334743157553
 20
-5.569350582518381
 10
-10.8570974314207
 20
-5.569350582518381
  0
LWPOLYLINE
  5
1F476
330
1F05C
100
AcDbEntity
  8
0
 62
   134
420
    39591
100
AcDbPolyline
 90
        2
 70
     0
 43
0.16625
 10
-7.59859743148263
 20
-5.569350582518381
 10
-7.432347431327798
 20
-5.569350582518381
  0
LWPOLYLINE
  5
1F477
330
1F05C
100
AcDbEntity
  8
0
 62
   134
420
    39591
100
AcDbPolyline
 90
        2
 70
     0
 43
0.16625
 10
0.4479025686596288
 20
-5.569350582518381
 10
0.7139025685173693
 20
-5.569350582518381
  0
LWPOLYLINE
  5
1F478
330
1F05C
100
AcDbEntity
  8
0
 62
   134
420
    39591
100
AcDbPolyline
 90
        2
 70
     0
 43
0.083125
 10
0.7139025685173693
 20
-5.536100582678045
 10
1.112902568507706
 20
-5.536100582678045
  0
LWPOLYLINE
  5
1F479
330
1F05C
100
AcDbEntity
  8
0
 62
   134
420
    39591
100
AcDbPolyline
 90
        2
 70
     0
 43
0.083125
 10
5.102902568731224
 20
-5.536100582678045
 10
5.202652568448684
 20
-5.536100582678045
  0
LWPOLYLINE
  5
1F47A
330
1F05C
100
AcDbEntity
  8
0
 62
   134
420
    39591
100
AcDbPolyline
 90
        2
 70
     0
 43
0.16625
 10
5.368902568603516
 20
-5.569350582518381
 10
5.618277568835765
 20
-5.569350582518381
  0
LWPOLYLINE
  5
1F47B
330
1F05C
100
AcDbEntity
  8
0
 62
   134
420
    39591
100
AcDbPolyline
 90
        2
 70
     0
 43
0.083125
 10
7.314027568863821
 20
-5.486225582440965
 10
7.314027568863821
 20
-6.167850582496612
  0
LWPOLYLINE
  5
1F47C
330
1F05C
100
AcDbEntity
  8
0
 62
   134
420
    39591
100
AcDbPolyline
 90
        2
 70
     0
 43
0.083125
 10
7.447027568603516
 20
-5.536100582678045
 10
7.513527568662539
 20
-5.536100582678045
  0
LWPOLYLINE
  5
1F47D
330
1F05C
100
AcDbEntity
  8
0
 62
   134
420
    39591
100
AcDbPolyline
 90
        2
 70
     0
 43
0.16625
 10
13.51515256844868
 20
-5.569350582518381
 10
13.68140256860352
 20
-5.569350582518381
  0
LWPOLYLINE
  5
1F47E
330
1F05C
100
AcDbEntity
  8
0
 62
   134
420
    39591
100
AcDbPolyline
 90
        2
 70
     0
 43
0.16625
 10
18.9847775688977
 20
-5.569350582518381
 10
19.25077756836254
 20
-5.569350582518381
  0
LWPOLYLINE
  5
1F47F
330
1F05C
100
AcDbEntity
  8
0
 62
   134
420
    39591
100
AcDbPolyline
 90
        2
 70
     0
 43
0.083125
 10
19.25077756836254
 20
-5.536100582678045
 10
19.64977756873122
 20
-5.536100582678045
  0
LWPOLYLINE
  5
1F480
330
1F05C
100
AcDbEntity
  8
0
 62
   134
420
    39591
100
AcDbPolyline
 90
        2
 70
     0
 43
0.16625
 10
21.82765256844868
 20
-5.569350582518381
 10
21.99390256860352
 20
-5.569350582518381
  0
LWPOLYLINE
  5
1F481
330
1F05C
100
AcDbEntity
  8
0
 62
   134
420
    39591
100
AcDbPolyline
 90
        2
 70
     0
 43
0.083125
 10
21.99390256860352
 20
-5.536100582678045
 10
22.47602756865672
 20
-5.536100582678045
  0
LWPOLYLINE
  5
1F482
330
1F05C
100
AcDbEntity
  8
0
 62
   134
420
    39591
100
AcDbPolyline
 90
        2
 70
     0
 43
0.16625
 10
29.95727756865381
 20
-5.569350582518381
 10
30.2232775685261
 20
-5.569350582518381
  0
LWPOLYLINE
  5
1F483
330
1F05C
100
AcDbEntity
  8
0
 62
   134
420
    39591
100
AcDbPolyline
 90
        2
 70
     0
 43
0.083125
 10
30.2232775685261
 20
-5.536100582678045
 10
30.7054025685793
 20
-5.536100582678045
  0
LWPOLYLINE
  5
1F484
330
1F05C
100
AcDbEntity
  8
0
 62
   134
420
    39591
100
AcDbPolyline
 90
        2
 70
     0
 43
0.16625
 10
31.78602756842156
 20
-5.569350582518381
 10
32.03540256865381
 20
-5.569350582518381
  0
LWPOLYLINE
  5
1F485
330
1F05C
100
AcDbEntity
  8
0
 62
   134
420
    39591
100
AcDbPolyline
 90
        2
 70
     0
 43
0.083125
 10
32.03540256865381
 20
-5.536100582678045
 10
32.45102756866254
 20
-5.536100582678045
  0
LWPOLYLINE
  5
1F486
330
1F05C
100
AcDbEntity
  8
0
 62
   134
420
    39591
100
AcDbPolyline
 90
        2
 70
     0
 43
0.16625
 10
35.19415256851062
 20
-5.569350582518381
 10
35.37702756866929
 20
-5.569350582518381
  0
LWPOLYLINE
  5
1F487
330
1F05C
100
AcDbEntity
  8
0
 62
   134
420
    39591
100
AcDbPolyline
 90
        2
 70
     0
 43
0.2493749999999999
 10
-26.26847243144585
 20
-5.569350582518381
 10
-26.26847243144585
 20
-7.065600582558545
  0
LWPOLYLINE
  5
1F488
330
1F05C
100
AcDbEntity
  8
0
 62
   134
420
    39591
100
AcDbPolyline
 90
        2
 70
     0
 43
0.083125
 10
-14.46472243129392
 20
-5.569350582518381
 10
-14.46472243129392
 20
-6.334100582454993
  0
LWPOLYLINE
  5
1F489
330
1F05C
100
AcDbEntity
  8
0
 62
   134
420
    39591
100
AcDbPolyline
 90
        2
 70
     0
 43
0.083125
 10
-11.97097243129974
 20
-5.569350582518381
 10
-11.97097243129974
 20
-6.084725582419196
  0
LWPOLYLINE
  5
1F48A
330
1F05C
100
AcDbEntity
  8
0
 62
   134
420
    39591
100
AcDbPolyline
 90
        2
 70
     0
 43
0.083125
 10
-11.05659743121941
 20
-5.569350582518381
 10
-11.05659743121941
 20
-6.334100582454993
  0
LWPOLYLINE
  5
1F48B
330
1F05C
100
AcDbEntity
  8
0
 62
   134
420
    39591
100
AcDbPolyline
 90
        2
 70
     0
 43
0.083125
 10
-7.648472431144909
 20
-5.569350582518381
 10
-7.648472431144909
 20
-6.250975582574028
  0
LWPOLYLINE
  5
1F48C
330
1F05C
100
AcDbEntity
  8
0
 62
   134
420
    39591
100
AcDbPolyline
 90
        2
 70
     0
 43
0.083125
 10
5.269152568507706
 20
-5.619225582566286
 10
5.368902568603516
 20
-5.619225582566286
  0
LWPOLYLINE
  5
1F48D
330
1F05C
100
AcDbEntity
  8
0
 62
   134
420
    39591
100
AcDbPolyline
 90
        2
 70
     0
 43
0.083125
 10
5.65152756847965
 20
-5.569350582518381
 10
5.65152756847965
 20
-6.334100582454993
  0
LWPOLYLINE
  5
1F48E
330
1F05C
100
AcDbEntity
  8
0
 62
   134
420
    39591
100
AcDbPolyline
 90
        2
 70
     0
 43
0.083125
 10
7.230902568393503
 20
-5.569350582518381
 10
7.230902568393503
 20
-6.084725582419196
  0
LWPOLYLINE
  5
1F48F
330
1F05C
100
AcDbEntity
  8
0
 62
   134
420
    39591
100
AcDbPolyline
 90
        2
 70
     0
 43
0.083125
 10
13.4652775683935
 20
-5.569350582518381
 10
13.4652775683935
 20
-6.250975582574028
  0
LWPOLYLINE
  5
1F490
330
1F05C
100
AcDbEntity
  8
0
 62
   134
420
    39591
100
AcDbPolyline
 90
        2
 70
     0
 43
0.083125
 10
35.12765256843704
 20
-5.619225582566286
 10
35.19415256851062
 20
-5.619225582566286
  0
LWPOLYLINE
  5
1F491
330
1F05C
100
AcDbEntity
  8
0
 62
   134
420
    39591
100
AcDbPolyline
 90
        2
 70
     0
 43
0.16625
 10
35.46015256874671
 20
-5.569350582518381
 10
35.46015256874671
 20
-5.835350582572573
  0
LWPOLYLINE
  5
1F492
330
1F05C
100
AcDbEntity
  8
0
 62
   134
420
    39591
100
AcDbPolyline
 90
        2
 70
     0
 43
0.16625
 10
-26.48459743126295
 20
-5.66910058241774
 10
-26.48459743126295
 20
-7.14872558243951
  0
LWPOLYLINE
  5
1F493
330
1F05C
100
AcDbEntity
  8
0
 62
   134
420
    39591
100
AcDbPolyline
 90
        2
 70
     0
 43
0.083125
 10
-14.54784743137134
 20
-5.66910058241774
 10
-14.54784743137134
 20
-6.250975582574028
  0
LWPOLYLINE
  5
1F494
330
1F05C
100
AcDbEntity
  8
0
 62
   134
420
    39591
100
AcDbPolyline
 90
        2
 70
     0
 43
0.083125
 10
-14.43147243125713
 20
-5.702350582447252
 10
-14.34834743117972
 20
-5.702350582447252
  0
LWPOLYLINE
  5
1F495
330
1F05C
100
AcDbEntity
  8
0
 62
   134
420
    39591
100
AcDbPolyline
 90
        2
 70
     0
 43
0.083125
 10
-12.38659743129392
 20
-5.66910058241774
 10
-12.38659743129392
 20
-6.250975582574028
  0
LWPOLYLINE
  5
1F496
330
1F05C
100
AcDbEntity
  8
0
 62
   134
420
    39591
100
AcDbPolyline
 90
        2
 70
     0
 43
0.083125
 10
-11.13972243129683
 20
-5.66910058241774
 10
-11.13972243129683
 20
-6.250975582574028
  0
LWPOLYLINE
  5
1F497
330
1F05C
100
AcDbEntity
  8
0
 62
   134
420
    39591
100
AcDbPolyline
 90
        2
 70
     0
 43
0.083125
 10
-7.731597431222326
 20
-5.66910058241774
 10
-7.731597431222326
 20
-6.250975582574028
  0
LWPOLYLINE
  5
1F498
330
1F05C
100
AcDbEntity
  8
0
 62
   134
420
    39591
100
AcDbPolyline
 90
        2
 70
     0
 43
0.083125
 10
-7.59859743148263
 20
-5.702350582447252
 10
-7.515472431405214
 20
-5.702350582447252
  0
LWPOLYLINE
  5
1F499
330
1F05C
100
AcDbEntity
  8
0
 62
   134
420
    39591
100
AcDbPolyline
 90
        2
 70
     0
 43
0.083125
 10
5.535152568758348
 20
-5.702350582447252
 10
5.618277568835765
 20
-5.702350582447252
  0
LWPOLYLINE
  5
1F49A
330
1F05C
100
AcDbEntity
  8
0
 62
   134
420
    39591
100
AcDbPolyline
 90
        2
 70
     0
 43
0.083125
 10
5.734652568557066
 20
-5.66910058241774
 10
5.734652568557066
 20
-6.250975582574028
  0
LWPOLYLINE
  5
1F49B
330
1F05C
100
AcDbEntity
  8
0
 62
   134
420
    39591
100
AcDbPolyline
 90
        2
 70
     0
 43
0.083125
 10
13.38215256870899
 20
-5.66910058241774
 10
13.38215256870899
 20
-6.250975582574028
  0
LWPOLYLINE
  5
1F49C
330
1F05C
100
AcDbEntity
  8
0
 62
   134
420
    39591
100
AcDbPolyline
 90
        2
 70
     0
 43
0.083125
 10
13.51515256844868
 20
-5.702350582447252
 10
13.5816525685077
 20
-5.702350582447252
  0
LWPOLYLINE
  5
1F49D
330
1F05C
100
AcDbEntity
  8
0
 62
   134
420
    39591
100
AcDbPolyline
 90
        2
 70
     0
 43
0.083125
 10
25.51840256877767
 20
-5.66910058241774
 10
25.51840256877767
 20
-6.250975582574028
  0
LWPOLYLINE
  5
1F49E
330
1F05C
100
AcDbEntity
  8
0
 62
   134
420
    39591
100
AcDbPolyline
 90
        2
 70
     0
 43
0.083125
 10
35.27727756858804
 20
-5.702350582447252
 10
35.37702756866929
 20
-5.702350582447252
  0
LWPOLYLINE
  5
1F49F
330
1F05C
100
AcDbEntity
  8
0
 62
   134
420
    39591
100
AcDbPolyline
 90
        2
 70
     0
 43
0.083125
 10
35.57652756846801
 20
-5.66910058241774
 10
35.57652756846801
 20
-6.167850582496612
  0
LWPOLYLINE
  5
1F4A0
330
1F05C
100
AcDbEntity
  8
0
 62
   134
420
    39591
100
AcDbPolyline
 90
        2
 70
     0
 43
0.16625
 10
-26.65084743141779
 20
-5.735600582476763
 10
-26.65084743141779
 20
-7.231850582516926
  0
LWPOLYLINE
  5
1F4A1
330
1F05C
100
AcDbEntity
  8
0
 62
   134
420
    39591
100
AcDbPolyline
 90
        2
 70
     0
 43
0.083125
 10
-14.63097243144875
 20
-5.735600582476763
 10
-14.63097243144875
 20
-6.167850582496612
  0
LWPOLYLINE
  5
1F4A2
330
1F05C
100
AcDbEntity
  8
0
 62
   134
420
    39591
100
AcDbPolyline
 90
        2
 70
     0
 43
0.083125
 10
-12.05409743137716
 20
-5.735600582476763
 10
-12.05409743137716
 20
-6.250975582574028
  0
LWPOLYLINE
  5
1F4A3
330
1F05C
100
AcDbEntity
  8
0
 62
   134
420
    39591
100
AcDbPolyline
 90
        2
 70
     0
 43
0.083125
 10
-11.22284743137424
 20
-5.735600582476763
 10
-11.22284743137424
 20
-6.167850582496612
  0
LWPOLYLINE
  5
1F4A4
330
1F05C
100
AcDbEntity
  8
0
 62
   134
420
    39591
100
AcDbPolyline
 90
        2
 70
     0
 43
0.083125
 10
0.4977775687002577
 20
-5.735600582476763
 10
0.4977775687002577
 20
-6.167850582496612
  0
LWPOLYLINE
  5
1F4A5
330
1F05C
100
AcDbEntity
  8
0
 62
   134
420
    39591
100
AcDbPolyline
 90
        2
 70
     0
 43
0.083125
 10
5.817777568634483
 20
-5.735600582476763
 10
5.817777568634483
 20
-6.167850582496612
  0
LWPOLYLINE
  5
1F4A6
330
1F05C
100
AcDbEntity
  8
0
 62
   134
420
    39591
100
AcDbPolyline
 90
        2
 70
     0
 43
0.083125
 10
19.03465256854542
 20
-5.735600582476763
 10
19.03465256854542
 20
-6.167850582496612
  0
LWPOLYLINE
  5
1F4A7
330
1F05C
100
AcDbEntity
  8
0
 62
   134
420
    39591
100
AcDbPolyline
 90
        2
 70
     0
 43
0.2493749999999999
 10
-26.85034743160941
 20
-5.835350582572573
 10
-26.85034743160941
 20
-7.231850582516926
  0
LWPOLYLINE
  5
1F4A8
330
1F05C
100
AcDbEntity
  8
0
 62
   134
420
    39591
100
AcDbPolyline
 90
        2
 70
     0
 43
0.083125
 10
13.29902756863157
 20
-5.835350582572573
 10
13.29902756863157
 20
-6.001600582530954
  0
LWPOLYLINE
  5
1F4A9
330
1F05C
100
AcDbEntity
  8
0
 62
   134
420
    39591
100
AcDbPolyline
 90
        2
 70
     0
 43
0.083125
 10
31.83590256885509
 20
-5.835350582572573
 10
31.83590256885509
 20
-6.250975582574028
  0
LWPOLYLINE
  5
1F4AA
330
1F05C
100
AcDbEntity
  8
0
 62
   134
420
    39591
100
AcDbPolyline
 90
        2
 70
     0
 43
0.083125
 10
35.49340256839059
 20
-5.835350582572573
 10
35.49340256839059
 20
-6.250975582574028
  0
LWPOLYLINE
  5
1F4AB
330
1F05C
100
AcDbEntity
  8
0
 62
   134
420
    39591
100
AcDbPolyline
 90
        2
 70
     0
 43
0.083125
 10
35.65965256854543
 20
-5.835350582572573
 10
35.65965256854543
 20
-6.084725582419196
  0
LWPOLYLINE
  5
1F4AC
330
1F05C
100
AcDbEntity
  8
0
 62
   134
420
    39591
100
AcDbPolyline
 90
        2
 70
     0
 43
0.2493749999999999
 10
-27.09972243144875
 20
-5.918475582453538
 10
-27.09972243144875
 20
-7.314975582594342
  0
LWPOLYLINE
  5
1F4AD
330
1F05C
100
AcDbEntity
  8
0
 62
   134
420
    39591
100
AcDbPolyline
 90
        2
 70
     0
 43
0.083125
 10
-12.30347243160941
 20
-5.918475582453538
 10
-12.30347243160941
 20
-6.41722558253241
  0
LWPOLYLINE
  5
1F4AE
330
1F05C
100
AcDbEntity
  8
0
 62
   134
420
    39591
100
AcDbPolyline
 90
        2
 70
     0
 43
0.083125
 10
-4.655972431442933
 20
-5.918475582453538
 10
-4.655972431442933
 20
-6.250975582574028
  0
LWPOLYLINE
  5
1F4AF
330
1F05C
100
AcDbEntity
  8
0
 62
   134
420
    39591
100
AcDbPolyline
 90
        2
 70
     0
 43
0.083125
 10
2.409652568545425
 20
-5.918475582453538
 10
2.409652568545425
 20
-6.250975582574028
  0
LWPOLYLINE
  5
1F4B0
330
1F05C
100
AcDbEntity
  8
0
 62
   134
420
    39591
100
AcDbPolyline
 90
        2
 70
     0
 43
0.083125
 10
21.86090256886382
 20
-5.918475582453538
 10
21.86090256886382
 20
-6.250975582574028
  0
LWPOLYLINE
  5
1F4B1
330
1F05C
100
AcDbEntity
  8
0
 62
   134
420
    39591
100
AcDbPolyline
 90
        2
 70
     0
 43
0.083125
 10
30.00715256870899
 20
-5.918475582453538
 10
30.00715256870899
 20
-6.250975582574028
  0
LWPOLYLINE
  5
1F4B2
330
1F05C
100
AcDbEntity
  8
0
 62
   134
420
    39591
100
AcDbPolyline
 90
        2
 70
     0
 43
0.2493749999999999
 10
-27.3490974312881
 20
-6.001600582530954
 10
-27.3490974312881
 20
-7.398100582482584
  0
LWPOLYLINE
  5
1F4B3
330
1F05C
100
AcDbEntity
  8
0
 62
   134
420
    39591
100
AcDbPolyline
 90
        2
 70
     0
 43
0.083125
 10
-12.13722243145457
 20
-6.001600582530954
 10
-12.13722243145457
 20
-6.41722558253241
  0
LWPOLYLINE
  5
1F4B4
330
1F05C
100
AcDbEntity
  8
0
 62
   134
420
    39591
100
AcDbPolyline
 90
        2
 70
     0
 43
0.083125
 10
0.5809025687776739
 20
-6.001600582530954
 10
0.5809025687776739
 20
-6.250975582574028
  0
LWPOLYLINE
  5
1F4B5
330
1F05C
100
AcDbEntity
  8
0
 62
   134
420
    39591
100
AcDbPolyline
 90
        2
 70
     0
 43
0.083125
 10
7.480277568625751
 20
-6.001600582530954
 10
7.480277568625751
 20
-6.250975582574028
  0
LWPOLYLINE
  5
1F4B6
330
1F05C
100
AcDbEntity
  8
0
 62
   134
420
    39591
100
AcDbPolyline
 90
        2
 70
     0
 43
0.083125
 10
19.11777756862284
 20
-6.001600582530954
 10
19.11777756862284
 20
-6.250975582574028
  0
LWPOLYLINE
  5
1F4B7
330
1F05C
100
AcDbEntity
  8
0
 62
   134
420
    39591
100
AcDbPolyline
 90
        2
 70
     0
 43
0.083125
 10
25.60152756885509
 20
-6.001600582530954
 10
25.60152756885509
 20
-6.334100582454993
  0
LWPOLYLINE
  5
1F4B8
330
1F05C
100
AcDbEntity
  8
0
 62
   134
420
    39591
100
AcDbPolyline
 90
        2
 70
     0
 43
0.083125
 10
31.91902756855416
 20
-6.001600582530954
 10
31.91902756855416
 20
-6.250975582574028
  0
LWPOLYLINE
  5
1F4B9
330
1F05C
100
AcDbEntity
  8
0
 62
   134
420
    39591
100
AcDbPolyline
 90
        2
 70
     0
 43
0.3325
 10
-27.64834743157553
 20
-6.084725582419196
 10
-27.64834743157553
 20
-7.48122558256
  0
LWPOLYLINE
  5
1F4BA
330
1F05C
100
AcDbEntity
  8
0
 62
   134
420
    39591
100
AcDbPolyline
 90
        2
 70
     0
 43
0.083125
 10
-12.22034743153199
 20
-6.084725582419196
 10
-12.22034743153199
 20
-6.41722558253241
  0
LWPOLYLINE
  5
1F4BB
330
1F05C
100
AcDbEntity
  8
0
 62
   134
420
    39591
100
AcDbPolyline
 90
        2
 70
     0
 43
0.083125
 10
-7.565347431445843
 20
-6.084725582419196
 10
-7.565347431445843
 20
-6.334100582454993
  0
LWPOLYLINE
  5
1F4BC
330
1F05C
100
AcDbEntity
  8
0
 62
   134
420
    39591
100
AcDbPolyline
 90
        2
 70
     0
 43
0.083125
 10
-4.572847431365516
 20
-6.084725582419196
 10
-4.572847431365516
 20
-6.334100582454993
  0
LWPOLYLINE
  5
1F4BD
330
1F05C
100
AcDbEntity
  8
0
 62
   134
420
    39591
100
AcDbPolyline
 90
        2
 70
     0
 43
0.083125
 10
0.6640275688550901
 20
-6.084725582419196
 10
0.6640275688550901
 20
-6.334100582454993
  0
LWPOLYLINE
  5
1F4BE
330
1F05C
100
AcDbEntity
  8
0
 62
   134
420
    39591
100
AcDbPolyline
 90
        2
 70
     0
 43
0.083125
 10
2.492777568622841
 20
-6.084725582419196
 10
2.492777568622841
 20
-6.334100582454993
  0
LWPOLYLINE
  5
1F4BF
330
1F05C
100
AcDbEntity
  8
0
 62
   134
420
    39591
100
AcDbPolyline
 90
        2
 70
     0
 43
0.083125
 10
4.072152568551246
 20
-6.084725582419196
 10
4.072152568551246
 20
-6.41722558253241
  0
LWPOLYLINE
  5
1F4C0
330
1F05C
100
AcDbEntity
  8
0
 62
   134
420
    39591
100
AcDbPolyline
 90
        2
 70
     0
 43
0.083125
 10
5.568402568780584
 20
-6.084725582419196
 10
5.568402568780584
 20
-6.334100582454993
  0
LWPOLYLINE
  5
1F4C1
330
1F05C
100
AcDbEntity
  8
0
 62
   134
420
    39591
100
AcDbPolyline
 90
        2
 70
     0
 43
0.083125
 10
13.54840256886382
 20
-6.084725582419196
 10
13.54840256886382
 20
-6.334100582454993
  0
LWPOLYLINE
  5
1F4C2
330
1F05C
100
AcDbEntity
  8
0
 62
   134
420
    39591
100
AcDbPolyline
 90
        2
 70
     0
 43
0.083125
 10
18.31977756865672
 20
-6.117975582448707
 10
18.41952756875253
 20
-6.117975582448707
  0
LWPOLYLINE
  5
1F4C3
330
1F05C
100
AcDbEntity
  8
0
 62
   134
420
    39591
100
AcDbPolyline
 90
        2
 70
     0
 43
0.083125
 10
19.20090256870025
 20
-6.084725582419196
 10
19.20090256870025
 20
-6.334100582454993
  0
LWPOLYLINE
  5
1F4C4
330
1F05C
100
AcDbEntity
  8
0
 62
   134
420
    39591
100
AcDbPolyline
 90
        2
 70
     0
 43
0.083125
 10
21.94402756854834
 20
-6.084725582419196
 10
21.94402756854834
 20
-6.334100582454993
  0
LWPOLYLINE
  5
1F4C5
330
1F05C
100
AcDbEntity
  8
0
 62
   134
420
    39591
100
AcDbPolyline
 90
        2
 70
     0
 43
0.083125
 10
30.0902775683935
 20
-6.084725582419196
 10
30.0902775683935
 20
-6.334100582454993
  0
LWPOLYLINE
  5
1F4C6
330
1F05C
100
AcDbEntity
  8
0
 62
   134
420
    39591
100
AcDbPolyline
 90
        2
 70
     0
 43
0.083125
 10
32.00215256863157
 20
-6.084725582419196
 10
32.00215256863157
 20
-6.334100582454993
  0
LWPOLYLINE
  5
1F4C7
330
1F05C
100
AcDbEntity
  8
0
 62
   134
420
    39591
100
AcDbPolyline
 90
        2
 70
     0
 43
0.083125
 10
35.41027756870608
 20
-6.084725582419196
 10
35.41027756870608
 20
-6.334100582454993
  0
LWPOLYLINE
  5
1F4C8
330
1F05C
100
AcDbEntity
  8
0
 62
   134
420
    39591
100
AcDbPolyline
 90
        2
 70
     0
 43
0.083125
 10
-34.88022243134037
 20
-6.201100582526123
 10
-34.79709743126296
 20
-6.201100582526123
  0
LWPOLYLINE
  5
1F4C9
330
1F05C
100
AcDbEntity
  8
0
 62
   134
420
    39591
100
AcDbPolyline
 90
        2
 70
     0
 43
0.415625
 10
-28.01409743113618
 20
-6.167850582496612
 10
-28.01409743113618
 20
-7.564350582440965
  0
LWPOLYLINE
  5
1F4CA
330
1F05C
100
AcDbEntity
  8
0
 62
   134
420
    39591
100
AcDbPolyline
 90
        2
 70
     0
 43
0.083125
 10
-14.3815974316094
 20
-6.167850582496612
 10
-14.3815974316094
 20
-6.334100582454993
  0
LWPOLYLINE
  5
1F4CB
330
1F05C
100
AcDbEntity
  8
0
 62
   134
420
    39591
100
AcDbPolyline
 90
        2
 70
     0
 43
0.083125
 10
-10.97347243152035
 20
-6.167850582496612
 10
-10.97347243152035
 20
-6.334100582454993
  0
LWPOLYLINE
  5
1F4CC
330
1F05C
100
AcDbEntity
  8
0
 62
   134
420
    39591
100
AcDbPolyline
 90
        2
 70
     0
 43
0.083125
 10
-7.482222431368427
 20
-6.167850582496612
 10
-7.482222431368427
 20
-6.41722558253241
  0
LWPOLYLINE
  5
1F4CD
330
1F05C
100
AcDbEntity
  8
0
 62
   134
420
    39591
100
AcDbPolyline
 90
        2
 70
     0
 43
0.083125
 10
-4.4897224312881
 20
-6.167850582496612
 10
-4.4897224312881
 20
-6.334100582454993
  0
LWPOLYLINE
  5
1F4CE
330
1F05C
100
AcDbEntity
  8
0
 62
   134
420
    39591
100
AcDbPolyline
 90
        2
 70
     0
 43
0.083125
 10
-0.3334724312881008
 20
-6.167850582496612
 10
-0.3334724312881008
 20
-6.41722558253241
  0
LWPOLYLINE
  5
1F4CF
330
1F05C
100
AcDbEntity
  8
0
 62
   134
420
    39591
100
AcDbPolyline
 90
        2
 70
     0
 43
0.083125
 10
0.7471525685541565
 20
-6.167850582496612
 10
0.7471525685541565
 20
-6.41722558253241
  0
LWPOLYLINE
  5
1F4D0
330
1F05C
100
AcDbEntity
  8
0
 62
   134
420
    39591
100
AcDbPolyline
 90
        2
 70
     0
 43
0.083125
 10
1.578402568557066
 20
-6.167850582496612
 10
1.578402568557066
 20
-6.334100582454993
  0
LWPOLYLINE
  5
1F4D1
330
1F05C
100
AcDbEntity
  8
0
 62
   134
420
    39591
100
AcDbPolyline
 90
        2
 70
     0
 43
0.16625
 10
2.625777568362536
 20
-6.167850582496612
 10
2.625777568362536
 20
-6.41722558253241
  0
LWPOLYLINE
  5
1F4D2
330
1F05C
100
AcDbEntity
  8
0
 62
   134
420
    39591
100
AcDbPolyline
 90
        2
 70
     0
 43
0.083125
 10
4.82027756885509
 20
-6.167850582496612
 10
4.82027756885509
 20
-6.334100582454993
  0
LWPOLYLINE
  5
1F4D3
330
1F05C
100
AcDbEntity
  8
0
 62
   134
420
    39591
100
AcDbPolyline
 90
        2
 70
     0
 43
0.083125
 10
5.485277568703168
 20
-6.167850582496612
 10
5.485277568703168
 20
-6.41722558253241
  0
LWPOLYLINE
  5
1F4D4
330
1F05C
100
AcDbEntity
  8
0
 62
   134
420
    39591
100
AcDbPolyline
 90
        2
 70
     0
 43
0.16625
 10
7.513527568662539
 20
-6.250975582574028
 10
7.696402568835765
 20
-6.250975582574028
  0
LWPOLYLINE
  5
1F4D5
330
1F05C
100
AcDbEntity
  8
0
 62
   134
420
    39591
100
AcDbPolyline
 90
        2
 70
     0
 43
0.083125
 10
8.693902568600606
 20
-6.201100582526123
 10
8.760402568659628
 20
-6.201100582526123
  0
LWPOLYLINE
  5
1F4D6
330
1F05C
100
AcDbEntity
  8
0
 62
   134
420
    39591
100
AcDbPolyline
 90
        2
 70
     0
 43
0.083125
 10
13.63152756854833
 20
-6.167850582496612
 10
13.63152756854833
 20
-6.41722558253241
  0
LWPOLYLINE
  5
1F4D7
330
1F05C
100
AcDbEntity
  8
0
 62
   134
420
    39591
100
AcDbPolyline
 90
        2
 70
     0
 43
0.083125
 10
19.28402756877767
 20
-6.167850582496612
 10
19.28402756877767
 20
-6.334100582454993
  0
LWPOLYLINE
  5
1F4D8
330
1F05C
100
AcDbEntity
  8
0
 62
   134
420
    39591
100
AcDbPolyline
 90
        2
 70
     0
 43
0.083125
 10
20.11527756878058
 20
-6.167850582496612
 10
20.11527756878058
 20
-6.334100582454993
  0
LWPOLYLINE
  5
1F4D9
330
1F05C
100
AcDbEntity
  8
0
 62
   134
420
    39591
100
AcDbPolyline
 90
        2
 70
     0
 43
0.16625
 10
21.99390256860352
 20
-6.250975582574028
 10
22.16015256875835
 20
-6.250975582574028
  0
LWPOLYLINE
  5
1F4DA
330
1F05C
100
AcDbEntity
  8
0
 62
   134
420
    39591
100
AcDbPolyline
 90
        2
 70
     0
 43
0.16625
 10
22.80852756858803
 20
-6.250975582574028
 10
22.97477756874287
 20
-6.250975582574028
  0
LWPOLYLINE
  5
1F4DB
330
1F05C
100
AcDbEntity
  8
0
 62
   134
420
    39591
100
AcDbPolyline
 90
        2
 70
     0
 43
0.16625
 10
25.65140256851737
 20
-6.250975582574028
 10
25.8176525686722
 20
-6.250975582574028
  0
LWPOLYLINE
  5
1F4DC
330
1F05C
100
AcDbEntity
  8
0
 62
   134
420
    39591
100
AcDbPolyline
 90
        2
 70
     0
 43
0.16625
 10
30.14015256844869
 20
-6.250975582574028
 10
30.28977756858513
 20
-6.250975582574028
  0
LWPOLYLINE
  5
1F4DD
330
1F05C
100
AcDbEntity
  8
0
 62
   134
420
    39591
100
AcDbPolyline
 90
        2
 70
     0
 43
0.083125
 10
31.08777756855125
 20
-6.167850582496612
 10
31.08777756855125
 20
-6.334100582454993
  0
LWPOLYLINE
  5
1F4DE
330
1F05C
100
AcDbEntity
  8
0
 62
   134
420
    39591
100
AcDbPolyline
 90
        2
 70
     0
 43
0.083125
 10
32.08527756870899
 20
-6.167850582496612
 10
32.08527756870899
 20
-6.41722558253241
  0
LWPOLYLINE
  5
1F4DF
330
1F05C
100
AcDbEntity
  8
0
 62
   134
420
    39591
100
AcDbPolyline
 90
        2
 70
     0
 43
0.083125
 10
32.9165275687119
 20
-6.167850582496612
 10
32.9165275687119
 20
-6.334100582454993
  0
LWPOLYLINE
  5
1F4E0
330
1F05C
100
AcDbEntity
  8
0
 62
   134
420
    39591
100
AcDbPolyline
 90
        2
 70
     0
 43
0.083125
 10
34.66215256878058
 20
-6.167850582496612
 10
34.66215256878058
 20
-6.41722558253241
  0
LWPOLYLINE
  5
1F4E1
330
1F05C
100
AcDbEntity
  8
0
 62
   134
420
    39591
100
AcDbPolyline
 90
        2
 70
     0
 43
0.083125
 10
35.32715256862867
 20
-6.167850582496612
 10
35.32715256862867
 20
-6.41722558253241
  0
LWPOLYLINE
  5
1F4E2
330
1F05C
100
AcDbEntity
  8
0
 62
   134
420
    39591
100
AcDbPolyline
 90
        2
 70
     0
 43
0.2493749999999999
 10
-30.84034743145458
 20
-6.250975582574028
 10
-30.84034743145458
 20
-7.647475582518381
  0
LWPOLYLINE
  5
1F4E3
330
1F05C
100
AcDbEntity
  8
0
 62
   134
420
    39591
100
AcDbPolyline
 90
        2
 70
     0
 43
0.4987499999999999
 10
-28.47959743157844
 20
-6.250975582574028
 10
-28.47959743157844
 20
-7.647475582518381
  0
LWPOLYLINE
  5
1F4E4
330
1F05C
100
AcDbEntity
  8
0
 62
   134
420
    39591
100
AcDbPolyline
 90
        2
 70
     0
 43
0.16625
 10
-14.34834743117972
 20
-6.334100582454993
 10
-14.16547243139939
 20
-6.334100582454993
  0
LWPOLYLINE
  5
1F4E5
330
1F05C
100
AcDbEntity
  8
0
 62
   134
420
    39591
100
AcDbPolyline
 90
        2
 70
     0
 43
0.16625
 10
-13.6667224313278
 20
-6.334100582454993
 10
-13.50047243155131
 20
-6.334100582454993
  0
LWPOLYLINE
  5
1F4E6
330
1F05C
100
AcDbEntity
  8
0
 62
   134
420
    39591
100
AcDbPolyline
 90
        2
 70
     0
 43
0.16625
 10
-10.94022243110521
 20
-6.334100582454993
 10
-10.77397243134328
 20
-6.334100582454993
  0
LWPOLYLINE
  5
1F4E7
330
1F05C
100
AcDbEntity
  8
0
 62
   134
420
    39591
100
AcDbPolyline
 90
        2
 70
     0
 43
0.16625
 10
-10.27522243125713
 20
-6.334100582454993
 10
-10.1089724311023
 20
-6.334100582454993
  0
LWPOLYLINE
  5
1F4E8
330
1F05C
100
AcDbEntity
  8
0
 62
   134
420
    39591
100
AcDbPolyline
 90
        2
 70
     0
 43
0.16625
 10
-7.432347431327798
 20
-6.334100582454993
 10
-7.266097431551315
 20
-6.334100582454993
  0
LWPOLYLINE
  5
1F4E9
330
1F05C
100
AcDbEntity
  8
0
 62
   134
420
    39591
100
AcDbPolyline
 90
        2
 70
     0
 43
0.16625
 10
-6.86709743157553
 20
-6.334100582454993
 10
-6.700847431420697
 20
-6.334100582454993
  0
LWPOLYLINE
  5
1F4EA
330
1F05C
100
AcDbEntity
  8
0
 62
   134
420
    39591
100
AcDbPolyline
 90
        2
 70
     0
 43
0.16625
 10
-4.439847431247471
 20
-6.334100582454993
 10
-3.874597431102301
 20
-6.334100582454993
  0
LWPOLYLINE
  5
1F4EB
330
1F05C
100
AcDbEntity
  8
0
 62
   134
420
    39591
100
AcDbPolyline
 90
        2
 70
     0
 43
0.083125
 10
-3.874597431102301
 20
-6.284225582603539
 10
-3.774847431399393
 20
-6.284225582603539
  0
LWPOLYLINE
  5
1F4EC
330
1F05C
100
AcDbEntity
  8
0
 62
   134
420
    39591
100
AcDbPolyline
 90
        2
 70
     0
 43
0.083125
 10
-0.5495974311052123
 20
-6.284225582603539
 10
-0.3833474313432816
 20
-6.284225582603539
  0
LWPOLYLINE
  5
1F4ED
330
1F05C
100
AcDbEntity
  8
0
 62
   134
420
    39591
100
AcDbPolyline
 90
        2
 70
     0
 43
0.16625
 10
-0.2835974312474718
 20
-6.334100582454993
 10
-0.0508474314119667
 20
-6.334100582454993
  0
LWPOLYLINE
  5
1F4EE
330
1F05C
100
AcDbEntity
  8
0
 62
   134
420
    39591
100
AcDbPolyline
 90
        2
 70
     0
 43
0.16625
 10
0.7804025685763918
 20
-6.334100582454993
 10
1.528527568894787
 20
-6.334100582454993
  0
LWPOLYLINE
  5
1F4EF
330
1F05C
100
AcDbEntity
  8
0
 62
   134
420
    39591
100
AcDbPolyline
 90
        2
 70
     0
 43
0.16625
 10
2.692277568421559
 20
-6.334100582454993
 10
3.191027568507706
 20
-6.334100582454993
  0
LWPOLYLINE
  5
1F4F0
330
1F05C
100
AcDbEntity
  8
0
 62
   134
420
    39591
100
AcDbPolyline
 90
        2
 70
     0
 43
0.083125
 10
3.191027568507706
 20
-6.284225582603539
 10
3.290777568603516
 20
-6.284225582603539
  0
LWPOLYLINE
  5
1F4F1
330
1F05C
100
AcDbEntity
  8
0
 62
   134
420
    39591
100
AcDbPolyline
 90
        2
 70
     0
 43
0.083125
 10
3.93915256881155
 20
-6.284225582603539
 10
4.038902568514458
 20
-6.284225582603539
  0
LWPOLYLINE
  5
1F4F2
330
1F05C
100
AcDbEntity
  8
0
 62
   134
420
    39591
100
AcDbPolyline
 90
        2
 70
     0
 43
0.16625
 10
4.105402568588033
 20
-6.334100582454993
 10
4.437902568897698
 20
-6.334100582454993
  0
LWPOLYLINE
  5
1F4F3
330
1F05C
100
AcDbEntity
  8
0
 62
   134
420
    39591
100
AcDbPolyline
 90
        2
 70
     0
 43
0.16625
 10
4.870152568517369
 20
-6.334100582454993
 10
5.435402568662539
 20
-6.334100582454993
  0
LWPOLYLINE
  5
1F4F4
330
1F05C
100
AcDbEntity
  8
0
 62
   134
420
    39591
100
AcDbPolyline
 90
        2
 70
     0
 43
0.16625
 10
7.696402568835765
 20
-6.334100582454993
 10
7.929152568656718
 20
-6.334100582454993
  0
LWPOLYLINE
  5
1F4F5
330
1F05C
100
AcDbEntity
  8
0
 62
   134
420
    39591
100
AcDbPolyline
 90
        2
 70
     0
 43
0.16625
 10
8.261652568588033
 20
-6.334100582454993
 10
8.527652568824123
 20
-6.334100582454993
  0
LWPOLYLINE
  5
1F4F6
330
1F05C
100
AcDbEntity
  8
0
 62
   134
420
    39591
100
AcDbPolyline
 90
        2
 70
     0
 43
0.16625
 10
13.68140256860352
 20
-6.334100582454993
 10
13.84765256875835
 20
-6.334100582454993
  0
LWPOLYLINE
  5
1F4F7
330
1F05C
100
AcDbEntity
  8
0
 62
   134
420
    39591
100
AcDbPolyline
 90
        2
 70
     0
 43
0.16625
 10
14.26327756875252
 20
-6.334100582454993
 10
14.42952756851446
 20
-6.334100582454993
  0
LWPOLYLINE
  5
1F4F8
330
1F05C
100
AcDbEntity
  8
0
 62
   134
420
    39591
100
AcDbPolyline
 90
        2
 70
     0
 43
0.16625
 10
19.31727756842156
 20
-6.334100582454993
 10
20.06540256873996
 20
-6.334100582454993
  0
LWPOLYLINE
  5
1F4F9
330
1F05C
100
AcDbEntity
  8
0
 62
   134
420
    39591
100
AcDbPolyline
 90
        2
 70
     0
 43
0.16625
 10
22.16015256875835
 20
-6.334100582454993
 10
22.80852756858803
 20
-6.334100582454993
  0
LWPOLYLINE
  5
1F4FA
330
1F05C
100
AcDbEntity
  8
0
 62
   134
420
    39591
100
AcDbPolyline
 90
        2
 70
     0
 43
0.16625
 10
25.8176525686722
 20
-6.334100582454993
 10
25.98390256844869
 20
-6.334100582454993
  0
LWPOLYLINE
  5
1F4FB
330
1F05C
100
AcDbEntity
  8
0
 62
   134
420
    39591
100
AcDbPolyline
 90
        2
 70
     0
 43
0.16625
 10
26.21665256866254
 20
-6.334100582454993
 10
26.39952756883577
 20
-6.334100582454993
  0
LWPOLYLINE
  5
1F4FC
330
1F05C
100
AcDbEntity
  8
0
 62
   134
420
    39591
100
AcDbPolyline
 90
        2
 70
     0
 43
0.083125
 10
26.39952756883577
 20
-6.284225582603539
 10
26.46602756889479
 20
-6.284225582603539
  0
LWPOLYLINE
  5
1F4FD
330
1F05C
100
AcDbEntity
  8
0
 62
   134
420
    39591
100
AcDbPolyline
 90
        2
 70
     0
 43
0.16625
 10
30.28977756858513
 20
-6.334100582454993
 10
30.97140256843704
 20
-6.334100582454993
  0
LWPOLYLINE
  5
1F4FE
330
1F05C
100
AcDbEntity
  8
0
 62
   134
420
    39591
100
AcDbPolyline
 90
        2
 70
     0
 43
0.083125
 10
30.97140256843704
 20
-6.284225582603539
 10
31.03790256851062
 20
-6.284225582603539
  0
LWPOLYLINE
  5
1F4FF
330
1F05C
100
AcDbEntity
  8
0
 62
   134
420
    39591
100
AcDbPolyline
 90
        2
 70
     0
 43
0.16625
 10
32.11852756873123
 20
-6.334100582454993
 10
32.86665256865672
 20
-6.334100582454993
  0
LWPOLYLINE
  5
1F500
330
1F05C
100
AcDbEntity
  8
0
 62
   134
420
    39591
100
AcDbPolyline
 90
        2
 70
     0
 43
0.083125
 10
34.52915256866254
 20
-6.284225582603539
 10
34.62890256875835
 20
-6.284225582603539
  0
LWPOLYLINE
  5
1F501
330
1F05C
100
AcDbEntity
  8
0
 62
   134
420
    39591
100
AcDbPolyline
 90
        2
 70
     0
 43
0.16625
 10
34.71202756883577
 20
-6.334100582454993
 10
35.27727756858804
 20
-6.334100582454993
  0
LWPOLYLINE
  5
1F502
330
1F05C
100
AcDbEntity
  8
0
 62
   134
420
    39591
100
AcDbPolyline
 90
        2
 70
     0
 43
1.329999999999999
 10
-30.72397243134037
 20
-6.982475582481129
 10
-28.72897243141779
 20
-6.982475582481129
  0
LWPOLYLINE
  5
1F503
330
1F05C
100
AcDbEntity
  8
0
 62
   134
420
    39591
100
AcDbPolyline
 90
        2
 70
     0
 43
0.083125
 10
-14.16547243139939
 20
-6.367350582484505
 10
-13.6667224313278
 20
-6.367350582484505
  0
LWPOLYLINE
  5
1F504
330
1F05C
100
AcDbEntity
  8
0
 62
   134
420
    39591
100
AcDbPolyline
 90
        2
 70
     0
 43
0.083125
 10
-10.77397243134328
 20
-6.367350582484505
 10
-10.27522243125713
 20
-6.367350582484505
  0
LWPOLYLINE
  5
1F505
330
1F05C
100
AcDbEntity
  8
0
 62
   134
420
    39591
100
AcDbPolyline
 90
        2
 70
     0
 43
0.083125
 10
-7.266097431551315
 20
-6.367350582484505
 10
-6.86709743157553
 20
-6.367350582484505
  0
LWPOLYLINE
  5
1F506
330
1F05C
100
AcDbEntity
  8
0
 62
   134
420
    39591
100
AcDbPolyline
 90
        2
 70
     0
 43
0.083125
 10
-6.700847431420697
 20
-6.367350582484505
 10
-6.617722431343281
 20
-6.367350582484505
  0
LWPOLYLINE
  5
1F507
330
1F05C
100
AcDbEntity
  8
0
 62
   134
420
    39591
100
AcDbPolyline
 90
        2
 70
     0
 43
0.083125
 10
7.929152568656718
 20
-6.367350582484505
 10
8.261652568588033
 20
-6.367350582484505
  0
LWPOLYLINE
  5
1F508
330
1F05C
100
AcDbEntity
  8
0
 62
   134
420
    39591
100
AcDbPolyline
 90
        2
 70
     0
 43
0.083125
 10
13.84765256875835
 20
-6.367350582484505
 10
14.26327756875252
 20
-6.367350582484505
  0
LWPOLYLINE
  5
1F509
330
1F05C
100
AcDbEntity
  8
0
 62
   134
420
    39591
100
AcDbPolyline
 90
        2
 70
     0
 43
0.083125
 10
14.42952756851446
 20
-6.367350582484505
 10
14.49602756858803
 20
-6.367350582484505
  0
LWPOLYLINE
  5
1F50A
330
1F05C
100
AcDbEntity
  8
0
 62
   134
420
    39591
100
AcDbPolyline
 90
        2
 70
     0
 43
0.083125
 10
22.06040256866254
 20
-6.367350582484505
 10
22.16015256875835
 20
-6.367350582484505
  0
LWPOLYLINE
  5
1F50B
330
1F05C
100
AcDbEntity
  8
0
 62
   134
420
    39591
100
AcDbPolyline
 90
        2
 70
     0
 43
0.083125
 10
25.71790256857639
 20
-6.367350582484505
 10
25.8176525686722
 20
-6.367350582484505
  0
LWPOLYLINE
  5
1F50C
330
1F05C
100
AcDbEntity
  8
0
 62
   134
420
    39591
100
AcDbPolyline
 90
        2
 70
     0
 43
0.083125
 10
25.98390256844869
 20
-6.367350582484505
 10
26.21665256866254
 20
-6.367350582484505
  0
LWPOLYLINE
  5
1F50D
330
1F05C
100
AcDbEntity
  8
0
 62
   134
420
    39591
100
AcDbPolyline
 90
        2
 70
     0
 43
0.083125
 10
30.2232775685261
 20
-6.367350582484505
 10
30.28977756858513
 20
-6.367350582484505
  0
LWPOLYLINE
  5
1F50E
330
1F05C
100
AcDbEntity
  8
0
 62
   134
420
    39591
100
AcDbPolyline
 90
        2
 70
     0
 43
0.083125
 10
-25.05484743148554
 20
-6.450475582561921
 10
-24.97172243140813
 20
-6.450475582561921
  0
LWPOLYLINE
  5
1F50F
330
1F05C
100
AcDbEntity
  8
0
 62
   134
420
    39591
100
AcDbPolyline
 90
        2
 70
     0
 43
0.083125
 10
-34.29834743119136
 20
-6.533600582450162
 10
-34.1985974314739
 20
-6.533600582450162
  0
LWPOLYLINE
  5
1F510
330
1F05C
100
AcDbEntity
  8
0
 62
   134
420
    39591
100
AcDbPolyline
 90
        2
 70
     0
 43
0.083125
 10
-34.03234743131907
 20
-6.616725582527578
 10
-33.96584743126005
 20
-6.616725582527578
  0
LWPOLYLINE
  5
1F511
330
1F05C
100
AcDbEntity
  8
0
 62
   134
420
    39591
100
AcDbPolyline
 90
        2
 70
     0
 43
0.083125
 10
-25.32084743134328
 20
-6.616725582527578
 10
-25.23772243126586
 20
-6.616725582527578
  0
LWPOLYLINE
  5
1F512
330
1F05C
100
AcDbEntity
  8
0
 62
   134
420
    39591
100
AcDbPolyline
 90
        2
 70
     0
 43
0.16625
 10
26.46602756889479
 20
-6.666600582575483
 10
26.46602756889479
 20
-6.899350582403712
  0
LWPOLYLINE
  5
1F513
330
1F05C
100
AcDbEntity
  8
0
 62
   134
420
    39591
100
AcDbPolyline
 90
        2
 70
     0
 43
0.083125
 10
26.59902756863449
 20
-6.666600582575483
 10
26.59902756863449
 20
-6.816225582515471
  0
LWPOLYLINE
  5
1F514
330
1F05C
100
AcDbEntity
  8
0
 62
   134
420
    39591
100
AcDbPolyline
 90
        2
 70
     0
 43
0.16625
 10
26.21665256866254
 20
-6.899350582403712
 10
26.39952756883577
 20
-6.899350582403712
  0
LWPOLYLINE
  5
1F515
330
1F05C
100
AcDbEntity
  8
0
 62
   134
420
    39591
100
AcDbPolyline
 90
        2
 70
     0
 43
0.083125
 10
25.38540256865963
 20
-6.949225582640792
 10
26.21665256866254
 20
-6.949225582640792
  0
LWPOLYLINE
  5
1F516
330
1F05C
100
AcDbEntity
  8
0
 62
   134
420
    39591
100
AcDbPolyline
 90
        2
 70
     0
 43
0.083125
 10
26.39952756883577
 20
-6.949225582640792
 10
26.46602756889479
 20
-6.949225582640792
  0
LWPOLYLINE
  5
1F517
330
1F05C
100
AcDbEntity
  8
0
 62
   134
420
    39591
100
AcDbPolyline
 90
        2
 70
     0
 43
0.083125
 10
25.48515256836254
 20
-7.032350582529033
 10
26.31640256875835
 20
-7.032350582529033
  0
LWPOLYLINE
  5
1F518
330
1F05C
100
AcDbEntity
  8
0
 62
   134
420
    39591
100
AcDbPolyline
 90
        2
 70
     0
 43
0.083125
 10
-32.53609743148263
 20
-7.281725582564831
 10
-32.38647243134619
 20
-7.281725582564831
  0
LWPOLYLINE
  5
1F519
330
1F05C
100
AcDbEntity
  8
0
 62
   134
420
    39591
100
AcDbPolyline
 90
        2
 70
     0
 43
0.083125
 10
-26.96672243133071
 20
-7.281725582564831
 10
-26.80047243117588
 20
-7.281725582564831
  0
LWPOLYLINE
  5
1F51A
330
1F05C
100
AcDbEntity
  8
0
 62
   134
420
    39591
100
AcDbPolyline
 90
        2
 70
     0
 43
0.083125
 10
-32.30334743126878
 20
-7.364850582642247
 10
-32.22022243119136
 20
-7.364850582642247
  0
LWPOLYLINE
  5
1F51B
330
1F05C
100
AcDbEntity
  8
0
 62
   134
420
    39591
100
AcDbPolyline
 90
        2
 70
     0
 43
0.083125
 10
-27.23272243118845
 20
-7.364850582642247
 10
-27.04984743140812
 20
-7.364850582642247
  0
LWPOLYLINE
  5
1F51C
330
1F05C
100
AcDbEntity
  8
0
 62
   134
420
    39591
100
AcDbPolyline
 90
        2
 70
     0
 43
0.083125
 10
-27.4820974314207
 20
-7.447975582523213
 10
-27.39897243134328
 20
-7.447975582523213
  0
LWPOLYLINE
  5
1F51D
330
1F05C
100
AcDbEntity
  8
0
 62
   134
420
    39591
100
AcDbPolyline
 90
        2
 70
     0
 43
0.083125
 10
-31.13959743133455
 20
-7.614225582678045
 10
-30.95672243117588
 20
-7.614225582678045
  0
LWPOLYLINE
  5
1F51E
330
1F05C
100
AcDbEntity
  8
0
 62
   134
420
    39591
100
AcDbPolyline
 90
        2
 70
     0
 43
0.083125
 10
-30.39147243142361
 20
-7.697350582566286
 10
-29.04484743133071
 20
-7.697350582566286
  0
ENDBLK
  5
1F51F
330
1F05C
100
AcDbEntity
  8
0
100
AcDbBlockEnd
  0
BLOCK
  5
1F697
330
1F696
100
AcDbEntity
  8
0
100
AcDbBlockBegin
  2
*D19
 70
     1
 10
0.0
 20
0.0
 30
0.0
  3
*D19
  1

  0
LINE
  5
1F744
330
1F696
100
AcDbEntity
  8
S0CO1
  6
ByBlock
 62
     1
440
 16777216
370
    -2
100
AcDbLine
 10
21319.50458839112
 20
14278.32774981526
 30
0.0
 11
21319.50458839112
 21
12794.51343048696
 31
0.0
  0
LINE
  5
1F745
330
1F696
100
AcDbEntity
  8
S0CO1
  6
ByBlock
 62
     1
440
 16777216
370
    -2
100
AcDbLine
 10
21069.50458839112
 20
12963.33224140515
 30
0.0
 11
21069.50458839112
 21
12794.51343048696
 31
0.0
  0
LINE
  5
1F746
330
1F696
100
AcDbEntity
  8
S0CO1
  6
ByBlock
 62
     1
440
 16777216
370
    -2
100
AcDbLine
 10
21419.50458839112
 20
12819.51343048695
 30
0.0
 11
21519.50458839112
 21
12819.51343048695
 31
0.0
  0
LINE
  5
1F747
330
1F696
100
AcDbEntity
  8
S0CO1
  6
ByBlock
 62
     1
440
 16777216
370
    -2
100
AcDbLine
 10
20969.50458839113
 20
12819.51343048695
 30
0.0
 11
20869.50458839112
 21
12819.51343048695
 31
0.0
  0
MTEXT
  5
1F748
330
1F696
100
AcDbEntity
  8
S0CO1
  6
ByBlock
 62
     2
440
 16777216
100
AcDbMText
 10
21603.6521501
 20
12918.68933877849
 30
0.0
 40
100.0
 41
0.0
 46
0.0
 71
     5
 72
     1
  1
\A1;250
  7
ROMANS
 73
     1
 44
1.0
  0
LINE
  5
1F749
330
1F696
100
AcDbEntity
  8
S0CO1
  6
ByBlock
 62
     1
440
 16777216
370
    -2
100
AcDbLine
 10
21319.50458839112
 20
12819.51343048695
 30
0.0
 11
21069.50458839112
 21
12819.51343048695
 31
0.0
  0
SOLID
  5
1F74A
330
1F696
100
AcDbEntity
  8
S0CO1
  6
ByBlock
 62
     1
440
 16777216
100
AcDbTrace
 10
21419.50458839112
 20
12836.18009715362
 30
0.0
 11
21419.50458839112
 21
12802.84676382029
 31
0.0
 12
21319.50458839112
 22
12819.51343048695
 32
0.0
 13
21319.50458839112
 23
12819.51343048695
 33
0.0
  0
SOLID
  5
1F74B
330
1F696
100
AcDbEntity
  8
S0CO1
  6
ByBlock
 62
     1
440
 16777216
100
AcDbTrace
 10
20969.50458839113
 20
12836.18009715362
 30
0.0
 11
20969.50458839113
 21
12802.84676382029
 31
0.0
 12
21069.50458839112
 22
12819.51343048695
 32
0.0
 13
21069.50458839112
 23
12819.51343048695
 33
0.0
  0
POINT
  5
1F74C
330
1F696
100
AcDbEntity
  8
DEFPOINTS
  6
ByBlock
 62
     0
440
 16777216
100
AcDbPoint
 10
21319.50458839112
 20
14328.32774981526
 30
0.0
  0
POINT
  5
1F74D
330
1F696
100
AcDbEntity
  8
DEFPOINTS
  6
ByBlock
 62
     0
440
 16777216
100
AcDbPoint
 10
21069.50458839112
 20
13013.33224140515
 30
0.0
  0
POINT
  5
1F74E
330
1F696
100
AcDbEntity
  8
DEFPOINTS
  6
ByBlock
 62
     0
440
 16777216
100
AcDbPoint
 10
21069.50458839112
 20
12819.51343048695
 30
0.0
  0
ENDBLK
  5
1F698
330
1F696
100
AcDbEntity
  8
0
100
AcDbBlockEnd
  0
BLOCK
  5
1F6A5
330
1F6A4
100
AcDbEntity
  8
0
100
AcDbBlockBegin
  2
*D20
 70
     1
 10
0.0
 20
0.0
 30
0.0
  3
*D20
  1

  0
LINE
  5
1F765
330
1F6A4
100
AcDbEntity
  8
S0CO1
  6
ByBlock
 62
     1
440
 16777216
370
    -2
100
AcDbLine
 10
15819.50458839112
 20
14378.32774981523
 30
0.0
 11
15819.50458839112
 21
12794.51343048695
 31
0.0
  0
LINE
  5
1F766
330
1F6A4
100
AcDbEntity
  8
S0CO1
  6
ByBlock
 62
     1
440
 16777216
370
    -2
100
AcDbLine
 10
16069.50458839112
 20
12790.32295742664
 30
0.0
 11
16069.50458839112
 21
12794.51343048695
 31
0.0
  0
LINE
  5
1F767
330
1F6A4
100
AcDbEntity
  8
S0CO1
  6
ByBlock
 62
     1
440
 16777216
370
    -2
100
AcDbLine
 10
15719.50458839112
 20
12819.51343048695
 30
0.0
 11
15619.50458839112
 21
12819.51343048695
 31
0.0
  0
LINE
  5
1F768
330
1F6A4
100
AcDbEntity
  8
S0CO1
  6
ByBlock
 62
     1
440
 16777216
370
    -2
100
AcDbLine
 10
16169.50458839112
 20
12819.51343048695
 30
0.0
 11
16269.50458839112
 21
12819.51343048695
 31
0.0
  0
MTEXT
  5
1F769
330
1F6A4
100
AcDbEntity
  8
S0CO1
  6
ByBlock
 62
     2
440
 16777216
100
AcDbMText
 10
15545.19706358762
 20
12941.15382375137
 30
0.0
 40
100.0
 41
0.0
 46
0.0
 71
     5
 72
     1
  1
\A1;250
  7
ROMANS
 73
     1
 44
1.0
  0
LINE
  5
1F76A
330
1F6A4
100
AcDbEntity
  8
S0CO1
  6
ByBlock
 62
     1
440
 16777216
370
    -2
100
AcDbLine
 10
15819.50458839112
 20
12819.51343048695
 30
0.0
 11
16069.50458839112
 21
12819.51343048695
 31
0.0
  0
SOLID
  5
1F76B
330
1F6A4
100
AcDbEntity
  8
S0CO1
  6
ByBlock
 62
     1
440
 16777216
100
AcDbTrace
 10
15719.50458839112
 20
12836.18009715362
 30
0.0
 11
15719.50458839112
 21
12802.84676382029
 31
0.0
 12
15819.50458839112
 22
12819.51343048695
 32
0.0
 13
15819.50458839112
 23
12819.51343048695
 33
0.0
  0
SOLID
  5
1F76C
330
1F6A4
100
AcDbEntity
  8
S0CO1
  6
ByBlock
 62
     1
440
 16777216
100
AcDbTrace
 10
16169.50458839112
 20
12836.18009715362
 30
0.0
 11
16169.50458839112
 21
12802.84676382029
 31
0.0
 12
16069.50458839112
 22
12819.51343048695
 32
0.0
 13
16069.50458839112
 23
12819.51343048695
 33
0.0
  0
POINT
  5
1F76D
330
1F6A4
100
AcDbEntity
  8
DEFPOINTS
  6
ByBlock
 62
     0
440
 16777216
100
AcDbPoint
 10
15819.50458839112
 20
14428.32774981523
 30
0.0
  0
POINT
  5
1F76E
330
1F6A4
100
AcDbEntity
  8
DEFPOINTS
  6
ByBlock
 62
     0
440
 16777216
100
AcDbPoint
 10
16069.50458839112
 20
12840.32295742663
 30
0.0
  0
POINT
  5
1F76F
330
1F6A4
100
AcDbEntity
  8
DEFPOINTS
  6
ByBlock
 62
     0
440
 16777216
100
AcDbPoint
 10
16069.50458839112
 20
12819.51343048695
 30
0.0
  0
ENDBLK
  5
1F6A6
330
1F6A4
100
AcDbEntity
  8
0
100
AcDbBlockEnd
  0
BLOCK
  5
2151E
330
2151D
100
AcDbEntity
  8
0
100
AcDbBlockBegin
  2
PILC
 70
     0
 10
0.0
 20
0.0
 30
0.0
  3
PILC
  1

  0
LINE
  5
2151F
330
2151D
100
AcDbEntity
  8
0
  6
ByBlock
 62
     1
100
AcDbLine
 10
0.0
 20
0.000000000001819
 30
0.0
 11
-249.9999999999982
 21
0.000000000001819
 31
0.0
  0
SOLID
  5
21520
330
2151D
100
AcDbEntity
  8
0
  6
ByBlock
 62
     1
100
AcDbTrace
 10
-125.0
 20
20.83333333333576
 30
0.0
 11
-125.0
 21
-20.83333333333212
 31
0.0
 12
0.0
 22
0.000000000001819
 32
0.0
 13
0.0
 23
0.000000000001819
 33
0.0
  0
ENDBLK
  5
21521
330
2151D
100
AcDbEntity
  8
0
100
AcDbBlockEnd
  0
BLOCK
  5
21523
330
21522
100
AcDbEntity
  8
0
100
AcDbBlockBegin
  2
PILB
 70
     0
 10
0.0
 20
0.0
 30
0.0
  3
PILB
  1

  0
LINE
  5
21524
330
21522
100
AcDbEntity
  8
0
 62
     1
100
AcDbLine
 10
0.0
 20
0.0
 30
0.0
 11
129.9038105676664
 21
-75.0
 31
0.0
  0
LINE
  5
21525
330
21522
100
AcDbEntity
  8
0
 62
     1
100
AcDbLine
 10
0.0
 20
0.000000000001819
 30
0.0
 11
129.9038105676664
 21
75.00000000000182
 31
0.0
  0
LINE
  5
21526
330
21522
100
AcDbEntity
  8
0
  6
ByBlock
 62
     1
100
AcDbLine
 10
0.0
 20
0.000000000001819
 30
0.0
 11
249.9999999999982
 21
0.000000000001819
 31
0.0
  0
ENDBLK
  5
21527
330
21522
100
AcDbEntity
  8
0
100
AcDbBlockEnd
  0
BLOCK
  5
2152B
330
21528
100
AcDbEntity
  8
0
100
AcDbBlockBegin
  2
$REV
 70
     2
 10
0.0
 20
0.0
 30
0.0
  3
$REV
  1

  0
LWPOLYLINE
  5
2152C
330
21528
100
AcDbEntity
  8
0
100
AcDbPolyline
 90
        3
 70
     1
 43
0.0
 10
0.0000000000004547
 20
0.0
 10
10.00000000000045
 20
0.0
 10
5.000000000000454
 20
8.660254037844083
  0
ATTDEF
  5
2152D
330
21528
100
AcDbEntity
  8
0
100
AcDbText
 10
3.750000000000454
 20
1.636751345948027
 30
0.0
 40
2.5
  1
C
  7
ROMANS
 72
     4
 11
5.000000000000454
 21
2.886751345948027
 31
0.0
100
AcDbAttributeDefinition
280
     0
  3
REV NR
  2
REV
 70
     0
280
     0
  0
ENDBLK
  5
2152E
330
21528
100
AcDbEntity
  8
0
100
AcDbBlockEnd
  0
BLOCK
  5
219BF
330
219BD
100
AcDbEntity
  8
0
100
AcDbBlockBegin
  2
A$Ce4b58fa5
 70
     0
 10
0.0
 20
0.0
 30
0.0
  3
A$Ce4b58fa5
  1

  0
HATCH
  5
219C0
330
219BD
100
AcDbEntity
  8
Layer 1
 62
   142
420
    37299
100
AcDbHatch
 10
0.0
 20
0.0
 30
0.0
210
0.0
220
0.0
230
-1.0
  2
SOLID
 70
     1
 71
     0
 91
        1
 92
        2
 72
     0
 73
     1
 93
      321
 10
-25.66318892000968
 20
13.37653401988047
 10
-25.65437992315913
 20
13.11979206084268
 10
-25.63764806199262
 20
12.8651332004539
 10
-25.61311344831995
 20
12.61267813457262
 10
-25.58089619395133
 20
12.36254755905728
 10
-25.54111641069676
 20
12.11486216976632
 10
-25.49389421036603
 20
11.86974266255824
 10
-25.43934970476926
 20
11.6273097332914
 10
-25.37760300571648
 20
11.38768407782428
 10
-25.30877422501766
 20
11.15098639201534
 10
-25.23298347448275
 20
10.91733737172306
 10
-25.15035086592178
 20
10.68685771280581
 10
-25.06099651114482
 20
10.45966811112211
 10
-24.96504052196184
 20
10.23588926253035
 10
-24.86260301018271
 20
10.01564186288899
 10
-24.7538040876176
 20
9.799046608056503
 10
-24.63876386607637
 20
9.586224193891311
 10
-24.5176024573691
 20
9.377295316251846
 10
-24.39043997330577
 20
9.17238067099656
 10
-24.25739652569621
 20
8.971600953983941
 10
-24.1185922263507
 20
8.775076861072445
 10
-23.97414718707913
 20
8.582929088120451
 10
-23.82418151969142
 20
8.395278330986457
 10
-23.66881533599775
 20
8.212245285528862
 10
-23.50816874780793
 20
8.033950647606147
 10
-23.34236186693187
 20
7.860515113076747
 10
-23.17151480517992
 20
7.692059377799171
 10
-22.99574767436178
 20
7.528704137631731
 10
-22.81518058628751
 20
7.370570088433012
 10
-22.62993365276725
 20
7.217777926061366
 10
-22.44012698561076
 20
7.070448346375293
 10
-22.24588069662823
 20
6.928702045233226
 10
-22.04731489762952
 20
6.792659718493588
 10
-19.96408368455911
 20
10.40166365383931
 10
-20.02648715685712
 20
10.42232985442927
 10
-20.08833618466147
 20
10.4441914112566
 10
-20.14961706248883
 20
10.46723461041442
 10
-20.21031608485623
 20
10.49144573799589
 10
-20.27041954628055
 20
10.51681108009418
 10
-20.32991374127874
 20
10.54331692280241
 10
-20.38878496436769
 20
10.57094955221365
 10
-20.44701951006434
 20
10.59969525442114
 10
-20.50460367288557
 20
10.62954031551792
 10
-20.56152374734819
 20
10.66047102159717
 10
-20.61776602796943
 20
10.69247365875205
 10
-20.67331680926577
 20
10.72553451307566
 10
-20.72816238575445
 20
10.75963987066114
 10
-20.78228905195221
 20
10.79477601760161
 10
-20.83568310237609
 20
10.83092923999025
 10
-20.88833083154293
 20
10.86808582392016
 10
-20.94021853396967
 20
10.9062320554845
 10
-20.99133250417316
 20
10.94535422077639
 10
-21.0416590366703
 20
10.98543860588897
 10
-21.09118442597816
 20
11.02647149691536
 10
-21.13989496661341
 20
11.06843917994875
 10
-21.18777695309319
 20
11.1113279410822
 10
-21.23481667993428
 20
11.1551240664089
 10
-21.28100044165365
 20
11.19981384202198
 10
-21.32631453276818
 20
11.24538355401452
 10
-21.37074524779484
 20
11.29181948847975
 10
-21.41427888125043
 20
11.33910793151069
 10
-21.45690172765188
 20
11.38723516920057
 10
-21.49860008151614
 20
11.43618748764251
 10
-21.53936023736028
 20
11.48595117292966
 10
-21.57916848970086
 20
11.53651251115506
 10
-21.61801113305512
 20
11.587857788412
 10
-21.65587446193982
 20
11.63997329079342
 10
-21.69274477087185
 20
11.69284530439263
 10
-21.72860835436825
 20
11.7464601153027
 10
-21.76345150694567
 20
11.80080400961676
 10
-21.7972605231214
 20
11.85586327342796
 10
-21.83002169741195
 20
11.91162419282943
 10
-21.86172132433464
 20
11.96807305391429
 10
-21.89234569840599
 20
12.0251961427757
 10
-21.9218811141431
 20
12.08297974550678
 10
-21.95031386606297
 20
12.14141014820067
 10
-21.97763024868243
 20
12.20047363695054
 10
-22.0038165565183
 20
12.26015649784944
 10
-22.0288590840876
 20
12.32044501699055
 10
-22.05274412590723
 20
12.38132548046706
 10
-22.07545797649396
 20
12.44278417437204
 10
-22.09698693036495
 20
12.50480738479867
 10
-22.11731728203694
 20
12.56738139784005
 10
-22.13643532602686
 20
12.6304924995893
 10
-22.15432735685169
 20
12.69412697613962
 10
-22.17097966902827
 20
12.75827111358406
 10
-22.18637855707354
 20
12.82291119801585
 10
-22.20051031550438
 20
12.88803351552806
 10
-22.21336123883782
 20
12.95362435221383
 10
-22.22491762159064
 20
13.01966999416636
 10
-22.23516575827978
 20
13.08615672747868
 10
-22.24409194342218
 20
13.15307083824404
 10
-22.25168247153465
 20
13.22039861255548
 10
-22.25792363713424
 20
13.28812633650616
 10
-22.26280173473794
 20
13.35624029618929
 10
-22.26630305886243
 20
13.4247267776979
 10
-22.26841390402467
 20
13.49357206712518
 10
-22.26912056474168
 20
13.56276245056426
 10
-22.26829846413429
 20
13.63756761559655
 10
-22.26583312075058
 20
13.71198748835935
 10
-22.26172597224831
 20
13.78599331569818
 10
-22.25597845628517
 20
13.85955634445863
 10
-22.24859201051882
 20
13.93264782148623
 10
-22.23956807260714
 20
14.00523899362661
 10
-22.22890808020779
 20
14.07730110772519
 10
-22.21661347097836
 20
14.14880541062771
 10
-22.2028796348647
 20
14.22137143639358
 10
-22.18757975987927
 20
14.29337074141651
 10
-22.17073228566693
 20
14.36478489166731
 10
-22.15235565187277
 20
14.43559545311679
 10
-22.13246829814187
 20
14.50578399173578
 10
-22.11108866411928
 20
14.57533207349507
 10
-22.0882351894499
 20
14.64422126436545
 10
-22.06392631377892
 20
14.71243313031775
 10
-22.03818047675148
 20
14.77994923732281
 10
-22.01101611801241
 20
14.84675115135143
 10
-21.9824516772068
 20
14.91282043837436
 10
-21.95250559397976
 20
14.97813866436245
 10
-21.92119630797626
 20
15.04268739528655
 10
-21.88854225884137
 20
15.1064481971174
 10
-21.85456188622021
 20
15.16940263582585
 10
-21.81927362975762
 20
15.23153227738274
 10
-21.78269592909876
 20
15.29281868775878
 10
-21.74484722388866
 20
15.35324343292488
 10
-21.70574595377252
 20
15.41278807885181
 10
-21.66541055839514
 20
15.47143419151038
 10
-21.62385947740177
 20
15.52916333687138
 10
-21.5811111504371
 20
15.58595708090567
 10
-21.53718401714653
 20
15.64179698958404
 10
-21.49209651717496
 20
15.6966646288773
 10
-21.44586709016744
 20
15.75054156475621
 10
-21.3985141757691
 20
15.80340936319163
 10
-21.35005621362484
 20
15.85524959015437
 10
-21.30051164337974
 20
15.90604381161527
 10
-21.24989890467881
 20
15.95577359354507
 10
-21.19823643716722
 20
16.00442050191461
 10
-21.14554268048983
 20
16.0519661026947
 10
-21.09183607429179
 20
16.09839196185617
 10
-21.03713505821821
 20
16.1436796453698
 10
-20.98145807191406
 20
16.18781071920638
 10
-20.92482355502429
 20
16.23076674933682
 10
-20.86724994719407
 20
16.27252930173183
 10
-20.80875568806835
 20
16.31307994236224
 10
-20.74935921729229
 20
16.3524002371989
 10
-20.68907897451078
 20
16.39047175221258
 10
-20.62793339936897
 20
16.42727605337407
 10
-20.5659409315117
 20
16.46279470665426
 10
-20.50312001058427
 20
16.49700927802389
 10
-20.43948907623178
 20
16.52990133345381
 10
-20.37506656809893
 20
16.56145243891481
 10
-20.30987092583103
 20
16.59164416037769
 10
-20.24392058907307
 20
16.62045806381328
 10
-20.17723399746992
 20
16.64787571519239
 10
-20.10982959066689
 20
16.67387868048583
 10
-20.0417258083088
 20
16.69844852566439
 10
-19.97294109004076
 20
16.72156681669888
 10
-19.90349387550788
 20
16.74321511956015
 10
-19.83340260435514
 20
16.76337500021896
 10
-19.76268571622756
 20
16.78202802464615
 10
-19.69136165077026
 20
16.7991557588125
 10
-19.61944884762823
 20
16.8147397686889
 10
-19.5469657464464
 20
16.82876162024606
 10
-19.47393078686997
 20
16.84120287945481
 10
-19.40036240854397
 20
16.85204511228604
 10
-19.32627905111346
 20
16.86126988471047
 10
-19.2516991542233
 20
16.86885876269895
 10
-19.17664115751864
 20
16.87479331222228
 10
-19.1011235006446
 20
16.87905509925131
 10
-19.02516462324621
 20
16.88162568975678
 10
-18.94878296496836
 20
16.88248664970952
 10
-12.51789078022344
 20
16.88248664970952
 10
-13.33457237644336
 20
15.46724872061347
 10
-16.28821908075318
 20
10.35050604145783
 10
-10.15421279999685
 20
10.35050604145783
 10
-10.08134865259652
 20
10.5262315737995
 10
-10.01253977821568
 20
10.70400810458895
 10
-9.947841886091111
 20
10.88377902605325
 10
-9.887310685459368
 20
11.06548773041975
 10
-9.831001885557384
 20
11.24907760991549
 10
-9.77897119562175
 20
11.43449205676773
 10
-9.731274324889255
 20
11.6216744632037
 10
-9.687966982596549
 20
11.81056822145052
 10
-9.649104877980448
 20
12.00111672373544
 10
-9.614743720277743
 20
12.19326336228564
 10
-9.584939218725139
 20
12.3869515293283
 10
-9.559747082559084
 20
12.58212461709066
 10
-9.539223021016766
 20
12.77872601779981
 10
-9.523422743334606
 20
12.97669912368308
 10
-9.512401958749393
 20
13.17598732696753
 10
-9.506216376497718
 20
13.37653401988047
 10
-9.512305735831318
 20
13.58293123187805
 10
-9.523152905463035
 20
13.78805037177661
 10
-9.538702237930692
 20
13.99183357946865
 10
-9.558898085771915
 20
14.19422299484669
 10
-9.583684801524213
 20
14.39516075780332
 10
-9.613006737725328
 20
14.59458900823103
 10
-9.646808246912769
 20
14.79244988602234
 10
-9.685033681624389
 20
14.98868553106985
 10
-9.727627394397529
 20
15.18323808326608
 10
-9.774533737770013
 20
15.37604968250357
 10
-9.825697064279353
 20
15.56706246867484
 10
-9.881061726463229
 20
15.75621858167243
 10
-9.940572076859325
 20
15.94346016138886
 10
-10.00417246800521
 20
16.12872934771672
 10
-10.07180725243842
 20
16.31196828054849
 10
-10.14342078269669
 20
16.49311909977674
 10
-10.2189574113176
 20
16.67212394529399
 10
-10.2983614908388
 20
16.84892495699286
 10
-10.38157737379794
 20
17.02346427476578
 10
-10.46854941273261
 20
17.19568403850533
 10
-10.55922196018036
 20
17.36552638810405
 10
-10.65353936867899
 20
17.53293346345446
 10
-10.751445990766
 20
17.69784740444912
 10
-10.85288617897913
 20
17.86021035098053
 10
-10.95780428585584
 20
18.01996444294129
 10
-11.06614466393378
 20
18.17705182022391
 10
-11.17785166575072
 20
18.33141462272088
 10
-11.29286964384414
 20
18.48299499032483
 10
-11.41114295075181
 20
18.63173506292826
 10
-11.53261593901123
 20
18.77757698042362
 10
-11.6572329611601
 20
18.92046288270358
 10
-11.78493836973595
 20
19.06033490966063
 10
-11.91567651727644
 20
19.19713520118728
 10
-12.04939175631932
 20
19.33080589717609
 10
-12.18602843940215
 20
19.46128913751959
 10
-12.32553091906237
 20
19.58852706211032
 10
-12.4678435478379
 20
19.71246181084085
 10
-12.61291067826616
 20
19.83303552360369
 10
-12.76067666288492
 20
19.95019034029135
 10
-12.91108585423163
 20
20.0638684007964
 10
-13.06408260484406
 20
20.17401184501139
 10
-13.21961126725975
 20
20.28056281282883
 10
-13.37761619401647
 20
20.38346344414126
 10
-13.53804173765167
 20
20.48265587884124
 10
-13.70083225070303
 20
20.57808225682128
 10
-13.86593208570821
 20
20.66968471797396
 10
-14.03328559520486
 20
20.75740540219175
 10
-14.20283713173052
 20
20.84118644936726
 10
-14.37453104782287
 20
20.920969999393
 10
-14.54831169601957
 20
20.99669819216145
 10
-14.72412342885809
 20
21.06831316756527
 10
-14.90191059887624
 20
21.1357570654969
 10
-15.08161755861152
 20
21.19897202584891
 10
-15.26318866060171
 20
21.25790018851386
 10
-15.44656825738437
 20
21.3124836933842
 10
-15.63170070149695
 20
21.36266468035259
 10
-15.8185303454772
 20
21.40838528931148
 10
-16.00700154186296
 20
21.44958766015347
 10
-16.1970586431915
 20
21.486213932771
 10
-16.38864600200063
 20
21.51820624705675
 10
-16.58170797082795
 20
21.54550674290314
 10
-16.77618890221106
 20
21.56805756020275
 10
-16.97203314868764
 20
21.5858008388481
 10
-17.16918506279538
 20
21.59867871873177
 10
-17.3760237545824
 20
21.60689828714799
 10
-17.58470264825374
 20
21.6093518896603
 10
-17.79338154192504
 20
21.60689828714799
 10
-18.00022023371221
 20
21.59867871873177
 10
-18.19737214781989
 20
21.5858008388481
 10
-18.39321639429641
 20
21.56805756020275
 10
-18.58769732567958
 20
21.54550674290314
 10
-18.78075929450691
 20
21.51820624705675
 10
-18.97234665331609
 20
21.486213932771
 10
-19.16240375464457
 20
21.44958766015347
 10
-19.35087495103025
 20
21.40838528931148
 10
-19.53770459501055
 20
21.36266468035259
 10
-19.72283703912316
 20
21.3124836933842
 10
-19.90621663590576
 20
21.25790018851386
 10
-20.0877877378959
 20
21.19897202584891
 10
-20.26749469763129
 20
21.1357570654969
 10
-20.44528186764944
 20
21.06831316756527
 10
-20.62109360048802
 20
20.99669819216145
 10
-20.79487424868466
 20
20.920969999393
 10
-20.9665681647771
 20
20.84118644936726
 10
-21.13611970130268
 20
20.75740540219175
 10
-21.30347321079932
 20
20.66968471797396
 10
-21.4685730458045
 20
20.57808225682128
 10
-21.63136355885587
 20
20.48265587884124
 10
-21.79178910249112
 20
20.38346344414126
 10
-21.9497940292477
 20
20.28056281282883
 10
-22.10532269166348
 20
20.17401184501139
 10
-22.25831944227591
 20
20.0638684007964
 10
-22.4087286336227
 20
19.95019034029135
 10
-22.55649461824132
 20
19.83303552360369
 10
-22.70156174866969
 20
19.71246181084085
 10
-22.84387437744511
 20
19.58852706211032
 10
-22.98337685710547
 20
19.46128913751959
 10
-23.12001354018821
 20
19.33080589717609
 10
-23.25372877923109
 20
19.19713520118728
 10
-23.38446692677164
 20
19.06033490966063
 10
-23.51217233534752
 20
18.92046288270358
 10
-23.6367893574963
 20
18.77757698042362
 10
-23.75826234575578
 20
18.63173506292826
 10
-23.87653565266339
 20
18.48299499032483
 10
-23.99155363075687
 20
18.33141462272091
 10
-24.10326063257375
 20
18.17705182022391
 10
-24.21160101065178
 20
18.01996444294129
 10
-24.31651911752846
 20
17.86021035098053
 10
-24.41795930574148
 20
17.69784740444912
 10
-24.51586592782851
 20
17.53293346345446
 10
-24.61018333632711
 20
17.36552638810405
 10
-24.70085588377498
 20
17.19568403850533
 10
-24.7878279227096
 20
17.02346427476578
 10
-24.87104380566873
 20
16.84892495699286
 10
-24.95044788518993
 20
16.67212394529403
 10
-25.02598451381084
 20
16.49311909977674
 10
-25.09759804406917
 20
16.31196828054849
 10
-25.16523282850233
 20
16.12872934771672
 10
-25.22883321964821
 20
15.94346016138886
 10
-25.28834357004431
 20
15.75621858167243
 10
-25.3437082322281
 20
15.56706246867484
 10
-25.39487155873747
 20
15.37604968250357
 10
-25.44177790210995
 20
15.18323808326608
 10
-25.48437161488315
 20
14.98868553106985
 10
-25.52259704959465
 20
14.79244988602234
 10
-25.55639855878221
 20
14.59458900823103
 10
-25.58572049498327
 20
14.39516075780332
 10
-25.61050721073562
 20
14.19422299484669
 10
-25.63070305857684
 20
13.99183357946865
 10
-25.6462523910445
 20
13.78805037177661
 10
-25.65709956067621
 20
13.58293123187805
 97
        0
 75
     0
 76
     1
 98
        0
450
        0
451
        0
460
0.0
461
0.0
452
        1
462
0.0
453
        0
470

  0
HATCH
  5
219C1
330
219BD
100
AcDbEntity
  8
Layer 1
 62
   142
420
    37299
100
AcDbHatch
 10
0.0
 20
0.0
 30
0.0
210
0.0
220
0.0
230
1.0
  2
SOLID
 70
     1
 71
     0
 91
        1
 92
        2
 72
     0
 73
     1
 93
      148
 10
94.62069381925404
 20
10.86413092337063
 10
94.71216718791572
 20
10.86577512458543
 10
94.82675809274807
 20
10.87079782144705
 10
94.95838236627138
 20
10.87933415378138
 10
95.10095584100577
 20
10.8915192614142
 10
95.24839434947168
 20
10.90748828417154
 10
95.39461372418916
 20
10.92737636187919
 10
95.46536493405492
 20
10.93883227753495
 10
95.53352979767858
 20
10.95131863436299
 10
95.59834779412545
 20
10.96485232484157
 10
95.65905840246038
 20
10.9794502414489
 10
95.65905840246038
 20
12.17938455009041
 10
95.56016264658932
 20
12.16366328368052
 10
95.46924732873332
 20
12.15091509343984
 10
95.38347019957589
 20
12.14086969971662
 10
95.29998900980059
 20
12.13325682285911
 10
95.215961510091
 20
12.12780618321558
 10
95.12854545113043
 20
12.12424750113424
 10
94.93217865819085
 20
12.12172489105128
 10
94.9021595487841
 20
12.12210251206905
 10
94.87270773012914
 20
12.12325788345105
 10
94.84384849601648
 20
12.12522476769034
 10
94.81560714023661
 20
12.12803692727999
 10
94.80172607103108
 20
12.12977053611024
 10
94.7880089565803
 20
12.13172812471304
 10
94.77445895860787
 20
12.13391391339994
 10
94.76107923883784
 20
12.1363321224826
 10
94.74787295899391
 20
12.13898697227267
 10
94.73484328079987
 20
12.14188268308172
 10
94.72199336597965
 20
12.14502347522149
 10
94.7093263762569
 20
12.14841356900349
 10
94.69684547335573
 20
12.15205718473943
 10
94.68455381899973
 20
12.15595854274092
 10
94.67245457491261
 20
12.16012186331962
 10
94.66055090281853
 20
12.16455136678711
 10
94.64884596444104
 20
12.16925127345508
 10
94.63734292150402
 20
12.17422580363515
 10
94.62604493573135
 20
12.17947917763894
 10
94.61495516884676
 20
12.18501561577808
 10
94.60407678257409
 20
12.19083933836419
 10
94.59341293863733
 20
12.19695456570895
 10
94.5829667987601
 20
12.20336551812398
 10
94.57274152466618
 20
12.21007641592085
 10
94.56274027807953
 20
12.21709147941126
 10
94.55296622072394
 20
12.22441492890684
 10
94.54342251432324
 20
12.23205098471918
 10
94.53411232060116
 20
12.24000386715999
 10
94.5250388012815
 20
12.24827779654084
 10
94.51620511808828
 20
12.25687699317338
 10
94.50761443274508
 20
12.2658056773692
 10
94.49926990697582
 20
12.27506806944003
 10
94.49117470250453
 20
12.2846683896974
 10
94.48333198105469
 20
12.29461085845303
 10
94.47574490435021
 20
12.30489969601851
 10
94.46841663411497
 20
12.31553912270546
 10
94.46135033207271
 20
12.32653335882554
 10
94.45454915994744
 20
12.3378866246904
 10
94.44801627946288
 20
12.34960314061162
 10
94.44175485234275
 20
12.36168712690088
 10
94.4357680403108
 20
12.37414280386978
 10
94.43005900509117
 20
12.38697439182999
 10
94.42463090840744
 20
12.40018611109312
 10
94.41948691198339
 20
12.41378218197078
 10
94.41463017754299
 20
12.42776682477466
 10
94.41006386681001
 20
12.44214425981633
 10
94.40579114150825
 20
12.45691870740747
 10
94.40181516336156
 20
12.47209438785966
 10
94.39813909409371
 20
12.48767552148462
 10
94.39476609542849
 20
12.50366632859393
 10
94.39169932908979
 20
12.52007102949924
 10
94.38894195680139
 20
12.53689384451214
 10
94.38649714028718
 20
12.5541389939443
 10
94.38436804127098
 20
12.57181069810737
 10
94.38255782147638
 20
12.58991317731294
 10
94.38106964262752
 20
12.60845065187267
 10
94.37990666644795
 20
12.6274273420982
 10
94.37907205466173
 20
12.64684746830114
 10
94.37840057116405
 20
12.68703490988581
 10
94.37840057116405
 20
15.74471436071717
 10
95.65905840246038
 20
15.74471436071717
 10
95.65905840246038
 20
16.86392514670395
 10
94.37840057116405
 20
16.86392514670395
 10
94.37840057116405
 20
18.65235601792125
 10
92.97076880985613
 20
18.65235601792125
 10
92.97076880985613
 20
16.86392514670395
 10
92.17457479461398
 20
16.86392514670395
 10
92.17457479461398
 20
15.74471436071717
 10
92.97076880985613
 20
15.74471436071717
 10
92.97076880985613
 20
12.35248620733336
 10
92.97130739378429
 20
12.30371390638241
 10
92.97291452523801
 20
12.25583365800836
 10
92.97557727372177
 20
12.20884149461292
 10
92.97928270873985
 20
12.16273344859761
 10
92.98401789979628
 20
12.1175055523641
 10
92.98976991639563
 20
12.07315383831407
 10
92.99652582804197
 20
12.02967433884917
 10
93.00427270423973
 20
11.98706308637096
 10
93.0129976144931
 20
11.94531611328115
 10
93.02268762830642
 20
11.90442945198135
 10
93.03332981518389
 20
11.86439913487323
 10
93.04491124462987
 20
11.82522119435835
 10
93.05741898614858
 20
11.78689166283842
 10
93.0708401092442
 20
11.74940657271503
 10
93.08516168342116
 20
11.7127619563899
 10
93.10037077818376
 20
11.67695384626457
 10
93.11645446303613
 20
11.64197827474071
 10
93.13339980748267
 20
11.60783127422
 10
93.15119388102758
 20
11.57450887710402
 10
93.16982375317525
 20
11.54200711579441
 10
93.18927649342983
 20
11.5103220226929
 10
93.20953917129566
 20
11.47944963020103
 10
93.23059885627698
 20
11.44938597072048
 10
93.25244261787815
 20
11.42012707665283
 10
93.27505752560332
 20
11.39166898039982
 10
93.29843064895685
 20
11.36400771436298
 10
93.32254905744305
 20
11.33713931094407
 10
93.34739982056609
 20
11.31105980254459
 10
93.37297000783031
 20
11.28576522156628
 10
93.39924668873996
 20
11.26125160041075
 10
93.42621693279943
 20
11.23751497147962
 10
93.45386780951278
 20
11.21455136717455
 10
93.48218638838458
 20
11.19235681989717
 10
93.51115973891879
 20
11.17092736204914
 10
93.54077493061991
 20
11.15025902603206
 10
93.5710190329922
 20
11.13034784424755
 10
93.6018791155398
 20
11.11118984909733
 10
93.63334224776703
 20
11.092781072983
 10
93.66539549917831
 20
11.07511754830614
 10
93.69802593927783
 20
11.05819530746847
 10
93.73122063756987
 20
11.04201038287158
 10
93.7649666635586
 20
11.02655880691713
 10
93.79925108674836
 20
11.01183661200674
 10
93.83406097664353
 20
10.99783983054209
 10
93.86938340274831
 20
10.98456449492476
 10
93.90520543456693
 20
10.97200663755643
 10
93.94151414160376
 20
10.96016229083871
 10
93.97829659336302
 20
10.94902748717331
 10
94.01553985934897
 20
10.93859825896174
 10
94.05323100906604
 20
10.92887063860571
 10
94.09135711201825
 20
10.9198406585069
 10
94.12990523771011
 20
10.91150435106689
 10
94.16886245564572
 20
10.90385774868734
 10
94.20821583532946
 20
10.89689688376987
 10
94.24795244626569
 20
10.89061778871614
 10
94.28805935795844
 20
10.88501649592778
 10
94.36933236163113
 20
10.8758314467537
 10
94.45193140238183
 20
10.86930999546073
 10
94.53575303624473
 20
10.86542040126204
 97
        0
 75
     0
 76
     1
 98
        0
450
        0
451
        0
460
0.0
461
0.0
452
        1
462
0.0
453
        0
470

1001
ACAD
1010
0.0
1020
0.0
1030
0.0
  0
HATCH
  5
219C2
330
219BD
100
AcDbEntity
  8
Layer 1
 62
   142
420
    37299
100
AcDbHatch
 10
0.0
 20
0.0
 30
0.0
210
0.0
220
0.0
230
1.0
  2
SOLID
 70
     1
 71
     0
 91
        1
 92
        2
 72
     0
 73
     1
 93
      148
 10
90.8937942831921
 20
10.87554017505285
 10
90.96402943383798
 20
10.87646782369802
 10
91.03605770307778
 20
10.87917169845877
 10
91.10950709697576
 20
10.88353319257304
 10
91.18400562159644
 20
10.88943369927876
 10
91.33466208726352
 20
10.90537732341634
 10
91.48505114859416
 20
10.92605371677489
 10
91.632196854104
 20
10.9505140252579
 10
91.77312325230817
 20
10.97780939476877
 10
91.90485439172206
 20
11.00699097121099
 10
92.02441432086109
 20
11.03710990048797
 10
92.02441432086109
 20
12.11019295924347
 10
91.70144355516367
 20
12.07848014677197
 10
91.62743988431129
 20
12.07257904104218
 10
91.55072910396842
 20
12.06802933357113
 10
91.46860985527521
 20
12.06510130401053
 10
91.37838077937182
 20
12.06406523201221
 10
91.3607163332276
 20
12.06422514007862
 10
91.3434209720082
 20
12.06470222295618
 10
91.32649178670352
 20
12.06549251866237
 10
91.30992586830265
 20
12.06659206521473
 10
91.29372030779512
 20
12.06799690063067
 10
91.27787219617065
 20
12.0697030629277
 10
91.26237862441831
 20
12.07170659012339
 10
91.24723668352778
 20
12.0740035202351
 10
91.2324434644884
 20
12.07658989128045
 10
91.21799605828968
 20
12.07946174127678
 10
91.20389155592116
 20
12.08261510824173
 10
91.19012704837206
 20
12.08604603019272
 10
91.17669962663216
 20
12.08975054514716
 10
91.16360638169068
 20
12.09372469112268
 10
91.15084440453712
 20
12.0979645061367
 10
91.13841078616076
 20
12.10246602820672
 10
91.12630261755141
 20
12.10722529535019
 10
91.1145169896983
 20
12.11223834558464
 10
91.10305099359095
 20
12.11750121692755
 10
91.09190172021873
 20
12.12300994739639
 10
91.0810662605712
 20
12.12876057500867
 10
91.07054170563779
 20
12.13474913778193
 10
91.06032514640784
 20
12.14097167373358
 10
91.05041367387089
 20
12.14742422088111
 10
91.04080437901655
 20
12.154102817242
 10
91.03149435283397
 20
12.16100350083383
 10
91.02248068631279
 20
12.168122309674
 10
91.01376047044244
 20
12.17545528178004
 10
91.00533079621234
 20
12.18299845516942
 10
90.99718875461196
 20
12.19074786785963
 10
90.98933143663074
 20
12.19869955786817
 10
90.98175593325811
 20
12.2068495632125
 10
90.97445933548362
 20
12.21519392191012
 10
90.96743873429666
 20
12.22372867197856
 10
90.96069122068666
 20
12.2324498514353
 10
90.95421388564316
 20
12.24135349829775
 10
90.94800382015543
 20
12.25043565058349
 10
90.94205811521311
 20
12.25969234630994
 10
90.93637386180567
 20
12.26911962349467
 10
90.93094815092237
 20
12.27871352015509
 10
90.92577807355279
 20
12.28847007430875
 10
90.92086072068632
 20
12.29838532397306
 10
90.91619318331259
 20
12.30845530716561
 10
90.91177255242081
 20
12.31867606190376
 10
90.90759591900051
 20
12.32904362620513
 10
90.9036603740413
 20
12.33955403808714
 10
90.89996300853245
 20
12.35020333556732
 10
90.89650091346355
 20
12.36098755666308
 10
90.89327117982387
 20
12.37190273939198
 10
90.89027089860294
 20
12.38294492177152
 10
90.88749716079037
 20
12.39411014181911
 10
90.88494705737543
 20
12.40539443755227
 10
90.88261767934756
 20
12.41679384698856
 10
90.8805061176964
 20
12.42830440814537
 10
90.87860946341123
 20
12.43992215904022
 10
90.87692480748152
 20
12.45164313769063
 10
90.87544924089689
 20
12.46346338211409
 10
90.87417985464655
 20
12.47537893032803
 10
90.87224798710694
 20
12.49948009019743
 10
90.87110593277831
 20
12.52391492143878
 10
90.87073041957649
 20
12.54865172819194
 10
90.87073041957649
 20
19.18307024133228
 10
89.46309865826853
 20
19.18307024133228
 10
89.46309865826853
 20
12.53711979638411
 10
89.46382802995284
 20
12.43100046938617
 10
89.46731195383261
 20
12.31335076804289
 10
89.47069428323343
 20
12.25099442349405
 10
89.47549414314805
 20
12.1867063611616
 10
89.48195449773168
 20
12.12080353964649
 10
89.49031831113945
 20
12.05360291754957
 10
89.50082854752604
 20
11.9854214534718
 10
89.51372817104681
 20
11.91657610601407
 10
89.52114992928086
 20
11.88200352558052
 10
89.52926014585662
 20
11.84738383377729
 10
89.53808919129333
 20
11.81275665042954
 10
89.54766743611054
 20
11.77816159536236
 10
89.5580252508275
 20
11.74363828840088
 10
89.56919300596352
 20
11.70922634937018
 10
89.5812010720382
 20
11.67496539809542
 10
89.59407981957083
 20
11.64089505440169
 10
89.60785961908056
 20
11.6070549381141
 10
89.62257084108715
 20
11.57348466905776
 10
89.63824385610976
 20
11.54022386705782
 10
89.65490903466777
 20
11.50731215193937
 10
89.6725967472806
 20
11.47478914352751
 10
89.69133736446762
 20
11.44269446164731
 10
89.71116125674823
 20
11.41106772612402
 10
89.73209879464169
 20
11.37994855678261
 10
89.75418034866756
 20
11.34937657344827
 10
89.7774362893451
 20
11.31939139594614
 10
89.78951414546559
 20
11.30463124057744
 10
89.80189698719378
 20
11.29003264410122
 10
89.81458861084451
 20
11.27560055899564
 10
89.82759281273281
 20
11.26133993773875
 10
89.84091338917357
 20
11.24725573280875
 10
89.8545541364818
 20
11.23335289668377
 10
89.86851885097227
 20
11.21963638184192
 10
89.88281132895991
 20
11.20611114076141
 10
89.89743536675968
 20
11.19278212592031
 10
89.91239476068662
 20
11.1796542897968
 10
89.9276933070555
 20
11.16673258486897
 10
89.9433348021814
 20
11.15402196361501
 10
89.95932304237907
 20
11.14152737851306
 10
89.97566182396335
 20
11.12925378204121
 10
89.99235494324944
 20
11.11720612667764
 10
90.00940619655219
 20
11.10538936490045
 10
90.02681938018637
 20
11.09380844918785
 10
90.04459829046707
 20
11.08246833201794
 10
90.06274672370913
 20
11.07137396586885
 10
90.08126847622746
 20
11.06053030321871
 10
90.10016734433701
 20
11.04994229654565
 10
90.11944712435271
 20
11.03961489832788
 10
90.13911161258945
 20
11.02955306104347
 10
90.1591646053621
 20
11.01976173717056
 10
90.17960989898584
 20
11.01024587918735
 10
90.20045128977534
 20
11.00101043957192
 10
90.2216925740454
 20
10.99206037080245
 10
90.24333754811136
 20
10.98340062535705
 10
90.2653900082878
 20
10.97503615571389
 10
90.28785375088988
 20
10.96697191435103
 10
90.31073257223232
 20
10.9592128537467
 10
90.33403026863
 20
10.951763926379
 10
90.38189747185141
 20
10.93781628126607
 10
90.43148573107332
 20
10.92516859883737
 10
90.4828254168151
 20
10.91386049891796
 10
90.53594689959608
 20
10.90393160133302
 10
90.59088054993573
 20
10.89542152590758
 10
90.64765673835349
 20
10.88836989246684
 10
90.70630583536857
 20
10.88281632083592
 10
90.76685821150043
 20
10.87880043083984
 10
90.82934423726841
 20
10.8763618423038
 97
        0
 75
     0
 76
     1
 98
        0
450
        0
451
        0
460
0.0
461
0.0
452
        1
462
0.0
453
        0
470

1001
ACAD
1010
0.0
1020
0.0
1030
0.0
  0
HATCH
  5
219C3
330
219BD
100
AcDbEntity
  8
Layer 1
 62
   142
420
    37299
100
AcDbHatch
 10
0.0
 20
0.0
 30
0.0
210
0.0
220
0.0
230
1.0
  2
SOLID
 70
     1
 71
     0
 91
        1
 92
        2
 72
     0
 73
     1
 93
      224
 10
85.00944205806266
 20
10.841067059755
 10
85.0709491025683
 20
10.84187826186858
 10
85.13215551936623
 20
10.84431332084262
 10
85.19302952274271
 20
10.84837441562708
 10
85.25353932698406
 20
10.854063725172
 10
85.31365314637662
 20
10.86138342842729
 10
85.37333919520664
 20
10.87033570434301
 10
85.43256568776051
 20
10.88092273186915
 10
85.49130083832441
 20
10.89314668995559
 10
85.54951286118477
 20
10.90700975755242
 10
85.60716997062771
 20
10.92251411360959
 10
85.66424038093972
 20
10.9396619370771
 10
85.72069230640691
 20
10.95845540690489
 10
85.77649396131581
 20
10.97889670204299
 10
85.8316135599526
 20
11.00098800144135
 10
85.88601931660351
 20
11.02473148405
 10
85.93967944555501
 20
11.05012932881889
 10
85.99256216109329
 20
11.07718371469799
 10
86.04463567750457
 20
11.10589682063736
 10
86.09586820907544
 20
11.13627082558689
 10
86.14622797009193
 20
11.16830790849664
 10
86.19568317484041
 20
11.20201024831658
 10
86.24420203760712
 20
11.23738002399665
 10
86.29175277267862
 20
11.27441941448688
 10
86.33830359434083
 20
11.31313059873723
 10
86.3838227168804
 20
11.35351575569765
 10
86.42827835458346
 20
11.39557706431822
 10
86.47163872173623
 20
11.43931670354887
 10
86.51387203262524
 20
11.48473685233957
 10
86.55494650153661
 20
11.53183968964035
 10
86.59483034275666
 20
11.58062739440117
 10
86.63349177057188
 20
11.63110214557201
 10
86.67089899926828
 20
11.68326612210285
 10
86.70561747481741
 20
11.68326612210285
 10
86.70561747481741
 20
10.95638637783324
 10
88.06699882876841
 20
10.95638637783324
 10
88.06699882876841
 20
16.86392514670395
 10
86.65936706746043
 20
16.86392514670395
 10
86.65936706746043
 20
13.56407512790833
 10
86.65808569136935
 20
13.47148029262584
 10
86.65425424743046
 20
13.38192122886729
 10
86.64789176214496
 20
13.29539162441669
 10
86.63901726201446
 20
13.21188516705823
 10
86.63364395216397
 20
13.17126364597096
 10
86.62764977354029
 20
13.13139554457581
 10
86.62103710445602
 20
13.09228007384568
 10
86.61380832322388
 20
13.0539164447536
 10
86.60596580815651
 20
13.01630386827258
 10
86.59751193756671
 20
12.9794415553756
 10
86.588449089767
 20
12.94332871703577
 10
86.57877964307003
 20
12.90796456422598
 10
86.56850597578872
 20
12.87334830791927
 10
86.55763046623548
 20
12.8394791590887
 10
86.54615549272312
 20
12.8063563287072
 10
86.5340834335643
 20
12.77397902774786
 10
86.52141666707171
 20
12.74234646718364
 10
86.50815757155795
 20
12.71145785798754
 10
86.49430852533585
 20
12.68131241113257
 10
86.47987190671798
 20
12.65190933759174
 10
86.46485009401695
 20
12.62324784833811
 10
86.44924546554554
 20
12.59532715434461
 10
86.43306039961641
 20
12.56814646658432
 10
86.41629727454228
 20
12.5417049960302
 10
86.39895846863572
 20
12.51600195365523
 10
86.38104636020953
 20
12.49103655043251
 10
86.36256332757618
 20
12.46680799733499
 10
86.34351174904857
 20
12.44331550533565
 10
86.32389400293936
 20
12.42055828540756
 10
86.30371246756114
 20
12.39853554852371
 10
86.28296952122644
 20
12.37724650565708
 10
86.26166754224829
 20
12.35669036778069
 10
86.23980890893916
 20
12.33686634586752
 10
86.21739599961172
 20
12.31777365089068
 10
86.19443119257871
 20
12.29941149382306
 10
86.17091686615271
 20
12.28177908563778
 10
86.14685539864654
 20
12.26487563730773
 10
86.12224916837266
 20
12.248700359806
 10
86.09710055364399
 20
12.23325246410553
 10
86.07141193277305
 20
12.21853116117943
 10
86.04518568407263
 20
12.20453566200063
 10
86.01842418585524
 20
12.19126517754213
 10
85.99112981643378
 20
12.17871891877697
 10
85.96330495412072
 20
12.16689609667817
 10
85.93495197722893
 20
12.15579592221875
 10
85.90607326407086
 20
12.14541760637164
 10
85.87667119295938
 20
12.13576036010992
 10
85.84674814220711
 20
12.12682339440654
 10
85.81630649012669
 20
12.11860592023457
 10
85.78534861503081
 20
12.11110714856699
 10
85.75387689523212
 20
12.10432629037684
 10
85.72189370904343
 20
12.09826255663703
 10
85.68940143477716
 20
12.09291515832068
 10
85.65640245074632
 20
12.08828330640075
 10
85.62289913526331
 20
12.0843662118502
 10
85.58889386664096
 20
12.08116308564215
 10
85.55438902319181
 20
12.07867313874952
 10
85.51938698322876
 20
12.07689558214537
 10
85.48389012506424
 20
12.07582962680266
 10
85.44790082701103
 20
12.07547448369441
 10
85.41460574726377
 20
12.07582082816892
 10
85.381785423092
 20
12.07685897803193
 10
85.34944144097357
 20
12.0785876079428
 10
85.31757538738613
 20
12.08100539256078
 10
85.28618884880751
 20
12.08411100654513
 10
85.25528341171545
 20
12.08790312455514
 10
85.22486066258775
 20
12.09238042125015
 10
85.1949221879021
 20
12.09754157128939
 10
85.16546957413632
 20
12.10338524933222
 10
85.13650440776808
 20
12.10991013003787
 10
85.10802827527527
 20
12.11711488806561
 10
85.08004276313563
 20
12.1249981980748
 10
85.0525494578269
 20
12.13355873472463
 10
85.02554994582661
 20
12.14279517267449
 10
84.99904581361295
 20
12.15270618658363
 10
84.97303864766335
 20
12.16329045111129
 10
84.94753003445564
 20
12.17454664091678
 10
84.92252156046774
 20
12.18647343065946
 10
84.89801481217716
 20
12.19906949499849
 10
84.87401137606182
 20
12.21233350859328
 10
84.85051283859954
 20
12.22626414610304
 10
84.82752078626786
 20
12.2408600821871
 10
84.80503680554472
 20
12.25611999150471
 10
84.78306248290778
 20
12.27204254871516
 10
84.76159940483496
 20
12.28862642847778
 10
84.7406491578037
 20
12.30587030545182
 10
84.72021332829211
 20
12.32377285429659
 10
84.7002935027778
 20
12.34233274967136
 10
84.68089126773849
 20
12.36154866623544
 10
84.66200820965195
 20
12.38141927864806
 10
84.64364591499608
 20
12.40194326156861
 10
84.62580597024844
 20
12.42311928965626
 10
84.60848996188698
 20
12.44494603757041
 10
84.59169947638926
 20
12.46742217997025
 10
84.57543610023313
 20
12.49054639151512
 10
84.55970141989642
 20
12.51431734686426
 10
84.54449702185687
 20
12.53873372067703
 10
84.52982449259209
 20
12.56379418761269
 10
84.51568541857993
 20
12.58949742233049
 10
84.50208138629824
 20
12.61584209948981
 10
84.48901398222472
 20
12.6428268937498
 10
84.4764847928371
 20
12.67045047976982
 10
84.46449540461312
 20
12.6987115322092
 10
84.45304740403065
 20
12.72760872572715
 10
84.4421423775673
 20
12.75714073498303
 10
84.43178191170103
 20
12.78730623463611
 10
84.42196759290936
 20
12.81810389934561
 10
84.41270100767017
 20
12.8495324037709
 10
84.40398374246129
 20
12.88159042257119
 10
84.39581738376032
 20
12.91427663040586
 10
84.38820351804521
 20
12.94758970193412
 10
84.38114373179351
 20
12.9815283118153
 10
84.37463961148315
 20
13.01609113470864
 10
84.36869274359175
 20
13.0512768452735
 10
84.36330471459717
 20
13.08708411816913
 10
84.35847711097716
 20
13.12351162805478
 10
84.35050952577189
 20
13.19822205743342
 10
84.34480267979781
 20
13.27539753068377
 10
84.34136926487729
 20
13.35502744508009
 10
84.34022197283209
 20
13.43710119789667
 10
84.34022197283209
 20
16.86392514670395
 10
82.93259021152422
 20
16.86392514670395
 10
82.93259021152422
 20
13.0910205635364
 10
82.93478238122117
 20
12.96172353214583
 10
82.93751664194497
 20
12.89828482367515
 10
82.94133772978767
 20
12.83566215162934
 10
82.94624167715097
 20
12.77386263971473
 10
82.9522245164366
 20
12.71289341163759
 10
82.9592822800461
 20
12.65276159110433
 10
82.9674110003811
 20
12.59347430182121
 10
82.97660670984345
 20
12.53503866749463
 10
82.98686544083437
 20
12.47746181183085
 10
82.99818322575601
 20
12.42075085853627
 10
83.01055609700965
 20
12.36491293131714
 10
83.02398008699702
 20
12.30995515387985
 10
83.03845122811972
 20
12.25588464993073
 10
83.05396555277951
 20
12.20270854317605
 10
83.07051909337783
 20
12.15043395732221
 10
83.08810788231655
 20
12.09906801607549
 10
83.10672795199721
 20
12.04861784314225
 10
83.12637533482137
 20
11.99909056222882
 10
83.14704606319077
 20
11.95049329704153
 10
83.16873616950696
 20
11.90283317128668
 10
83.19144168617166
 20
11.85611730867062
 10
83.21515864558662
 20
11.8103528328997
 10
83.23988308015312
 20
11.76554686768019
 10
83.26561102227312
 20
11.72170653671847
 10
83.29233850434807
 20
11.67883896372091
 10
83.32006155877973
 20
11.63695127239373
 10
83.34877621796975
 20
11.59605058644334
 10
83.37847851431972
 20
11.55614402957606
 10
83.4091644802312
 20
11.51723872549819
 10
83.44083014810593
 20
11.47934179791608
 10
83.47347155034558
 20
11.44246037053605
 10
83.50708471935167
 20
11.40660156706448
 10
83.54166568752598
 20
11.3717725112076
 10
83.57721048726997
 20
11.33798032667185
 10
83.61371515098538
 20
11.30523213716345
 10
83.65117571107388
 20
11.27353506638883
 10
83.689588199937
 20
11.24289623805426
 10
83.72894864997659
 20
11.21332277586606
 10
83.76925309359396
 20
11.18482180353063
 10
83.81049756319111
 20
11.15740044475423
 10
83.85267809116943
 20
11.13106582324322
 10
83.89579070993061
 20
11.10582506270391
 10
83.93983145187631
 20
11.08168528684268
 10
83.98479634940825
 20
11.05865361936581
 10
84.03068143492786
 20
11.03673718397965
 10
84.07748274083706
 20
11.01594310439051
 10
84.1251962995372
 20
10.99627850430477
 10
84.17381814343009
 20
10.97775050742865
 10
84.22334430491735
 20
10.96036623746861
 10
84.27377081640051
 20
10.94413281813093
 10
84.32509371028144
 20
10.92905737312189
 10
84.37730901896157
 20
10.9151470261479
 10
84.43041277484258
 20
10.90240890091523
 10
84.48440101032613
 20
10.89085012113024
 10
84.53926975781383
 20
10.88047781049924
 10
84.59501504970734
 20
10.87129909272859
 10
84.65163291840831
 20
10.86332109152461
 10
84.70911939631852
 20
10.8565509305936
 10
84.76747051583933
 20
10.85099573364191
 10
84.82668230937253
 20
10.84666262437591
 10
84.88675080931969
 20
10.84355872650183
 10
84.94767204808253
 20
10.84169116372612
 97
        0
 75
     0
 76
     1
 98
        0
450
        0
451
        0
460
0.0
461
0.0
452
        1
462
0.0
453
        0
470

  0
HATCH
  5
219C4
330
219BD
100
AcDbEntity
  8
Layer 1
 62
   142
420
    37299
100
AcDbHatch
 10
0.0
 20
0.0
 30
0.0
210
0.0
220
0.0
230
1.0
  2
SOLID
 70
     1
 71
     0
 91
        1
 92
        2
 72
     0
 73
     1
 93
      636
 10
79.28665955836831
 20
10.82941244782158
 10
79.40072719697278
 20
10.83130759518686
 10
79.51558723207948
 20
10.83700148352185
 10
79.6309502227549
 20
10.84650678218525
 10
79.74652672806548
 20
10.85983616053564
 10
79.86202730707758
 20
10.87700228793179
 10
79.97716251885766
 20
10.89801783373234
 10
80.09164292247211
 20
10.92289546729599
 10
80.20517907698746
 20
10.95164785798134
 10
80.26150261054119
 20
10.96748104641926
 10
80.31748154147008
 20
10.98428767514714
 10
80.37307968965736
 20
11.00206932783479
 10
80.42826087498639
 20
11.02082758815208
 10
80.48298891734043
 20
11.04056403976879
 10
80.53722763660276
 20
11.06128026635477
 10
80.59094085265677
 20
11.08297785157987
 10
80.64409238538573
 20
11.10565837911391
 10
80.69664605467293
 20
11.12932343262674
 10
80.74856568040161
 20
11.15397459578819
 10
80.79981508245525
 20
11.1796134522681
 10
80.85035808071699
 20
11.2062415857363
 10
80.90015849507016
 20
11.23386057986261
 10
80.94918014539814
 20
11.26247201831688
 10
80.99738685158413
 20
11.29207748476892
 10
81.04474243351159
 20
11.32267856288859
 10
81.09121071106361
 20
11.35427683634573
 10
81.13675550412368
 20
11.38687388881017
 10
81.18134063257494
 20
11.42047130395171
 10
81.2249299163008
 20
11.45507066544022
 10
81.26748717518472
 20
11.49067355694554
 10
81.30897622910962
 20
11.52728156213749
 10
81.349360897959
 20
11.56489626468588
 10
81.38860500161632
 20
11.60351924826059
 10
81.42667235996471
 20
11.64315209653146
 10
81.46352679288737
 20
11.68379639316825
 10
81.4991321202679
 20
11.72545372184087
 10
81.53345216198934
 20
11.76812566621914
 10
81.56645073793518
 20
11.81181380997284
 10
81.59809166798849
 20
11.85651973677187
 10
81.62833877203283
 20
11.90224503028604
 10
81.65715586995135
 20
11.94899127418519
 10
81.68450678162741
 20
11.99676005213915
 10
81.71035532694427
 20
12.04555294781775
 10
81.73466532578533
 20
12.09537154489085
 10
81.75740059803379
 20
12.14621742702825
 10
81.77852496357299
 20
12.19809217789976
 10
81.79800224228619
 20
12.25099738117532
 10
81.81579625405682
 20
12.30493462052466
 10
81.83187081876807
 20
12.35990547961762
 10
81.8461897563032
 20
12.4159115421241
 10
81.85871688654573
 20
12.47295439171391
 10
81.86941602937872
 20
12.53103561205684
 10
81.87825100468559
 20
12.59015678682279
 10
81.88518563234957
 20
12.65031949968155
 10
81.89018373225417
 20
12.71152533430297
 10
81.89320912428241
 20
12.77377587435684
 10
81.89422562831778
 20
12.8370727035131
 10
81.89380362008584
 20
12.8784820109573
 10
81.89253988852895
 20
12.91941708790805
 10
81.89043787335551
 20
12.95987687296953
 10
81.88750101427411
 20
12.99986030474601
 10
81.88373275099289
 20
13.03936632184175
 10
81.87913652322048
 20
13.07839386286106
 10
81.87371577066521
 20
13.11694186640812
 10
81.86747393303546
 20
13.15500927108722
 10
81.86041445003978
 20
13.19259501550265
 10
81.85254076138637
 20
13.22969803825865
 10
81.84385630678388
 20
13.26631727795948
 10
81.83436452594055
 20
13.30245167320938
 10
81.82406885856494
 20
13.33810016261262
 10
81.81297274436543
 20
13.37326168477352
 10
81.80107962305024
 20
13.40793517829623
 10
81.78839293432815
 20
13.44211958178513
 10
81.77491611790728
 20
13.47581383384438
 10
81.76065261349615
 20
13.50901687307826
 10
81.74560586080316
 20
13.54172763809105
 10
81.72977929953686
 20
13.57394506748704
 10
81.71317636940548
 20
13.60566809987048
 10
81.69580051011742
 20
13.63689567384557
 10
81.6776551613813
 20
13.66762672801655
 10
81.65874376290537
 20
13.69786020098781
 10
81.63906975439807
 20
13.72759503136352
 10
81.61863657556787
 20
13.75683015774797
 10
81.59744766612325
 20
13.78556451874539
 10
81.57550646577242
 20
13.81379705296006
 10
81.55281641422392
 20
13.84152669899625
 10
81.52938095118624
 20
13.86875239545819
 10
81.50520351636769
 20
13.89547308095015
 10
81.48028754947667
 20
13.92168769407641
 10
81.45463649022163
 20
13.94739517344122
 10
81.4282537783111
 20
13.97259445764882
 10
81.40114285345324
 20
13.99728448530353
 10
81.37330715535673
 20
14.02146419500952
 10
81.34475012372991
 20
14.04513252537111
 10
81.31547519828121
 20
14.06828841499249
 10
81.2854858187188
 20
14.09093080247808
 10
81.25478542475146
 20
14.11305862643194
 10
81.22337745608746
 20
14.13467082545846
 10
81.19126535243507
 20
14.1557663381619
 10
81.15845255350299
 20
14.17634410314646
 10
81.12494249899945
 20
14.19640305901642
 10
81.09073862863292
 20
14.21594214437601
 10
81.05584438211179
 20
14.2349602978296
 10
81.02026319914445
 20
14.25345645798133
 10
80.98399851943939
 20
14.27142956343552
 10
80.94705378270504
 20
14.28887855279641
 10
80.90943242864966
 20
14.30580236466823
 10
80.87113789698193
 20
14.32219993765531
 10
80.83217362741001
 20
14.33807021036185
 10
80.75224963338758
 20
14.36822460935047
 10
80.66968796424992
 20
14.39625707046815
 10
80.58451613766418
 20
14.42215910254895
 10
80.4967616712978
 20
14.44592221442692
 10
80.40645208281823
 20
14.46753791493623
 10
80.31361488989254
 20
14.48699771291091
 10
79.42504274006212
 20
14.66009937015386
 10
78.99223492439988
 20
14.74228738680814
 10
78.8945512337932
 20
14.7640240527367
 10
78.8476938503412
 20
14.77548892380205
 10
78.80225804081544
 20
14.78745284180414
 10
78.758317754735
 20
14.79999182289506
 10
78.71594694161913
 20
14.81318188322685
 10
78.67521955098675
 20
14.82709903895157
 10
78.63620953235701
 20
14.84181930622127
 10
78.61737164676775
 20
14.84950436173302
 10
78.59899083524876
 20
14.85741870118798
 10
78.58107634149
 20
14.86557182660527
 10
78.56363740918147
 20
14.87397324000379
 10
78.54668328201274
 20
14.88263244340267
 10
78.53022320367386
 20
14.89155893882078
 10
78.51426641785472
 20
14.90076222827721
 10
78.49882216824514
 20
14.91025181379094
 10
78.48389969853514
 20
14.920037197381
 10
78.46950825241456
 20
14.93012788106633
 10
78.45565707357319
 20
14.94053336686604
 10
78.4489369730353
 20
14.94585712993971
 10
78.44235540570093
 20
14.95126315679906
 10
78.43591352703136
 20
14.95675263519653
 10
78.42961249248779
 20
14.96232675288441
 10
78.42345345753145
 20
14.96798669761519
 10
78.41743757762344
 20
14.97373365714113
 10
78.41156600822526
 20
14.97956881921468
 10
78.40583990479808
 20
14.9854933715882
 10
78.40026042280292
 20
14.99150850201406
 10
78.3948287177013
 20
14.99761539824463
 10
78.38954594495422
 20
15.00381524803227
 10
78.38441326002312
 20
15.0101092391294
 10
78.37943181836904
 20
15.01649855928835
 10
78.37460277545339
 20
15.02298439626156
 10
78.36992728673731
 20
15.02956793780133
 10
78.36540650768199
 20
15.03625037166008
 10
78.36104159374873
 20
15.04303288559019
 10
78.35683370039892
 20
15.04991666734403
 10
78.3527839830935
 20
15.05690290467393
 10
78.34889359729378
 20
15.06399278533234
 10
78.34516369846119
 20
15.0711874970716
 10
78.34159544205675
 20
15.07848822764404
 10
78.33818998354184
 20
15.08589616480213
 10
78.33494847837759
 20
15.09341249629819
 10
78.33187208202528
 20
15.10103840988455
 10
78.32896194994624
 20
15.10877509331368
 10
78.32621923760159
 20
15.11662373433791
 10
78.32364510045248
 20
15.12458552070962
 10
78.32124069396039
 20
15.13266164018123
 10
78.31900717358633
 20
15.14085328050502
 10
78.31694569479161
 20
15.14916162943343
 10
78.3150574130375
 20
15.15758787471883
 10
78.31334348378529
 20
15.16613320411361
 10
78.31180506249606
 20
15.17479880537007
 10
78.31044330463119
 20
15.1835858662407
 10
78.30925936565177
 20
15.19249557447774
 10
78.30825440101918
 20
15.20152911783375
 10
78.30742956619457
 20
15.21068768406092
 10
78.30678601663916
 20
15.21997246091174
 10
78.30632490781439
 20
15.22938463613852
 10
78.30604739518124
 20
15.2389253974937
 10
78.30595463420104
 20
15.24859593272961
 10
78.30624937509343
 20
15.26951191792498
 10
78.30712972844984
 20
15.29007377320513
 10
78.3085898902887
 20
15.310282290405
 10
78.31062405662859
 20
15.33013826135947
 10
78.31322642348798
 20
15.34964247790348
 10
78.31639118688554
 20
15.36879573187195
 10
78.32011254283962
 20
15.3875988150998
 10
78.32438468736885
 20
15.40605251942195
 10
78.32920181649175
 20
15.42415763667326
 10
78.33455812622685
 20
15.44191495868874
 10
78.34044781259267
 20
15.45932527730323
 10
78.34686507160771
 20
15.47638938435171
 10
78.35380409929067
 20
15.49310807166903
 10
78.36125909165992
 20
15.50948213109015
 10
78.36922424473394
 20
15.52551235444999
 10
78.37769375453138
 20
15.54119953358346
 10
78.3866618170708
 20
15.55654446032545
 10
78.39612262837063
 20
15.5715479265109
 10
78.40607038444945
 20
15.58621072397479
 10
78.41649928132581
 20
15.60053364455191
 10
78.42740351501821
 20
15.61451748007729
 10
78.4387772815453
 20
15.62816302238575
 10
78.45061477692542
 20
15.6414710633123
 10
78.46291019717717
 20
15.6544423946918
 10
78.47565773831914
 20
15.66707780835915
 10
78.48885159636987
 20
15.67937809614932
 10
78.50248596734776
 20
15.69134404989723
 10
78.51655504727148
 20
15.70297646143776
 10
78.53105303215949
 20
15.71427612260582
 10
78.54597411803031
 20
15.7252438252364
 10
78.56131250090257
 20
15.73588036116431
 10
78.57706237679463
 20
15.74618652222455
 10
78.59321794172527
 20
15.75616310025202
 10
78.60977339171291
 20
15.76581088708163
 10
78.62672292277593
 20
15.77513067454824
 10
78.64406073093306
 20
15.78412325448685
 10
78.6617810122027
 20
15.79278941873234
 10
78.67987796260357
 20
15.80112995911966
 10
78.69834577815391
 20
15.8091456674837
 10
78.71717865487252
 20
15.81683733565934
 10
78.73637078877777
 20
15.8242057554816
 10
78.75591637588829
 20
15.8312517187853
 10
78.77580961222259
 20
15.83797601740541
 10
78.79604469379913
 20
15.84437944317678
 10
78.81661581663657
 20
15.85046278793441
 10
78.83751717675334
 20
15.85622684351319
 10
78.85874297016801
 20
15.86167240174805
 10
78.88028739289913
 20
15.86680025447385
 10
78.92430891038471
 20
15.87610601073806
 10
78.96953529735833
 20
15.88415044698521
 10
79.01592012196832
 20
15.89093989789461
 10
79.06341695236292
 20
15.89648069814562
 10
79.11197935669044
 20
15.90077918241753
 10
79.16156090309903
 20
15.90384168538974
 10
79.21211515973704
 20
15.90567454174154
 10
79.26359569475266
 20
15.90628408615228
 10
79.31714908510608
 20
15.9057751927577
 10
79.36964532530229
 20
15.90424147404128
 10
79.42110982144902
 20
15.90167237220418
 10
79.47156797965362
 20
15.89805732944748
 10
79.52104520602373
 20
15.89338578797226
 10
79.56956690666697
 20
15.88764718997968
 10
79.6171584876908
 20
15.88083097767082
 10
79.66384535520287
 20
15.87292659324674
 10
79.70965291531067
 20
15.86392347890863
 10
79.75460657412178
 20
15.85381107685752
 10
79.79873173774385
 20
15.84257882929452
 10
79.84205381228419
 20
15.83021617842079
 10
79.88459820385057
 20
15.8167125664374
 10
79.92639031855045
 20
15.80205743554539
 10
79.96745556249145
 20
15.786240227946
 10
80.00781934178116
 20
15.76925038584021
 10
80.04750706252702
 20
15.75107735142917
 10
80.08654413083661
 20
15.73171056691398
 10
80.12495595281757
 20
15.71113947449577
 10
80.16276793457727
 20
15.68935351637564
 10
80.20000548222355
 20
15.66634213475463
 10
80.23669400186374
 20
15.6420947718339
 10
80.27285889960561
 20
15.61660086981456
 10
80.30852558155645
 20
15.58984987089772
 10
80.34371945382405
 20
15.56183121728444
 10
80.37846592251574
 20
15.53253435117583
 10
80.41279039373931
 20
15.50194871477299
 10
80.44671827360218
 20
15.47006375027705
 10
80.48027496821195
 20
15.43686889988914
 10
80.51348588367613
 20
15.4023536058103
 10
80.54637642610225
 20
15.36650731024169
 10
80.57897200159812
 20
15.32931945538438
 10
81.59427272118888
 20
16.02160340423052
 10
81.54698279370141
 20
16.08630723043715
 10
81.52275252776943
 20
16.11770589363694
 10
81.49813100834277
 20
16.14847433205666
 10
81.47311744639418
 20
16.17861650206286
 10
81.44771105289693
 20
16.20813636002224
 10
81.42191103882387
 20
16.23703786230149
 10
81.39571661514809
 20
16.26532496526724
 10
81.36912699284254
 20
16.29300162528616
 10
81.34214138288017
 20
16.32007179872496
 10
81.31475899623417
 20
16.34653944195024
 10
81.2869790438774
 20
16.37240851132866
 10
81.25880073678299
 20
16.39768296322695
 10
81.23022328592375
 20
16.42236675401166
 10
81.2012459022728
 20
16.44646384004954
 10
81.17186779680327
 20
16.46997817770722
 10
81.14208818048794
 20
16.49291372335135
 10
81.11190626429999
 20
16.51527443334861
 10
81.0813212592124
 20
16.53706426406565
 10
81.05033237619815
 20
16.55828717186915
 10
81.01893882623016
 20
16.57894711312574
 10
80.98713982028156
 20
16.5990480442021
 10
80.95493456932535
 20
16.61859392146489
 10
80.92232228433449
 20
16.63758870128078
 10
80.88930217628201
 20
16.65603634001641
 10
80.85587345614088
 20
16.67394079403844
 10
80.78778702348492
 20
16.70813597340839
 10
80.71805667415054
 20
16.74020589032392
 10
80.6466760959219
 20
16.7701821957183
 10
80.573638976583
 20
16.79809654052486
 10
80.49893900391795
 20
16.82398057567682
 10
80.42256986571075
 20
16.84786595210749
 10
80.3445252497455
 20
16.86978432075019
 10
80.26479884380634
 20
16.88976733253815
 10
80.18338433567723
 20
16.90784663840474
 10
80.10027541314219
 20
16.92405388928319
 10
80.01546576398544
 20
16.93842073610677
 10
79.92894907599103
 20
16.95097882980881
 10
79.8407190369429
 20
16.9617598213226
 10
79.75076933462516
 20
16.97079536158138
 10
79.65909365682185
 20
16.97811710151847
 10
79.56568569131718
 20
16.98375669206714
 10
79.47053912589506
 20
16.98774578416071
 10
79.27500494643483
 20
16.9908990767156
 10
79.21618540040197
 20
16.99038415798143
 10
79.15764010723506
 20
16.98884204684446
 10
79.09938993262656
 20
16.98627671090308
 10
79.04145574226894
 20
16.98269211775569
 10
78.98385840185463
 20
16.97809223500053
 10
78.92661877707592
 20
16.97248103023609
 10
78.86975773362554
 20
16.96586247106064
 10
78.81329613719578
 20
16.95824052507262
 10
78.75725485347913
 20
16.94961915987031
 10
78.70165474816788
 20
16.94000234305214
 10
78.64651668695465
 20
16.92939404221646
 10
78.59186153553193
 20
16.91779822496158
 10
78.53771015959203
 20
16.90521885888595
 10
78.48408342482734
 20
16.89165991158785
 10
78.43100219693058
 20
16.87712535066568
 10
78.37848734159395
 20
16.86161914371776
 10
78.32655972451002
 20
16.84514525834252
 10
78.27524021137119
 20
16.82770766213831
 10
78.22454966786986
 20
16.80931032270346
 10
78.17450895969847
 20
16.78995720763631
 10
78.12513895254962
 20
16.76965228453528
 10
78.07646051211557
 20
16.74839952099873
 10
78.02849450408903
 20
16.72620288462499
 10
77.98126179416207
 20
16.70306634301238
 10
77.9347832480274
 20
16.67899386375936
 10
77.88907973137748
 20
16.65398941446422
 10
77.84417210990454
 20
16.62805696272537
 10
77.80008124930131
 20
16.60120047614116
 10
77.75682801525992
 20
16.57342392230988
 10
77.71443327347316
 20
16.54473126882997
 10
77.67291788963319
 20
16.51512648329978
 10
77.63230272943264
 20
16.48461353331767
 10
77.59260865856382
 20
16.453196386482
 10
77.55385654271934
 20
16.42087901039113
 10
77.51606724759152
 20
16.38766537264343
 10
77.4792616388728
 20
16.35355944083724
 10
77.44346058225563
 20
16.31856518257093
 10
77.40868494343257
 20
16.28268656544287
 10
77.37495558809588
 20
16.24592755705141
 10
77.34229338193822
 20
16.20829212499497
 10
77.31071919065192
 20
16.16978423687179
 10
77.28025387992942
 20
16.13040786028031
 10
77.25091831546311
 20
16.09016696281895
 10
77.2227333629456
 20
16.04906551208592
 10
77.19571988806926
 20
16.00710747567976
 10
77.16989875652642
 20
15.96429682119868
 10
77.1452908340097
 20
15.92063751624113
 10
77.12191698621142
 20
15.87613352840542
 10
77.09979807882415
 20
15.83078882528991
 10
77.07895497754023
 20
15.78460737449305
 10
77.05940854805213
 20
15.73759314361313
 10
77.04117965605234
 20
15.68975010024848
 10
77.02428916723326
 20
15.64108221199754
 10
77.00875794728725
 20
15.59159344645866
 10
76.99460686190699
 20
15.54128777123012
 10
76.9818567767848
 20
15.49016915391036
 10
76.97052855761305
 20
15.4382415620977
 10
76.96064307008433
 20
15.38550896339055
 10
76.95222117989101
 20
15.33197532538725
 10
76.94528375272549
 20
15.27764461568616
 10
76.93985165428023
 20
15.22252080188561
 10
76.93594575024775
 20
15.16660785158401
 10
76.93358690632056
 20
15.10990973237969
 10
76.93279598819088
 20
15.05243041187102
 10
76.93326801493103
 20
15.01108814691777
 10
76.93467916630686
 20
14.9703517283377
 10
76.93702204905115
 20
14.93021851387323
 10
76.94028926989663
 20
14.89068586126668
 10
76.94447343557633
 20
14.85175112826033
 10
76.94956715282294
 20
14.81341167259666
 10
76.95556302836952
 20
14.77566485201792
 10
76.96245366894874
 20
14.73850802426646
 10
76.9702316812935
 20
14.70193854708474
 10
76.97888967213657
 20
14.66595377821496
 10
76.98842024821093
 20
14.63055107539956
 10
76.99881601624942
 20
14.59572779638093
 10
77.01006958298474
 20
14.56148129890132
 10
77.02217355514988
 20
14.52780894070315
 10
77.03512053947761
 20
14.49470807952874
 10
77.04890314270077
 20
14.46217607312042
 10
77.06351397155231
 20
14.43021027922061
 10
77.07894563276505
 20
14.39880805557161
 10
77.09519073307167
 20
14.36796675991579
 10
77.11224187920521
 20
14.33768374999547
 10
77.13009167789853
 20
14.30795638355299
 10
77.14873273588425
 20
14.27878201833081
 10
77.16815765989548
 20
14.25015801207118
 10
77.18835905666491
 20
14.22208172251647
 10
77.20932953292543
 20
14.19455050740902
 10
77.23106169540992
 20
14.16756172449118
 10
77.25354815085118
 20
14.14111273150537
 10
77.2767815059821
 20
14.11520088619383
 10
77.30075436753549
 20
14.08982354629898
 10
77.32545934224418
 20
14.06497806956318
 10
77.35088903684105
 20
14.04066181372876
 10
77.37703605805899
 20
14.01687213653803
 10
77.40389301263076
 20
13.99360639573345
 10
77.43145250728926
 20
13.97086194905724
 10
77.45970714876732
 20
13.94863615425184
 10
77.48864954379779
 20
13.92692636905957
 10
77.51827229911353
 20
13.90572995122276
 10
77.54856802144733
 20
13.88504425848381
 10
77.57952931753215
 20
13.86486664858503
 10
77.61114879410074
 20
13.8451944792688
 10
77.64341905788601
 20
13.82602510827743
 10
77.67633271562073
 20
13.80735589335332
 10
77.70988237403784
 20
13.78918419223881
 10
77.74406063987012
 20
13.77150736267622
 10
77.77886011985046
 20
13.75432276240792
 10
77.81427342071165
 20
13.73762774917627
 10
77.88691191200815
 20
13.70569591479222
 10
77.96191696762225
 20
13.67569072146304
 10
78.03922944141698
 20
13.64759103112735
 10
78.11879018725488
 20
13.62137570572405
 10
78.20054005899883
 20
13.59702360719193
 10
78.2844199105117
 20
13.57451359746981
 10
78.37037059565609
 20
13.55382453849651
 10
78.45833296829496
 20
13.53493529221074
 10
78.54824788229092
 20
13.51782472055141
 10
79.32125535379174
 20
13.37944153885754
 10
79.59741047303797
 20
13.32835748662948
 10
79.71908912029376
 20
13.30259540903038
 10
79.83017276925956
 20
13.27592059848497
 10
79.88182059671693
 20
13.2620613796177
 10
79.93091462740176
 20
13.24775853102616
 10
79.97748651224731
 20
13.2329402372144
 10
80.02156790218673
 20
13.21753468268663
 10
80.06319044815347
 20
13.20147005194688
 10
80.08308954556367
 20
13.1931681406551
 10
80.10238580108072
 20
13.18467452949933
 10
80.12108317107118
 20
13.1759802415426
 10
80.13918561190179
 20
13.16707629984797
 10
80.15669707993913
 20
13.15795372747842
 10
80.17362153154996
 20
13.14860354749698
 10
80.18996292310085
 20
13.13901678296668
 10
80.2057252109585
 20
13.1291844569505
 10
80.22091235148963
 20
13.11909759251147
 10
80.23552830106083
 20
13.10874721271256
 10
80.24957701603876
 20
13.09812434061681
 10
80.26306245279007
 20
13.08721999928723
 10
80.27598856768156
 20
13.07602521178689
 10
80.28224311579426
 20
13.07031609542985
 10
80.28835931707957
 20
13.06453100117876
 10
80.29433766608329
 20
13.0586688069164
 10
80.30017865735111
 20
13.05272839052582
 10
80.30588278542897
 20
13.04670862988974
 10
80.31145054486264
 20
13.0406084028911
 10
80.31688243019805
 20
13.03442658741278
 10
80.32217893598094
 20
13.02816206133762
 10
80.32734055675717
 20
13.02181370254853
 10
80.3323677870726
 20
13.01538038892843
 10
80.33726112147297
 20
13.00886099836008
 10
80.34202105450424
 20
13.00225440872646
 10
80.34664808071218
 20
12.99555949791041
 10
80.35114269464255
 20
12.98877514379483
 10
80.35550539084136
 20
12.98190022426253
 10
80.35973666385435
 20
12.97493361719645
 10
80.36383700822723
 20
12.96787420047946
 10
80.36780691850607
 20
12.96072085199441
 10
80.37164688923644
 20
12.95347244962418
 10
80.37535741496451
 20
12.94612787125167
 10
80.37893899023572
 20
12.93868599475976
 10
80.38239210959622
 20
12.93114569803127
 10
80.38571726759162
 20
12.92350585894915
 10
80.38891495876788
 20
12.9157653553962
 10
80.39198567767082
 20
12.90792306525541
 10
80.39492991884626
 20
12.89997786640954
 10
80.39774817684007
 20
12.89192863674152
 10
80.40044094619799
 20
12.88377425413422
 10
80.40545199718966
 20
12.86714554163328
 10
80.40996702818802
 20
12.85008275196976
 10
80.41398999555964
 20
12.83257690820661
 10
80.41752485567119
 20
12.81461903340693
 10
80.42057556488943
 20
12.79620015063368
 10
80.42314607958088
 20
12.77731128294984
 10
80.42524035611233
 20
12.75794345341848
 10
80.42686235085035
 20
12.73808768510259
 10
80.42801602016171
 20
12.71773500106523
 10
80.42870532041289
 20
12.69687642436934
 10
80.42893420797071
 20
12.67550297807797
 10
80.42882675949412
 20
12.66312557752395
 10
80.42850555805964
 20
12.65087034067128
 10
80.42797231966073
 20
12.63873687090053
 10
80.42722876029065
 20
12.62672477159229
 10
80.4262765959427
 20
12.61483364612704
 10
80.42511754261031
 20
12.60306309788546
 10
80.42375331628663
 20
12.59141273024801
 10
80.42218563296501
 20
12.57988214659532
 10
80.42041620863884
 20
12.56847095030786
 10
80.41844675930132
 20
12.55717874476627
 10
80.41627900094587
 20
12.5460051333511
 10
80.41391464956577
 20
12.53494971944289
 10
80.41135542115423
 20
12.5240121064222
 10
80.40860303170473
 20
12.51319189766958
 10
80.40565919721045
 20
12.50248869656564
 10
80.40252563366474
 20
12.49190210649087
 10
80.39920405706091
 20
12.48143173082592
 10
80.39569618339234
 20
12.47107717295123
 10
80.39200372865225
 20
12.46083803624746
 10
80.38812840883389
 20
12.45071392409518
 10
80.38407193993082
 20
12.44070443987485
 10
80.37983603793612
 20
12.43080918696707
 10
80.37542241884322
 20
12.42102776875249
 10
80.3708327986453
 20
12.4113597886115
 10
80.36606889333587
 20
12.40180484992485
 10
80.36113241890797
 20
12.39236255607293
 10
80.35602509135525
 20
12.38303251043642
 10
80.35074862667073
 20
12.37381431639585
 10
80.34530474084785
 20
12.36470757733172
 10
80.33969514987999
 20
12.35571189662469
 10
80.33392156976029
 20
12.34682687765524
 10
80.32798571648214
 20
12.33805212380395
 10
80.32188930603892
 20
12.32938723845139
 10
80.31563405442375
 20
12.32083182497811
 10
80.30922167763019
 20
12.3123854867647
 10
80.30265389165149
 20
12.30404782719168
 10
80.29593241248075
 20
12.29581844963963
 10
80.28905895611154
 20
12.28769695748916
 10
80.27486297575055
 20
12.27177604291494
 10
80.26007967851509
 20
12.25628191051357
 10
80.24472279235153
 20
12.24121138732947
 10
80.22880604520635
 20
12.22656130040725
 10
80.21234316502606
 20
12.21232847679127
 10
80.19534787975716
 20
12.198509743526
 10
80.17783391734624
 20
12.185101927656
 10
80.15981500573969
 20
12.1721018562257
 10
80.14130487288396
 20
12.15950635627961
 10
80.12231724672565
 20
12.1473122548622
 10
80.10286585521116
 20
12.13551637901798
 10
80.08296442628694
 20
12.12411555579135
 10
80.06262668789966
 20
12.11310661222684
 10
80.04186636799571
 20
12.10248637536894
 10
80.02069719452141
 20
12.09225167226212
 10
79.99913289542364
 20
12.08239932995085
 10
79.97718719864856
 20
12.07292617547966
 10
79.95487383214278
 20
12.06382903589298
 10
79.93220652385272
 20
12.05510473823526
 10
79.90919900172499
 20
12.04675010955106
 10
79.88586499370595
 20
12.03876197688485
 10
79.83827243178025
 20
12.02387250778419
 10
79.7895386616474
 20
12.01041094728912
 10
79.73977350687944
 20
11.99835191175557
 10
79.68908679104821
 20
11.9876700175393
 10
79.63758833772565
 20
11.97833988099622
 10
79.58538797048366
 20
11.97033611848211
 10
79.53259551289429
 20
11.96363334635289
 10
79.47932078852943
 20
11.95820618096431
 10
79.42567362096079
 20
11.95402923867231
 10
79.37176383376059
 20
11.9510771358327
 10
79.31770125050057
 20
11.9493244888013
 10
79.26359569475266
 20
11.94874591393399
 10
79.20109703332099
 20
11.94958773366433
 10
79.13909672246067
 20
11.95210197613009
 10
79.07762012335251
 20
11.95627181624318
 10
79.01669259717698
 20
11.96208042891562
 10
78.95633950511515
 20
11.9695109890594
 10
78.89658620834762
 20
11.97854667158636
 10
78.83745806805515
 20
11.98917065140862
 10
78.77898044541844
 20
12.00136610343806
 10
78.72117870161844
 20
12.01511620258667
 10
78.66407819783565
 20
12.0304041237665
 10
78.60770429525101
 20
12.0472130418894
 10
78.55208235504517
 20
12.06552613186744
 10
78.49723773839895
 20
12.08532656861253
 10
78.44319580649315
 20
12.10659752703665
 10
78.38998192050832
 20
12.12932218205179
 10
78.3376214416254
 20
12.15348370856989
 10
78.28613973102509
 20
12.179065281503
 10
78.23556214988807
 20
12.20605007576306
 10
78.18591405939526
 20
12.23442126626193
 10
78.13722082072729
 20
12.26416202791174
 10
78.08950779506492
 20
12.29525553562435
 10
78.04280034358891
 20
12.3276849643118
 10
77.99712382748008
 20
12.36143348888604
 10
77.95250360791904
 20
12.39648428425906
 10
77.90896504608664
 20
12.43282052534275
 10
77.86653350316363
 20
12.47042538704919
 10
77.82523434033077
 20
12.50928204429027
 10
77.78509291876881
 20
12.54937367197805
 10
77.7461345996584
 20
12.59068344502438
 10
77.70838474418059
 20
12.63319453834135
 10
77.67186871351578
 20
12.67689012684085
 10
77.63661186884485
 20
12.72175338543487
 10
76.64437501286974
 20
11.97168709742399
 10
76.67225522172921
 20
11.93155755853366
 10
76.7007191926298
 20
11.89228259203412
 10
76.72975927116742
 20
11.85385507421909
 10
76.75936780293781
 20
11.81626788138224
 10
76.78953713353689
 20
11.77951388981721
 10
76.82025960856032
 20
11.7435859758177
 10
76.851527573604
 20
11.70847701567737
 10
76.88333337426368
 20
11.67417988568987
 10
76.91566935613514
 20
11.64068746214889
 10
76.94852786481431
 20
11.6079926213481
 10
76.98190124589683
 20
11.57608823958113
 10
77.01578184497852
 20
11.54496719314176
 10
77.05016200765522
 20
11.51462235832353
 10
77.08503407952278
 20
11.48504661142019
 10
77.12039040617693
 20
11.45623282872538
 10
77.15622333321352
 20
11.42817388653275
 10
77.19252520622837
 20
11.40086266113608
 10
77.2292883708171
 20
11.37429202882889
 10
77.26650517257565
 20
11.34845486590495
 10
77.30416795709995
 20
11.32334404865788
 10
77.34226906998557
 20
11.29895245338138
 10
77.3808008568284
 20
11.27527295636911
 10
77.41975566322427
 20
11.25229843391474
 10
77.45912583476898
 20
11.23002176231194
 10
77.49890371705818
 20
11.2084358178544
 10
77.53908165568788
 20
11.18753347683573
 10
77.62060708435169
 20
11.14775111028984
 10
77.70364088552685
 20
11.11061767302364
 10
77.78812182397956
 20
11.07607617538647
 10
77.87398866447637
 20
11.04406962772776
 10
77.96118017178358
 20
11.01454104039677
 10
78.04963511066777
 20
10.98743342374294
 10
78.13929224589514
 20
10.96268978811556
 10
78.23009034223216
 20
10.94025314386408
 10
78.32196816444528
 20
10.9200665013378
 10
78.41486447730081
 20
10.9020728708861
 10
78.50871804556536
 20
10.88621526285834
 10
78.60346763400503
 20
10.8724366876039
 10
78.69905200738644
 20
10.86068015547209
 10
78.79540993047584
 20
10.85088867681234
 10
78.89248016803979
 20
10.84300526197395
 10
78.99020148484471
 20
10.83697292130634
 10
79.08851264565673
 20
10.8327346651588
 97
        0
 75
     0
 76
     1
 98
        0
450
        0
451
        0
460
0.0
461
0.0
452
        1
462
0.0
453
        0
470

  0
HATCH
  5
219C5
330
219BD
100
AcDbEntity
  8
Layer 1
 62
   142
420
    37299
100
AcDbHatch
 10
0.0
 20
0.0
 30
0.0
210
0.0
220
0.0
230
1.0
  2
SOLID
 70
     1
 71
     0
 91
        1
 92
        2
 72
     0
 73
     1
 93
      223
 10
70.50607492771696
 20
10.95638637783324
 10
71.91382936915056
 20
10.95638637783324
 10
71.91382936915056
 20
14.26776832843668
 10
71.91514382634474
 20
14.36032973068934
 10
71.91907169818039
 20
14.44979134072259
 10
71.92558973503621
 20
14.53616373879881
 10
71.9346746872914
 20
14.61945750518028
 10
71.94017249118719
 20
14.65995320781744
 10
71.94630330532499
 20
14.69968322012928
 10
71.95306422350204
 20
14.73864886464858
 10
71.96045233951583
 20
14.77685146390812
 10
71.96846474716373
 20
14.81429234044068
 10
71.97709854024317
 20
14.85097281677907
 10
71.98635081255135
 20
14.88689421545607
 10
71.99621865788597
 20
14.92205785900443
 10
72.00669917004401
 20
14.95646506995698
 10
72.01778944282304
 20
14.99011717084654
 10
72.02948657002052
 20
15.02301548420582
 10
72.04178764543368
 20
15.05516133256767
 10
72.0546897628601
 20
15.08655603846482
 10
72.06819001609692
 20
15.11720092443012
 10
72.08228549894165
 20
15.14709731299634
 10
72.09697330519154
 20
15.17624652669616
 10
72.11225052864428
 20
15.20464988806254
 10
72.12811426309689
 20
15.23230871962819
 10
72.14456160234689
 20
15.25922434392586
 10
72.16158964019169
 20
15.28539808348839
 10
72.17919547042869
 20
15.31083126084855
 10
72.19737618685517
 20
15.3355251985391
 10
72.21612888326856
 20
15.35948121909289
 10
72.23545065346629
 20
15.38270064504263
 10
72.25533859124562
 20
15.40518479892116
 10
72.27578979040401
 20
15.42693500326128
 10
72.29680134473887
 20
15.44795258059574
 10
72.31837034804747
 20
15.46823885345734
 10
72.34049389412726
 20
15.48779514437888
 10
72.36316907677565
 20
15.50662277589312
 10
72.3863929897899
 20
15.52472307053285
 10
72.41016272696755
 20
15.54209735083087
 10
72.43447538210581
 20
15.55874693931998
 10
72.45932804900227
 20
15.57467315853295
 10
72.48471782145398
 20
15.58987733100257
 10
72.51064179325864
 20
15.60436077926162
 10
72.53709705821356
 20
15.61812482584294
 10
72.56408071011596
 20
15.63117079327923
 10
72.59158984276334
 20
15.64350000410332
 10
72.61962154995306
 20
15.65511378084799
 10
72.64817292548258
 20
15.66601344604604
 10
72.67724106314912
 20
15.67620032223027
 10
72.70682305675011
 20
15.68567573193344
 10
72.73691600008302
 20
15.69444099768834
 10
72.7675169869451
 20
15.70249744202777
 10
72.79862311113376
 20
15.70984638748453
 10
72.83023146644656
 20
15.71648915659134
 10
72.86233914668056
 20
15.72242707188107
 10
72.89494324563335
 20
15.72766145588646
 10
72.9280408571023
 20
15.73219363114032
 10
72.96162907488483
 20
15.73602492017539
 10
72.99570499277804
 20
15.73915664552453
 10
73.03026570457965
 20
15.74159012972052
 10
73.06530830408686
 20
15.74332669529607
 10
73.10082988509707
 20
15.74436766478403
 10
73.13682754140763
 20
15.74471436071717
 10
73.17011426289751
 20
15.74436810516029
 10
73.20290986422363
 20
15.74333021830625
 10
73.2352132867979
 20
15.74160201987989
 10
73.26702347203282
 20
15.73918482960615
 10
73.29833936134057
 20
15.73607996720978
 10
73.32915989613312
 20
15.73228875241568
 10
73.35948401782285
 20
15.72781250494875
 10
73.38931066782186
 20
15.72265254453381
 10
73.41863878754236
 20
15.71681019089573
 10
73.44746731839649
 20
15.71028676375938
 10
73.47579520179639
 20
15.70308358284964
 10
73.50362137915445
 20
15.69520196789135
 10
73.53094479188264
 20
15.68664323860934
 10
73.55776438139336
 20
15.67740871472856
 10
73.58407908909857
 20
15.66749971597381
 10
73.60988785641049
 20
15.65691756206993
 10
73.63518962474147
 20
15.64566357274181
 10
73.65998333550354
 20
15.63373906771434
 10
73.68426793010897
 20
15.62114536671237
 10
73.70804234996987
 20
15.60788378946072
 10
73.73130553649855
 20
15.59395565568429
 10
73.75405643110704
 20
15.57936228510797
 10
73.77629397520763
 20
15.56410499745655
 10
73.7980171102125
 20
15.54818511245492
 10
73.81922477753372
 20
15.53160394982795
 10
73.83991591858365
 20
15.51436282930051
 10
73.86008947477431
 20
15.49646307059746
 10
73.87974438751796
 20
15.47790599344365
 10
73.89887959822694
 20
15.45869291756396
 10
73.91749404831307
 20
15.43882516268323
 10
73.93558667918895
 20
15.41830404852634
 10
73.95315643226647
 20
15.39713089481812
 10
73.97020224895789
 20
15.37530702128347
 10
73.98672307067549
 20
15.35283374764725
 10
74.0027178388313
 20
15.32971239363432
 10
74.01818549483763
 20
15.30594427896951
 10
74.03312498010651
 20
15.28153072337771
 10
74.04753523605034
 20
15.25647304658374
 10
74.06141520408126
 20
15.23077256831255
 10
74.07476382561128
 20
15.20443060828893
 10
74.08758004205276
 20
15.17744848623777
 10
74.09986279481777
 20
15.14982752188393
 10
74.1116110253187
 20
15.12156903495221
 10
74.12282367496745
 20
15.09267434516762
 10
74.13349968517628
 20
15.06314477225485
 10
74.14363799735754
 20
15.03298163593889
 10
74.15323755292337
 20
15.00218625594454
 10
74.16229729328577
 20
14.97075995199669
 10
74.17081615985717
 20
14.93870404382018
 10
74.17879309404958
 20
14.90601985113986
 10
74.18622703727525
 20
14.87270869368062
 10
74.19311693094627
 20
14.83877189116732
 10
74.19946171647499
 20
14.80421076332485
 10
74.20526033527353
 20
14.769026629878
 10
74.21521483832878
 20
14.69679462507075
 10
74.22297197140935
 20
14.62208643454448
 10
74.22852326581298
 20
14.54491261609809
 10
74.23186025283701
 20
14.46528372753047
 10
74.23297446377886
 20
14.38321032664051
 10
74.23297446377886
 20
10.95638637783324
 10
75.64060622508683
 20
10.95638637783324
 10
75.64060622508683
 20
14.74094557293424
 10
75.63844713274907
 20
14.87121298210427
 10
75.63575342267771
 20
14.9350644251658
 10
75.63198818587195
 20
14.99805328482579
 10
75.62715485923234
 20
15.06017375429489
 10
75.6212568796593
 20
15.12142002678359
 10
75.61429768405338
 20
15.18178629550264
 10
75.60628070931509
 20
15.24126675366258
 10
75.59720939234487
 20
15.29985559447402
 10
75.58708717004326
 20
15.35754701114757
 10
75.57591747931069
 20
15.41433519689388
 10
75.56370375704766
 20
15.47021434492346
 10
75.55044944015476
 20
15.525178648447
 10
75.53615796553231
 20
15.57922230067507
 10
75.52083277008094
 20
15.63233949481827
 10
75.50447729070109
 20
15.68452442408725
 10
75.48709496429336
 20
15.73577128169257
 10
75.46868922775799
 20
15.78607426084488
 10
75.44926351799574
 20
15.83542755475477
 10
75.428821271907
 20
15.88382535663284
 10
75.40736592639216
 20
15.93126185968968
 10
75.38490091835185
 20
15.97773125713592
 10
75.36142968468651
 20
16.02322774218215
 10
75.33695566229667
 20
16.06774550803902
 10
75.31148228808277
 20
16.11127874791708
 10
75.28501299894537
 20
16.15382165502699
 10
75.25755123178481
 20
16.19536842257931
 10
75.22910042350172
 20
16.2359132437847
 10
75.19966401099662
 20
16.27545031185369
 10
75.16924543116985
 20
16.31397381999697
 10
75.13784812092199
 20
16.35147796142509
 10
75.10547551715362
 20
16.38795692934869
 10
75.0721310567651
 20
16.42340491697833
 10
75.03781817665691
 20
16.45781611752468
 10
75.00254031372965
 20
16.49118472419831
 10
74.96630090488375
 20
16.52350493020986
 10
74.92910338701972
 20
16.55477092876986
 10
74.89095119703809
 20
16.584976913089
 10
74.85184777183916
 20
16.61411707637783
 10
74.81179654832364
 20
16.64218561184703
 10
74.77080096339205
 20
16.66917671270715
 10
74.72886445394468
 20
16.69508457216876
 10
74.68599045688214
 20
16.71990338344255
 10
74.64218240910478
 20
16.74362733973909
 10
74.59744374751332
 20
16.76625063426896
 10
74.55177790900816
 20
16.78776746024283
 10
74.50518833048978
 20
16.80817201087126
 10
74.45767844885864
 20
16.82745847936486
 10
74.40925170101526
 20
16.84562105893425
 10
74.35991152386015
 20
16.86265394279003
 10
74.30966135429381
 20
16.87855132414282
 10
74.25850462921674
 20
16.89330739620319
 10
74.20644478552929
 20
16.90691635218181
 10
74.15348526013207
 20
16.91937238528921
 10
74.09962948992561
 20
16.93066968873611
 10
74.04488091181034
 20
16.94080245573298
 10
73.98924296268678
 20
16.94976487949052
 10
73.93271907945539
 20
16.95755115321931
 10
73.87531269901666
 20
16.96415547012992
 10
73.81702725827118
 20
16.96957202343303
 10
73.75786619411925
 20
16.97379500633918
 10
73.69783294346155
 20
16.97681861205903
 10
73.63693094319848
 20
16.97863703380316
 10
73.57516363023058
 20
16.97924446478215
 10
73.5136130591398
 20
16.97843291448589
 10
73.45230179066956
 20
16.97599685589048
 10
73.39126569887273
 20
16.97193417743615
 10
73.33054065780216
 20
16.96624276756316
 10
73.2701625415105
 20
16.95892051471174
 10
73.21016722405079
 20
16.94996530732208
 10
73.15059057947589
 20
16.93937503383438
 10
73.09146848183846
 20
16.92714758268892
 10
73.03283680519157
 20
16.91328084232585
 10
72.97473142358794
 20
16.8977727011855
 10
72.91718821108033
 20
16.88062104770799
 10
72.86024304172176
 20
16.86182377033355
 10
72.80393178956504
 20
16.84137875750245
 10
72.74829032866297
 20
16.81928389765484
 10
72.69335453306841
 20
16.79553707923101
 10
72.63916027683421
 20
16.77013619067119
 10
72.58574343401327
 20
16.74307912041555
 10
72.53313987865827
 20
16.71436375690429
 10
72.48138548482224
 20
16.68398798857768
 10
72.43051612655782
 20
16.65194970387594
 10
72.38056767791809
 20
16.61824679123931
 10
72.33157601295577
 20
16.58287713910793
 10
72.28357700572371
 20
16.54583863592208
 10
72.23660653027479
 20
16.50712917012198
 10
72.19070046066182
 20
16.46674663014785
 10
72.14589467093766
 20
16.4246889044399
 10
72.10222503515518
 20
16.38095388143832
 10
72.05972742736716
 20
16.33553944958343
 10
72.01843772162651
 20
16.28844349731533
 10
71.97839179198608
 20
16.23966391307431
 10
71.93962551249865
 20
16.18919858530057
 10
71.90217475721708
 20
16.13704540243433
 10
71.87911089360145
 20
16.13704540243433
 10
71.87911089360145
 20
16.86392514670395
 10
70.50607492771696
 20
16.86392514670395
 97
        0
 75
     0
 76
     1
 98
        0
450
        0
451
        0
460
0.0
461
0.0
452
        1
462
0.0
453
        0
470

  0
HATCH
  5
219C6
330
219BD
100
AcDbEntity
  8
Layer 1
 62
   142
420
    37299
100
AcDbHatch
 10
0.0
 20
0.0
 30
0.0
210
0.0
220
0.0
230
1.0
  2
SOLID
 70
     1
 71
     0
 91
        2
 92
        2
 72
     0
 73
     1
 93
      258
 10
66.65244682189467
 20
10.81788051601377
 10
66.71360134449027
 20
10.81852221772032
 10
66.77480784739782
 20
10.82044503531687
 10
66.83603384853836
 20
10.82364553751881
 10
66.89724686583258
 20
10.82812029304147
 10
66.95841441720128
 20
10.83386587060023
 10
67.01950402056532
 20
10.84087883891044
 10
67.08048319384568
 20
10.84915576668745
 10
67.14131945496308
 20
10.85869322264663
 10
67.20198032183837
 20
10.86948777550329
 10
67.26243331239235
 20
10.88153599397289
 10
67.32264594454607
 20
10.89483444677072
 10
67.38258573622011
 20
10.90937970261212
 10
67.44222020533553
 20
10.92516833021249
 10
67.50151686981299
 20
10.94219689828723
 10
67.56044324757347
 20
10.96046197555156
 10
67.6189668565377
 20
10.97996013072097
 10
67.67705521462659
 20
11.00068793251075
 10
67.73467583976092
 20
11.02264194963631
 10
67.79179624986179
 20
11.04581875081295
 10
67.84838396284965
 20
11.07021490475609
 10
67.90440649664562
 20
11.09582698018103
 10
67.95983136917037
 20
11.12265154580316
 10
68.0146260983448
 20
11.15068517033787
 10
68.06875820208992
 20
11.17992442250045
 10
68.12219519832623
 20
11.21036587100629
 10
68.17490460497495
 20
11.24200608457077
 10
68.22685393995669
 20
11.27484163190923
 10
68.27801072119235
 20
11.30886908173702
 10
68.32834246660268
 20
11.34408500276952
 10
68.37781669410874
 20
11.38048596372206
 10
68.42640092163114
 20
11.41806853331
 10
68.47406266709086
 20
11.45682928024873
 10
68.52076944840866
 20
11.49676477325358
 10
68.56648878350551
 20
11.53787158103992
 10
68.61118819030214
 20
11.58014627232312
 10
68.6548351867194
 20
11.62358541581855
 10
68.69739729067823
 20
11.66818558024153
 10
68.7388420200993
 20
11.71394333430744
 10
68.77913689290359
 20
11.76085524673163
 10
68.81824942701197
 20
11.80891788622946
 10
68.85614714034502
 20
11.85812782151628
 10
68.89279755082402
 20
11.9084816213075
 10
68.92816817636944
 20
11.95997585431837
 10
68.96222653490231
 20
12.01260708926438
 10
68.99494014434338
 20
12.06637189486081
 10
69.02627652261355
 20
12.12126683982299
 10
69.05620318763357
 20
12.17728849286638
 10
69.0846876573244
 20
12.23443342270629
 10
69.11169744960689
 20
12.29269819805804
 10
69.1372000824017
 20
12.35207938763701
 10
69.16116307362999
 20
12.41257356015858
 10
69.18355394121229
 20
12.47417728433814
 10
69.2043402030695
 20
12.53688712889095
 10
69.22348937712263
 20
12.60069966253243
 10
69.24096898129239
 20
12.66561145397793
 10
69.25674653349965
 20
12.73161907194285
 10
69.27078955166528
 20
12.79871908514248
 10
69.28306555371003
 20
12.86690806229222
 10
69.29354205755484
 20
12.93618257210741
 10
69.30218658112053
 20
13.00653918330342
 10
69.30896664232796
 20
13.07797446459561
 10
69.31384975909788
 20
13.15048498469934
 10
69.31680344935125
 20
13.22406731232996
 10
69.3177952310089
 20
13.29871801620282
 10
69.3177952310089
 20
14.51006157652654
 10
69.31686147325433
 20
14.58049951225729
 10
69.31407745562745
 20
14.65010046444087
 10
69.3094690615829
 20
14.71885572008534
 10
69.30306217457576
 20
14.78675656619862
 10
69.29488267806059
 20
14.85379428978872
 10
69.28495645549235
 20
14.91996017786365
 10
69.27330939032602
 20
14.98524551743137
 10
69.25996736601625
 20
15.04964159549988
 10
69.244956266018
 20
15.11313969907711
 10
69.22830197378622
 20
15.17573111517114
 10
69.21003037277554
 20
15.23740713078987
 10
69.19016734644093
 20
15.29815903294133
 10
69.16873877823713
 20
15.35797810863352
 10
69.14577055161919
 20
15.41685564487438
 10
69.12128855004173
 20
15.47478292867194
 10
69.09531865695976
 20
15.53175124703412
 10
69.06788675582807
 20
15.58775188696897
 10
69.03901873010148
 20
15.64277613548448
 10
69.00874046323491
 20
15.69681527958859
 10
68.97707783868312
 20
15.74986060628926
 10
68.944056739901
 20
15.80190340259455
 10
68.90970305034343
 20
15.85293495551244
 10
68.87404265346522
 20
15.90294655205086
 10
68.83710143272121
 20
15.95192947921782
 10
68.79890527156627
 20
15.99987502402133
 10
68.75948005345524
 20
16.04677447346935
 10
68.71885166184293
 20
16.09261911456987
 10
68.6770459801842
 20
16.13740023433087
 10
68.63408889193398
 20
16.18110911976035
 10
68.59000628054713
 20
16.22373705786626
 10
68.54482402947823
 20
16.26527533565664
 10
68.49856802218248
 20
16.30571524013943
 10
68.45126414211455
 20
16.34504805832265
 10
68.40293827272915
 20
16.38326507721424
 10
68.35361629748144
 20
16.42035758382223
 10
68.30332409982611
 20
16.45631686515461
 10
68.25208756321797
 20
16.49113420821933
 10
68.19993257111194
 20
16.52480090002438
 10
68.14688500696283
 20
16.55730822757773
 10
68.09297075422549
 20
16.58864747788741
 10
68.03821569635471
 20
16.6188099379614
 10
67.98264571680542
 20
16.64778689480766
 10
67.9262866990324
 20
16.6755696354342
 10
67.86916452649066
 20
16.70214944684897
 10
67.81130508263482
 20
16.72751761605994
 10
67.75273425091995
 20
16.75166543007519
 10
67.69347791480075
 20
16.77458417590262
 10
67.633561957732
 20
16.79626514055028
 10
67.57301226316869
 20
16.81669961102605
 10
67.51185471456563
 20
16.83587887433803
 10
67.45011519537772
 20
16.85379421749414
 10
67.38781958905966
 20
16.87043692750238
 10
67.32499377906653
 20
16.88579829137076
 10
67.2616636488529
 20
16.89986959610722
 10
67.19785508187374
 20
16.91264212871975
 10
67.13359396158404
 20
16.92410717621641
 10
67.06890617143841
 20
16.9342560256051
 10
67.00381759489182
 20
16.94307996389383
 10
66.93835411539916
 20
16.95057027809059
 10
66.87254161641515
 20
16.95671825520335
 10
66.80640598139476
 20
16.96151518224017
 10
66.73997309379275
 20
16.96495234620896
 10
66.67326883706403
 20
16.96702103411766
 10
66.60631909466331
 20
16.96771253297434
 10
66.54516466098538
 20
16.96707092018542
 10
66.48395842108678
 20
16.96514836559787
 10
66.4227328514308
 20
16.96194829488044
 10
66.36152042848076
 20
16.95747413370192
 10
66.30035362870003
 20
16.95172930773116
 10
66.2392649285519
 20
16.94471724263695
 10
66.17828680449962
 20
16.93644136408798
 10
66.11745173300656
 20
16.92690509775314
 10
66.05679219053604
 20
16.91611186930117
 10
65.99634065355131
 20
16.90406510440092
 10
65.93612959851561
 20
16.89076822872108
 10
65.87619150189239
 20
16.87622466793056
 10
65.81655884014496
 20
16.86043784769805
 10
65.75726408973643
 20
16.84341119369237
 10
65.69833972713046
 20
16.82514813158237
 10
65.63981822879
 20
16.80565208703676
 10
65.58173207117848
 20
16.7849264857244
 10
65.52411373075923
 20
16.76297475331402
 10
65.46699568399557
 20
16.73980031547445
 10
65.41041040735085
 20
16.71540659787444
 10
65.35439037728821
 20
16.68979702618283
 10
65.29896807027111
 20
16.66297502606836
 10
65.24417596276279
 20
16.63494402319989
 10
65.19004653122673
 20
16.60570744324614
 10
65.13661225212591
 20
16.57526871187598
 10
65.08390560192385
 20
16.54363125475811
 10
65.03195905708381
 20
16.51079849756133
 10
64.98080509406918
 20
16.47677386595453
 10
64.93047618934309
 20
16.44156078560642
 10
64.88100481936903
 20
16.40516268218579
 10
64.83242346061022
 20
16.36758298136147
 10
64.78476458953005
 20
16.32882510880221
 10
64.73806068259154
 20
16.28889249017679
 10
64.69234421625845
 20
16.24778855115407
 10
64.64764766699372
 20
16.20551671740276
 10
64.60400351126075
 20
16.16208041459172
 10
64.56144422552296
 20
16.1174830683897
 10
64.52000228624358
 20
16.07172810446552
 10
64.47971016988586
 20
16.02481894848797
 10
64.44060035291318
 20
15.97675902612576
 10
64.40270531178891
 20
15.92755176304779
 10
64.36605752297618
 20
15.87720058492281
 10
64.33068946293847
 20
15.82570891741957
 10
64.29663360813894
 20
15.77308018620694
 10
64.26392243504094
 20
15.71931781695365
 10
64.2325884201079
 20
15.66442523532848
 10
64.20266403980304
 20
15.60840586700028
 10
64.1741817705896
 20
15.55126313763781
 10
64.14717408893093
 20
15.49300047290986
 10
64.12167347129035
 20
15.43362129848523
 10
64.09771239413132
 20
15.37312904003269
 10
64.07532333391689
 20
15.31152712322107
 10
64.05453876711037
 20
15.2488189737191
 10
64.03539117017533
 20
15.18500801719564
 10
64.01791301957493
 20
15.12009767931939
 10
64.00213679177233
 20
15.05409138575925
 10
63.98809496323109
 20
14.98699256218392
 10
63.97582001041437
 20
14.91880463426225
 10
63.96534440978545
 20
14.84953102766301
 10
63.9567006378078
 20
14.77917516805498
 10
63.9499211709445
 20
14.70774048110698
 10
63.94503848565912
 20
14.63523039248775
 10
63.94208505841472
 20
14.56164832786614
 10
63.94109336567479
 20
14.48699771291091
 10
63.94109336567479
 20
13.13702561064207
 10
63.94202703451163
 20
13.06668806291849
 10
63.94481078912962
 20
12.99738404789289
 10
63.94941875168957
 20
12.92911593826207
 10
63.95582504435265
 20
12.86188610672285
 10
63.96400378927977
 20
12.79569692597214
 10
63.97392910863205
 20
12.73055076870665
 10
63.98557512457037
 20
12.66645000762326
 10
63.99891595925573
 20
12.60339701541884
 10
64.01392573484921
 20
12.54139416479012
 10
64.03057857351175
 20
12.48044382843404
 10
64.04884859740445
 20
12.42054837904732
 10
64.06870992868826
 20
12.36171018932683
 10
64.09013668952406
 20
12.30393163196942
 10
64.11310300207293
 20
12.24721507967187
 10
64.13758298849609
 20
12.19156290513106
 10
64.16355077095428
 20
12.13697748104382
 10
64.19098047160855
 20
12.08346118010687
 10
64.21984621261993
 20
12.03101637501714
 10
64.25012211614947
 20
11.97964543847148
 10
64.28178230435813
 20
11.9293507431666
 10
64.31480089940684
 20
11.88013466179941
 10
64.34915202345675
 20
11.83199956706672
 10
64.38480979866878
 20
11.78494783166532
 10
64.42174834720401
 20
11.7389818282921
 10
64.45994179122319
 20
11.69410392964385
 10
64.49936425288772
 20
11.65031650841744
 10
64.53998985435831
 20
11.60762193730961
 10
64.581792717796
 20
11.56602258901724
 10
64.62474696536187
 20
11.5255208362372
 10
64.66882671921684
 20
11.48611905166625
 10
64.71400610152198
 20
11.44781960800121
 10
64.76025923443836
 20
11.41062487793895
 10
64.80756024012686
 20
11.37453723417625
 10
64.8558832407485
 20
11.33955904940999
 10
64.90520235846438
 20
11.30569269633695
 10
64.95549171543541
 20
11.272940547654
 10
65.00672543382252
 20
11.24130497605794
 10
65.05887763578686
 20
11.21078835424559
 10
65.11192244348939
 20
11.1813930549138
 10
65.16583397909103
 20
11.15312145075937
 10
65.22058636475303
 20
11.12597591447912
 10
65.27615372263608
 20
11.09995881876991
 10
65.33251017490136
 20
11.07507253632861
 10
65.38962984370982
 20
11.05131943985194
 10
65.44748685122242
 20
11.02870190203675
 10
65.50605531960034
 20
11.00722229557993
 10
65.56530937100439
 20
10.98688299317828
 10
65.62522312759565
 20
10.96768636752858
 10
65.68577071153511
 20
10.94963479132769
 10
65.74692624498386
 20
10.93273063727242
 10
65.80866385010278
 20
10.91697627805966
 10
65.87095764905285
 20
10.90237408638619
 10
65.93378176399522
 20
10.88892643494879
 10
65.99711031709083
 20
10.87663569644439
 10
66.06091743050062
 20
10.86550424356971
 10
66.12517722638566
 20
10.85553444902164
 10
66.18986382690696
 20
10.84672868549699
 10
66.25495135422545
 20
10.8390893256926
 10
66.32041393050221
 20
10.83261874230529
 10
66.3862256778982
 20
10.82731930803187
 10
66.45236071857445
 20
10.8231933955692
 10
66.51879317469192
 20
10.82024337761404
 10
66.58549716841162
 20
10.81847162686331
 97
        0
 92
        2
 72
     0
 73
     1
 93
      252
 10
66.65244682189467
 20
12.00640557297308
 10
66.6185025694877
 20
12.0067177351697
 10
66.58482059695353
 20
12.00765210832781
 10
66.5514096172841
 20
12.00920552229982
 10
66.51827834347144
 20
12.01137480693814
 10
66.48543548850752
 20
12.0141567920952
 10
66.45288976538441
 20
12.01754830762339
 10
66.42064988709418
 20
12.02154618337506
 10
66.38872456662878
 20
12.02614724920268
 10
66.35712251698013
 20
12.03134833495867
 10
66.3258524511404
 20
12.03714627049536
 10
66.29492308210157
 20
12.04353788566523
 10
66.26434312285557
 20
12.05052001032065
 10
66.23412128639451
 20
12.05808947431402
 10
66.20426628571033
 20
12.06624310749781
 10
66.17478683379511
 20
12.07497773972431
 10
66.14569164364083
 20
12.08429020084602
 10
66.11698942823958
 20
12.09417732071531
 10
66.08868890058321
 20
12.10463592918461
 10
66.06079877366392
 20
12.11566285610629
 10
66.03332776047357
 20
12.12725493133278
 10
66.00628457400425
 20
12.13940898471649
 10
65.97967792724796
 20
12.15212184610982
 10
65.9535165331968
 20
12.16539034536514
 10
65.92780910484261
 20
12.17921131233493
 10
65.9025643551775
 20
12.19358157687153
 10
65.87779099719347
 20
12.20849796882735
 10
65.85349774388267
 20
12.22395731805481
 10
65.8296933082369
 20
12.23995645440637
 10
65.80638640324827
 20
12.25649220773437
 10
65.78358574190878
 20
12.2735614078912
 10
65.76130003721053
 20
12.29116088472935
 10
65.73953800214543
 20
12.30928746810112
 10
65.71830834970548
 20
12.327937987859
 10
65.69761979288282
 20
12.34710927385537
 10
65.67748104466925
 20
12.36679815594261
 10
65.65790081805715
 20
12.38700146397318
 10
65.6388878260381
 20
12.40771602779943
 10
65.62045078160441
 20
12.42893867727382
 10
65.60259839774798
 20
12.45066624224869
 10
65.58533938746085
 20
12.4728955525765
 10
65.56868246373508
 20
12.49562343810964
 10
65.55263633956259
 20
12.51884672870051
 10
65.53720972793541
 20
12.54256225420149
 10
65.52241134184569
 20
12.56676684446508
 10
65.50824989428528
 20
12.59145732934356
 10
65.49473409824637
 20
12.61663053868941
 10
65.48187266672067
 20
12.64228330235503
 10
65.46967431270053
 20
12.66841245019283
 10
65.45814774917776
 20
12.69501481205516
 10
65.44730168914445
 20
12.72208721779454
 10
65.43714484559258
 20
12.74962649726326
 10
65.42768593151428
 20
12.77762948031376
 10
65.4189336599014
 20
12.80609299679849
 10
65.410896743746
 20
12.83501387656979
 10
65.40358389604017
 20
12.86438894948011
 10
65.39700382977582
 20
12.89421504538189
 10
65.39116525794506
 20
12.92448899412747
 10
65.38607689353989
 20
12.95520762556924
 10
65.38174744955231
 20
12.98636776955967
 10
65.3781856389742
 20
13.01796625595116
 10
65.37540017479779
 20
13.04999991459607
 10
65.37339977001508
 20
13.08246557534681
 10
65.37219313761787
 20
13.11536006805584
 10
65.37178899059835
 20
13.14868022257553
 10
65.37178899059835
 20
14.60243971111473
 10
65.37225947578758
 20
14.64206774004991
 10
65.37366019572115
 20
14.6809065679017
 10
65.3759750469477
 20
14.7189614791855
 10
65.37918792601607
 20
14.75623775841647
 10
65.38328272947511
 20
14.79274069011
 10
65.38824335387338
 20
14.82847555878142
 10
65.3940536957598
 20
14.86344764894595
 10
65.40069765168301
 20
14.89766224511894
 10
65.40815911819189
 20
14.93112463181567
 10
65.41642199183505
 20
14.96384009355139
 10
65.42547016916133
 20
14.99581391484152
 10
65.43528754671953
 20
15.02705138020122
 10
65.44585802105835
 20
15.05755777414591
 10
65.45716548872658
 20
15.08733838119076
 10
65.46919384627301
 20
15.11639848585122
 10
65.48192699024636
 20
15.14474337264245
 10
65.4953488171952
 20
15.17237832607989
 10
65.50944322366868
 20
15.1993086306787
 10
65.52419410621524
 20
15.22553957095421
 10
65.5395853613837
 20
15.25107643142179
 10
65.55560088572289
 20
15.27592449659667
 10
65.57222457578163
 20
15.3000890509942
 10
65.58944032810844
 20
15.32357537912962
 10
65.60723203925227
 20
15.34638876551831
 10
65.62558360576182
 20
15.36853449467546
 10
65.6444789241859
 20
15.39001785111645
 10
65.66390189107323
 20
15.41084411935655
 10
65.68383640297252
 20
15.43101858391107
 10
65.70426635643262
 20
15.45054652929529
 10
65.72517564800219
 20
15.46943324002455
 10
65.74654817423007
 20
15.48768400061408
 10
65.76836783166488
 20
15.50530409557925
 10
65.79061851685569
 20
15.52229880943534
 10
65.81328412635082
 20
15.53867342669762
 10
65.83634855669943
 20
15.55443323188139
 10
65.85979570445015
 20
15.56958350950197
 10
65.88360946615155
 20
15.58412954407464
 10
65.90777373835258
 20
15.59807662011473
 10
65.93227241760195
 20
15.61143002213752
 10
65.95708940044835
 20
15.62419503465831
 10
65.98220858344068
 20
15.63637694219238
 10
66.00761386312761
 20
15.64798102925504
 10
66.03328913605794
 20
15.65901258036162
 10
66.05921829878035
 20
15.66947688002736
 10
66.08538524784368
 20
15.67937921276759
 10
66.11177387979665
 20
15.68872486309766
 10
66.13836809118803
 20
15.69751911553276
 10
66.16515177856652
 20
15.7057672545883
 10
66.19210883848104
 20
15.7134745647795
 10
66.21922316748023
 20
15.72064633062167
 10
66.24647866211276
 20
15.72728783663013
 10
66.27385921892742
 20
15.73340436732019
 10
66.30134873447317
 20
15.73900120720713
 10
66.3289311052986
 20
15.74408364080623
 10
66.35659022795241
 20
15.74865695263282
 10
66.38430999898355
 20
15.75272642720217
 10
66.41207431494065
 20
15.75629734902958
 10
66.43986707237243
 20
15.75937500263041
 10
66.49547349785541
 20
15.76407164321334
 10
66.55100044782229
 20
15.76685862507334
 10
66.60631909466331
 20
15.7677782243328
 10
66.64026343598795
 20
15.76747442039366
 10
66.67394567153114
 20
15.7665647700813
 10
66.70735708268511
 20
15.7650519156534
 10
66.7404889508419
 20
15.76293849936753
 10
66.77333255739387
 20
15.76022716348144
 10
66.8058791837328
 20
15.75692055025275
 10
66.83812011125124
 20
15.75302130193906
 10
66.87004662134097
 20
15.74853206079808
 10
66.90164999539423
 20
15.74345546908743
 10
66.93292151480331
 20
15.73779416906476
 10
66.96385246096017
 20
15.73155080298775
 10
66.99443411525699
 20
15.72472801311399
 10
67.02465775908592
 20
15.71732844170121
 10
67.05451467383915
 20
15.70935473100696
 10
67.08399614090876
 20
15.70080952328896
 10
67.1130934416868
 20
15.69169546080485
 10
67.14179785756556
 20
15.68201518581227
 10
67.17010066993703
 20
15.67177134056887
 10
67.19799316019339
 20
15.66096656733228
 10
67.22546660972686
 20
15.64960350836021
 10
67.25251229992952
 20
15.63768480591023
 10
67.27912151219354
 20
15.62521310224004
 10
67.30528552791094
 20
15.61219103960726
 10
67.33099562847397
 20
15.59862126026956
 10
67.35624309527466
 20
15.5845064064846
 10
67.38101920970525
 20
15.56984912051002
 10
67.40531525315782
 20
15.55465204460345
 10
67.42912250702457
 20
15.53891782102255
 10
67.45243225269757
 20
15.52264909202496
 10
67.47523577156894
 20
15.50584849986838
 10
67.49752434503083
 20
15.48851868681038
 10
67.51928925447541
 20
15.47066229510871
 10
67.54052178129478
 20
15.45228196702091
 10
67.56121320688115
 20
15.43338034480466
 10
67.58135481262654
 20
15.41396007071766
 10
67.60093787992312
 20
15.39402378701755
 10
67.61995369016307
 20
15.37357413596194
 10
67.63839352473842
 20
15.35261375980847
 10
67.65624866504147
 20
15.33114530081484
 10
67.67351039246424
 20
15.30917140123866
 10
67.69016998839894
 20
15.2866947033376
 10
67.7062187342376
 20
15.2637178493693
 10
67.72164791137244
 20
15.24024348159142
 10
67.73644880119554
 20
15.2162742422616
 10
67.7506126850991
 20
15.1918127736375
 10
67.76413084447509
 20
15.16686171797675
 10
67.77699456071594
 20
15.14142371753702
 10
67.78919511521357
 20
15.11550141457593
 10
67.80072378936006
 20
15.08909745135116
 10
67.81157186454767
 20
15.06221447012034
 10
67.8217306221686
 20
15.03485511314113
 10
67.83119134361484
 20
15.0070220226712
 10
67.83994531027861
 20
14.97871784096813
 10
67.84798380355195
 20
14.94994521028968
 10
67.85529810482715
 20
14.92070677289341
 10
67.86187949549621
 20
14.89100517103696
 10
67.86771925695126
 20
14.86084304697805
 10
67.87280867058456
 20
14.83022304297425
 10
67.87713901778812
 20
14.79914780128329
 10
67.88070157995413
 20
14.76761996416277
 10
67.88348763847466
 20
14.73564217387037
 10
67.88548847474206
 20
14.70321707266371
 10
67.8866953701481
 20
14.67034730280042
 10
67.88709960608534
 20
14.63703550653818
 10
67.88709960608534
 20
13.17174408619116
 10
67.88662903197837
 20
13.13211048492837
 10
67.88522804903585
 20
13.09326643573956
 10
67.88291276632484
 20
13.05520664568571
 10
67.87969929291219
 20
13.01792582182772
 10
67.87560373786525
 20
12.98141867122646
 10
67.87064221025096
 20
12.94567990094297
 10
67.86483081913657
 20
12.9107042180381
 10
67.85818567358899
 20
12.87648632957276
 10
67.85072288267537
 20
12.84302094260795
 10
67.84245855546284
 20
12.81030276420452
 10
67.83340880101855
 20
12.77832650142343
 10
67.82358972840953
 20
12.7470868613256
 10
67.81301744670283
 20
12.71657855097197
 10
67.80170806496555
 20
12.68679627742343
 10
67.7896776922648
 20
12.65773474774095
 10
67.77694243766773
 20
12.62938866898544
 10
67.76351841024133
 20
12.60175274821779
 10
67.74942171905284
 20
12.57482169249897
 10
67.73466847316914
 20
12.54859020888989
 10
67.71927478165747
 20
12.52305300445149
 10
67.70325675358496
 20
12.49820478624469
 10
67.68663049801869
 20
12.47404026133039
 10
67.66941212402556
 20
12.45055413676951
 10
67.65161774067289
 20
12.42774111962302
 10
67.63326345702764
 20
12.40559591695184
 10
67.61436538215697
 20
12.38411323581688
 10
67.594939625128
 20
12.36328778327904
 10
67.57500229500769
 20
12.34311426639932
 10
67.5545695008633
 20
12.32358739223856
 10
67.53365735176169
 20
12.30470186785773
 10
67.51228195677026
 20
12.28645240031775
 10
67.4904594249559
 20
12.26883369667953
 10
67.46820586538567
 20
12.25184046400405
 10
67.4455373871269
 20
12.23546740935217
 10
67.42247009924639
 20
12.21970923978481
 10
67.39902011081138
 20
12.20456066236299
 10
67.37520353088894
 20
12.19001638414753
 10
67.35103646854621
 20
12.17607111219943
 10
67.32653503285033
 20
12.16271955357953
 10
67.3017153328681
 20
12.14995641534884
 10
67.276593477667
 20
12.13777640456831
 10
67.25118557631382
 20
12.12617422829873
 10
67.22550773787588
 20
12.11514459360115
 10
67.19957607142008
 20
12.10468220753643
 10
67.17340668601363
 20
12.09478177716553
 10
67.14701569072349
 20
12.08543800954936
 10
67.12041919461711
 20
12.07664561174886
 10
67.09363330676104
 20
12.06839929082497
 10
67.06667413622288
 20
12.06069375383854
 10
67.03955779206939
 20
12.05352370785054
 10
67.01230038336773
 20
12.04688385992195
 10
66.98491801918513
 20
12.04076891711364
 10
66.9574268085886
 20
12.03517358648649
 10
66.92984286064518
 20
12.03009257510151
 10
66.90218228442195
 20
12.02552059001962
 10
66.87446118898607
 20
12.02145233830169
 10
66.84669568340471
 20
12.0178825270087
 10
66.81890187674492
 20
12.01480586320154
 10
66.76329379645799
 20
12.01011080628847
 10
66.70776582066238
 20
12.00732482404983
 97
        0
 75
     0
 76
     1
 98
        0
450
        0
451
        0
460
0.0
461
0.0
452
        1
462
0.0
453
        0
470

  0
HATCH
  5
219C7
330
219BD
100
AcDbEntity
  8
Layer 1
 62
   142
420
    37299
100
AcDbHatch
 10
0.0
 20
0.0
 30
0.0
210
0.0
220
0.0
230
1.0
  2
SOLID
 70
     1
 71
     0
 91
        1
 92
        2
 72
     0
 73
     1
 93
       12
 10
58.10274618765096
 20
10.95638637783324
 10
59.51037794895893
 20
10.95638637783324
 10
59.51037794895893
 20
12.8255407717053
 10
60.28350810058545
 20
13.6563305823709
 10
61.8642415191363
 20
10.95638637783324
 10
63.44485225756158
 20
10.95638637783324
 10
61.24114916113706
 20
14.63703550653818
 10
63.35259680309906
 20
16.86392514670395
 10
61.67960793008558
 20
16.86392514670395
 10
59.52190988076672
 20
14.4293380538718
 10
59.51037794895893
 20
19.18307024133228
 10
58.10274618765096
 20
19.18307024133228
 97
        0
 75
     0
 76
     1
 98
        0
450
        0
451
        0
460
0.0
461
0.0
452
        1
462
0.0
453
        0
470

  0
HATCH
  5
219C8
330
219BD
100
AcDbEntity
  8
Layer 1
 62
   142
420
    37299
100
AcDbHatch
 10
0.0
 20
0.0
 30
0.0
210
0.0
220
0.0
230
1.0
  2
SOLID
 70
     1
 71
     0
 91
        1
 92
        2
 72
     0
 73
     1
 93
      132
 10
53.38373247573965
 20
10.95638637783324
 10
54.79136423704756
 20
10.95638637783324
 10
54.79136423704756
 20
13.97934735311551
 10
54.79194527306129
 20
14.03037383398444
 10
54.79368028491823
 20
14.08068756515045
 10
54.79655712834165
 20
14.13028564041099
 10
54.80056365905496
 20
14.17916515356336
 10
54.80568773278133
 20
14.22732319840501
 10
54.81191720524427
 20
14.2747568687333
 10
54.81923993216715
 20
14.32146325834557
 10
54.82764376927315
 20
14.36743946103923
 10
54.83711657228571
 20
14.41268257061166
 10
54.84764619692817
 20
14.45718968086022
 10
54.85922049892386
 20
14.50095788558227
 10
54.87182733399615
 20
14.54398427857528
 10
54.88545455786841
 20
14.58626595363651
 10
54.90009002626391
 20
14.62780000456346
 10
54.91572159490596
 20
14.66858352515338
 10
54.93233711951808
 20
14.70861360920375
 10
54.94992445582345
 20
14.7478873505119
 10
54.96847145954541
 20
14.78640184287518
 10
54.98796598640746
 20
14.82415418009105
 10
55.00839589213279
 20
14.86114145595684
 10
55.02974903244481
 20
14.89736076426991
 10
55.05201326306682
 20
14.93280919882769
 10
55.07517643972227
 20
14.96748385342752
 10
55.09922641813432
 20
15.00138182186677
 10
55.1241510540265
 20
15.03450019794284
 10
55.14993820312216
 20
15.06683607545312
 10
55.1765757211445
 20
15.09838654819495
 10
55.20405146381688
 20
15.12914870996572
 10
55.23235328686263
 20
15.15911965456288
 10
55.2614690460053
 20
15.18829647578369
 10
55.29138659696804
 20
15.21667626742561
 10
55.32209379547424
 20
15.24425612328597
 10
55.35357849724724
 20
15.27103313716218
 10
55.38582855801042
 20
15.29700440285162
 10
55.41883183348708
 20
15.32216701415165
 10
55.45257617940052
 20
15.34651806485966
 10
55.4870494514742
 20
15.37005464877302
 10
55.52223950543146
 20
15.39277385968912
 10
55.55813419699558
 20
15.41467279140533
 10
55.59472138188986
 20
15.43574853771905
 10
55.63198891583764
 20
15.45599819242759
 10
55.66992465456241
 20
15.4754188493284
 10
55.70851645378741
 20
15.49400760221886
 10
55.74775216923602
 20
15.5117615448963
 10
55.78761965663146
 20
15.52867777115809
 10
55.8281067716974
 20
15.54475337480165
 10
55.86920137015676
 20
15.55998544962439
 10
55.91089130773318
 20
15.57437108942361
 10
55.95316444014992
 20
15.58790738799674
 10
55.99600862313025
 20
15.60059143914113
 10
56.03941171239759
 20
15.61242033665419
 10
56.08336156367531
 20
15.62339117433326
 10
56.12784603268669
 20
15.63350104597572
 10
56.17285297515514
 20
15.642747045379
 10
56.21837024680388
 20
15.65112626634043
 10
56.26438570335642
 20
15.65863580265739
 10
56.31088720053597
 20
15.66527274812731
 10
56.35786259406606
 20
15.67103419654749
 10
56.40529973966974
 20
15.67591724171535
 10
56.45318649307063
 20
15.67991897742826
 10
56.50151070999182
 20
15.68303649748361
 10
56.55026024615685
 20
15.68526689567879
 10
56.59942295728914
 20
15.68660726581116
 10
56.64898669911176
 20
15.68705470167807
 10
56.78870402717166
 20
15.68651222549761
 10
56.85443086290847
 20
15.68522384456904
 10
56.91866828524521
 20
15.68271489223443
 10
56.9823651482784
 20
15.67857851135845
 10
57.04647030610473
 20
15.6724078448058
 10
57.07897251247044
 20
15.66843251154589
 10
57.11193261282068
 20
15.66379603544109
 10
57.14546921391742
 20
15.65844755934944
 10
57.17970092252278
 20
15.65233622612898
 10
57.17970092252278
 20
16.94464866935871
 10
57.15131119597343
 20
16.95073840776209
 10
57.12245099593452
 20
16.95606798464498
 10
57.09318753290446
 20
16.96068807744202
 10
57.06358801738199
 20
16.9646493635879
 10
57.03371965986545
 20
16.96800252051736
 10
57.00364967085342
 20
16.97079822566512
 10
56.94317364033672
 20
16.97491999035425
 10
56.88269760982021
 20
16.97742007713287
 10
56.70664635815085
 20
16.97924446478215
 10
56.67353089061734
 20
16.97889930993199
 10
56.64017796807811
 20
16.97786876861042
 10
56.60660370240819
 20
16.97616022566069
 10
56.57282420548259
 20
16.97378106592636
 10
56.5388555891764
 20
16.97073867425067
 10
56.50471396536442
 20
16.96704043547708
 10
56.47041544592202
 20
16.96269373444893
 10
56.4359761427239
 20
16.95770595600965
 10
56.36673963256104
 20
16.94583670627099
 10
56.29713332987581
 20
16.93149176500813
 10
56.22728612966859
 20
16.91473021096812
 10
56.15732692693956
 20
16.89561112289799
 10
56.0873846166887
 20
16.87419357954471
 10
56.01758809391611
 20
16.85053665965533
 10
55.94806625362224
 20
16.82469944197683
 10
55.87894799080689
 20
16.79674100525623
 10
55.81036220047035
 20
16.7667204282406
 10
55.74243777761283
 20
16.73469678967691
 10
55.67530361723432
 20
16.70072916831218
 10
55.60908861433509
 20
16.66487664289341
 10
55.54392166391528
 20
16.62719829216765
 10
55.47993166097498
 20
16.58775319488191
 10
55.41724750051432
 20
16.54660042978318
 10
55.35599807753335
 20
16.50379907561848
 10
55.29631228703252
 20
16.45940821113486
 10
55.23831902401169
 20
16.41348691507928
 10
55.18214718347102
 20
16.36609426619882
 10
55.12792566041082
 20
16.31728934324043
 10
55.0757833498311
 20
16.26713122495115
 10
55.05053217890907
 20
16.24156317966591
 10
55.02584914673214
 20
16.21567899007806
 10
55.00175036517536
 20
16.18948604103102
 10
54.97825194611386
 20
16.16299171736809
 10
54.9553700014226
 20
16.13620340393273
 10
54.93312064297658
 20
16.10912848556827
 10
54.91151998265081
 20
16.08177434711812
 10
54.89058413232038
 20
16.05414837342567
 10
54.87032920386025
 20
16.02625794933423
 10
54.85077130914541
 20
15.99811045968723
 10
54.8319265600509
 20
15.96971328932804
 10
54.81381106845176
 20
15.94107382310001
 10
54.79644094622305
 20
15.91219944584655
 10
54.77983230523969
 20
15.88309754241103
 10
54.75676844162411
 20
15.88309754241103
 10
54.75676844162411
 20
16.86392514670395
 10
53.38373247573965
 20
16.86392514670395
 97
        0
 75
     0
 76
     1
 98
        0
450
        0
451
        0
460
0.0
461
0.0
452
        1
462
0.0
453
        0
470

  0
HATCH
  5
219C9
330
219BD
100
AcDbEntity
  8
Layer 1
 62
   142
420
    37299
100
AcDbHatch
 10
0.0
 20
0.0
 30
0.0
210
0.0
220
0.0
230
1.0
  2
SOLID
 70
     1
 71
     0
 91
        2
 92
        2
 72
     0
 73
     1
 93
      435
 10
48.9416078073415
 20
10.841067059755
 10
49.08082722661039
 20
10.84249456401939
 10
49.21330403116281
 20
10.84708150083521
 10
49.33959603219498
 20
10.8552845062364
 10
49.40059704738977
 20
10.86088473341718
 10
49.46026104090304
 20
10.86756021625698
 10
49.51865773913431
 20
10.87536803426015
 10
49.57585686848307
 20
10.88436526693089
 10
49.63192815534902
 20
10.89460899377344
 10
49.68694132613137
 20
10.90615629429205
 10
49.74096610722995
 20
10.919064247991
 10
49.79407222504406
 20
10.93338993437451
 10
49.84632940597329
 20
10.94919043294681
 10
49.89780737641726
 20
10.9665228232122
 10
49.9485758627753
 20
10.98544418467483
 10
49.99870459144708
 20
11.00601159683905
 10
50.04826328883199
 20
11.02828213920903
 10
50.0973216813297
 20
11.05231289128908
 10
50.14594949533966
 20
11.07816093258336
 10
50.19421645726132
 20
11.10588334259621
 10
50.24219229349428
 20
11.13553720083184
 10
50.28994673043806
 20
11.16717958679448
 10
50.33754949449221
 20
11.20086757998834
 10
50.38507031205617
 20
11.23665825991779
 10
50.43257890952947
 20
11.27460870608692
 10
50.48014501331168
 20
11.31477599800009
 10
50.52783834980229
 20
11.35721721516152
 10
50.57572864540083
 20
11.40198943707544
 10
50.62388562650676
 20
11.44914974324606
 10
50.67237901951969
 20
11.49875521317769
 10
50.69544288313534
 20
11.49875521317769
 10
50.70028539356247
 20
11.45271662072517
 10
50.73598483089725
 20
11.06711285870875
 10
50.74020513504272
 20
11.03282627950034
 10
50.7444761166229
 20
11.00242497028575
 10
50.74878088315959
 20
10.9766859850638
 10
50.75094065688711
 20
10.96580769332468
 10
50.75202146755831
 20
10.96090884281363
 10
50.75310254217455
 20
10.95638637783324
 10
52.14932505180016
 20
10.95638637783324
 10
52.14851436446564
 20
10.95790859651633
 10
52.14770685565849
 20
10.9594989765316
 10
52.14610137345136
 20
10.96288227326262
 10
52.1445086048276
 20
10.96653237343388
 10
52.14292854943647
 20
10.97044538245322
 10
52.14136120692677
 20
10.97461740572818
 10
52.13980657694762
 20
10.97904454866654
 10
52.13673545317698
 20
10.9886486151642
 10
52.13371517531658
 20
10.9992264252077
 10
52.13074574055837
 20
11.01074682205865
 10
52.12782714609463
 20
11.02317864897857
 10
52.12495938911721
 20
11.036490749229
 10
52.11937637639019
 20
11.06563114276774
 10
52.11399667991371
 20
11.09791874876725
 10
52.10384714585929
 20
11.17093858251838
 10
52.09451060724664
 20
11.25355621922192
 10
52.08598688436854
 20
11.34377762761744
 10
52.0713771669875
 20
11.53905563444225
 10
52.0519036139231
 20
11.93311953293376
 10
52.04703690292425
 20
12.10000092443262
 10
52.04541498540422
 20
12.22551227732171
 10
52.04541498540422
 20
15.09855813910229
 10
52.04453181710281
 20
15.1654351024207
 10
52.0418992159083
 20
15.2308542892327
 10
52.03754253738584
 20
15.2948286468816
 10
52.03148713710021
 20
15.35737112271063
 10
52.0237583706162
 20
15.41849466406318
 10
52.01438159349897
 20
15.47821221828234
 10
52.00338216131325
 20
15.53653673271154
 10
51.99078542962394
 20
15.593481154694
 10
51.97661675399597
 20
15.64905843157296
 10
51.96090148999426
 20
15.70328151069179
 10
51.94366499318374
 20
15.75616333939365
 10
51.92493261912926
 20
15.80771686502188
 10
51.90472972339572
 20
15.85795503491973
 10
51.88308166154808
 20
15.90689079643049
 10
51.86001378915112
 20
15.95453709689743
 10
51.83555146176991
 20
16.00090688366386
 10
51.80972003496922
 20
16.04601310407297
 10
51.78254486431402
 20
16.08986870546812
 10
51.75405130536917
 20
16.13248663519249
 10
51.72426471369965
 20
16.17387984058947
 10
51.6932104448702
 20
16.21406126900223
 10
51.66091385444595
 20
16.25304386777411
 10
51.62740029799166
 20
16.29084058424836
 10
51.59269513107222
 20
16.32746436576826
 10
51.55682370925254
 20
16.36292815967708
 10
51.5198113880977
 20
16.39724491331809
 10
51.48168352317231
 20
16.43042757403457
 10
51.44246547004145
 20
16.46248908916981
 10
51.40218258426995
 20
16.49344240606703
 10
51.36086022142281
 20
16.52330047206957
 10
51.31852373706485
 20
16.55207623452068
 10
51.27519848676107
 20
16.57978264076363
 10
51.23090982607618
 20
16.60643263814168
 10
51.18568311057535
 20
16.6320391739981
 10
51.13954369582319
 20
16.65661519567625
 10
51.09251693738475
 20
16.6801736505193
 10
51.04462819082502
 20
16.70272748587057
 10
50.99590281170879
 20
16.72428964907328
 10
50.946366155601
 20
16.74487308747078
 10
50.89604357806649
 20
16.76449074840633
 10
50.84496043467019
 20
16.78315557922318
 10
50.7931420809771
 20
16.80088052726459
 10
50.74061387255198
 20
16.81767853987385
 10
50.68740116495979
 20
16.83356256439427
 10
50.63352931376551
 20
16.8485455481691
 10
50.57902367453397
 20
16.86264043854156
 10
50.46821245421869
 20
16.88821772845273
 10
50.35517034853319
 20
16.91039801287385
 10
50.24010020199677
 20
16.92928487055118
 10
50.12320485912846
 20
16.94498188023091
 10
50.00468716444768
 20
16.95759262065919
 10
49.8847499624737
 20
16.96722067058229
 10
49.7635960977255
 20
16.97396960874633
 10
49.64142841472251
 20
16.97794301389761
 10
49.51844975798382
 20
16.97924446478215
 10
49.41428557060989
 20
16.97794759268768
 10
49.30962602029699
 20
16.97400623906707
 10
49.20472045080643
 20
16.96734429791469
 10
49.09981820589945
 20
16.95788566322488
 10
48.99516862933705
 20
16.94555422899199
 10
48.89102106488047
 20
16.93027388921034
 10
48.7876248562909
 20
16.91196853787428
 10
48.68522934732945
 20
16.89056206897814
 10
48.58408388175732
 20
16.86597837651627
 10
48.48443780333574
 20
16.83814135448299
 10
48.43525495423176
 20
16.82297906175034
 10
48.38654045582583
 20
16.80697489687266
 10
48.33832547608804
 20
16.79011934659936
 10
48.29064118298873
 20
16.77240289767961
 10
48.24351874449778
 20
16.75381603686281
 10
48.19698932858553
 20
16.7343492508982
 10
48.15108410322214
 20
16.71399302653508
 10
48.10583423637756
 20
16.69273785052274
 10
48.06127089602213
 20
16.6705742096105
 10
48.01742525012599
 20
16.64749259054758
 10
47.97432846665913
 20
16.62348348008334
 10
47.93201171359188
 20
16.59853736496704
 10
47.89050615889422
 20
16.57264473194798
 10
47.84984297053637
 20
16.54579606777548
 10
47.81005331648856
 20
16.51798185919881
 10
47.77116836472081
 20
16.48919259296724
 10
47.73321928320334
 20
16.45941875583007
 10
47.69623723990625
 20
16.42865083453666
 10
47.66025340279964
 20
16.3968793158362
 10
47.62529893985376
 20
16.36409468647807
 10
47.59140501903877
 20
16.33028743321148
 10
47.55860280832473
 20
16.2954480427858
 10
47.52692347568177
 20
16.25956700195027
 10
47.49639818908018
 20
16.2226347974542
 10
47.46705811648992
 20
16.18464191604687
 10
47.43893442588126
 20
16.14557884447759
 10
47.41205828522433
 20
16.10543606949569
 10
47.38646086248924
 20
16.06420407785036
 10
47.36217332564615
 20
16.02187335629099
 10
47.35053050442487
 20
16.00029299890264
 10
47.33922684266528
 20
15.9784343915668
 10
47.32826623636374
 20
15.95629634512708
 10
47.3176525815166
 20
15.93387767042717
 10
47.30738977412002
 20
15.91117717831068
 10
47.29748171017043
 20
15.88819367962128
 10
47.28793228566391
 20
15.86492598520267
 10
47.27874539659686
 20
15.84137290589852
 10
47.26992493896545
 20
15.81753325255246
 10
47.26147480876598
 20
15.79340583600813
 10
47.24570111464799
 20
15.74428295669943
 10
47.23145548221293
 20
15.69399475472167
 10
47.21876907943126
 20
15.64253171682417
 10
47.2076730742728
 20
15.58988432975622
 10
47.19819863470776
 20
15.53604308026713
 10
47.19037692870644
 20
15.48099845510619
 10
47.18423912423875
 20
15.42474094102267
 10
47.17981638927503
 20
15.36726102476586
 10
47.17713989178543
 20
15.30854919308507
 10
47.17624079973987
 20
15.24859593272961
 10
47.17624079973987
 20
15.08702620729448
 10
48.44548937935397
 20
15.08702620729448
 10
48.44548937935397
 20
15.2947236599609
 10
48.44557163758235
 20
15.30361407383221
 10
48.44581786214803
 20
15.31244104157976
 10
48.44622722787208
 20
15.3212044638733
 10
48.44679890957545
 20
15.32990424138229
 10
48.44753208207899
 20
15.33854027477656
 10
48.4484259202039
 20
15.34711246472561
 10
48.44947959877098
 20
15.3556207118992
 10
48.45069229260123
 20
15.36406491696694
 10
48.4520631765157
 20
15.37244498059842
 10
48.45359142533522
 20
15.38076080346334
 10
48.45527621388093
 20
15.38901228623131
 10
48.45711671697356
 20
15.39719932957202
 10
48.45911210943433
 20
15.4053218341551
 10
48.46126156608406
 20
15.41337970065016
 10
48.46356426174387
 20
15.42137282972686
 10
48.46601937123449
 20
15.42930112205485
 10
48.46862606937706
 20
15.43716447830379
 10
48.47138353099257
 20
15.44496279914332
 10
48.4742909309019
 20
15.45269598524309
 10
48.47734744392609
 20
15.46036393727269
 10
48.4805522448861
 20
15.46796655590183
 10
48.48390450860287
 20
15.4755037418001
 10
48.48740340989728
 20
15.48297539563722
 10
48.49104812359053
 20
15.49038141808275
 10
48.49483782450346
 20
15.49772170980642
 10
48.49877168745696
 20
15.50499617147783
 10
48.50284888727213
 20
15.51220470376657
 10
48.50706859876989
 20
15.51934720734239
 10
48.51142999677128
 20
15.52642358287484
 10
48.51593225609708
 20
15.53343373103362
 10
48.52057455156859
 20
15.54037755248838
 10
48.52535605800645
 20
15.54725494790876
 10
48.53027595023158
 20
15.55406581796437
 10
48.5353334030654
 20
15.56081006332486
 10
48.54052759132852
 20
15.56748758465994
 10
48.54585768984204
 20
15.57409828263915
 10
48.55692231690387
 20
15.58711881120877
 10
48.56852068281894
 20
15.59987085439087
 10
48.58064618615478
 20
15.61235361754258
 10
48.59329222547917
 20
15.62456630602112
 10
48.60645219936009
 20
15.6365081251836
 10
48.62011950636504
 20
15.64817828038718
 10
48.63428754506202
 20
15.65957597698905
 10
48.64894971401852
 20
15.67070042034633
 10
48.66409941180257
 20
15.68155081581622
 10
48.67973003698176
 20
15.69212636875583
 10
48.69583498812398
 20
15.70242628452237
 10
48.71240766379694
 20
15.71244976847292
 10
48.72944146256833
 20
15.72219602596469
 10
48.74692978300602
 20
15.73166426235488
 10
48.7648660236778
 20
15.74085368300057
 10
48.78324358315122
 20
15.74976349325893
 10
48.80205585999428
 20
15.75839289848715
 10
48.82129625277471
 20
15.76674110404239
 10
48.84095816006013
 20
15.77480731528172
 10
48.86103498041842
 20
15.78259073756244
 10
48.88152011241746
 20
15.7900905762416
 10
48.90240695462472
 20
15.79730603667644
 10
48.94535936393555
 20
15.81088064424156
 10
48.98983939689301
 20
15.82330820311513
 10
49.03579424203937
 20
15.83458235615436
 10
49.08317108791656
 20
15.84469674621653
 10
49.13191712306681
 20
15.85364501615889
 10
49.18197953603225
 20
15.86142080883874
 10
49.2333055153549
 20
15.8680177671133
 10
49.28584224957709
 20
15.87342953383984
 10
49.33953692724063
 20
15.87764975187561
 10
49.39433673688785
 20
15.88067206407791
 10
49.45018886706086
 20
15.88249011330396
 10
49.50704050630164
 20
15.88309754241103
 10
49.57322207242714
 20
15.88231731358479
 10
49.63762496392624
 20
15.87996536545392
 10
49.70022804273769
 20
15.87602480554018
 10
49.76101017080032
 20
15.87047874136533
 10
49.8199502100531
 20
15.86331028045116
 10
49.87702702243464
 20
15.8545025303194
 10
49.9048601129046
 20
15.8494786428975
 10
49.93221946988379
 20
15.84403859849185
 10
49.95910245111454
 20
15.83818028554271
 10
49.98550641433936
 20
15.83190159249028
 10
50.01142871730045
 20
15.82520040777476
 10
50.03686671774016
 20
15.81807461983641
 10
50.06181777340092
 20
15.81052211711544
 10
50.08627924202507
 20
15.80254078805202
 10
50.11024848135484
 20
15.79412852108644
 10
50.13372284913277
 20
15.78528320465893
 10
50.15669970310099
 20
15.77600272720962
 10
50.17917640100209
 20
15.76628497717884
 10
50.20115030057826
 20
15.75612784300673
 10
50.22261875957193
 20
15.74552921313354
 10
50.24357913572533
 20
15.73448697599949
 10
50.26402878678097
 20
15.72299902004482
 10
50.28396507048116
 20
15.71106323370971
 10
50.30338534456814
 20
15.69867750543441
 10
50.32228696678434
 20
15.68583972365912
 10
50.34066729487209
 20
15.67254777682405
 10
50.3585236865738
 20
15.65879955336949
 10
50.3758534996318
 20
15.64459294173563
 10
50.39265409178844
 20
15.62992583036263
 10
50.40892282078599
 20
15.61479610769074
 10
50.42465704436679
 20
15.59920166216025
 10
50.43985412027336
 20
15.5831403822113
 10
50.45451140624807
 20
15.56661015628414
 10
50.46862626003303
 20
15.54960887281897
 10
50.48219603937065
 20
15.53213442025609
 10
50.49521810200349
 20
15.51418468703557
 10
50.50768980567365
 20
15.49575756159779
 10
50.51960850812361
 20
15.47685093238285
 10
50.53097156709575
 20
15.45746268783109
 10
50.54177634033232
 20
15.4375907163826
 10
50.55202018557569
 20
15.4172329064777
 10
50.56170046056827
 20
15.39638714655657
 10
50.5708145230524
 20
15.37505132505947
 10
50.57935973077039
 20
15.35322333042653
 10
50.58733344146465
 20
15.33090105109802
 10
50.59473301287744
 20
15.30808237551422
 10
50.60155580275119
 20
15.28476519211526
 10
50.60779916882821
 20
15.26094738934141
 10
50.61346046885088
 20
15.2366268556329
 10
50.61853706056155
 20
15.2118014794299
 10
50.62302630170257
 20
15.18646914917266
 10
50.62692555001618
 20
15.16062775330143
 10
50.63023216324483
 20
15.13427518025636
 10
50.63294349913096
 20
15.10740931847774
 10
50.63505691541678
 20
15.08002805640576
 10
50.63656976984479
 20
15.05212928248068
 10
50.63747942015709
 20
15.02371088514263
 10
50.63778322409625
 20
14.99477075283193
 10
50.63778322409625
 20
14.45240191748744
 10
49.06845905722758
 20
14.45240191748744
 10
49.01499460369419
 20
14.45190415611245
 10
48.96170375013871
 20
14.45041421716239
 10
48.90860788452761
 20
14.4479371183997
 10
48.85572839482748
 20
14.44447787758669
 10
48.8030866690048
 20
14.44004151248589
 10
48.75070409502612
 20
14.43463304085964
 10
48.69860206085807
 20
14.42825748047029
 10
48.64680195446712
 20
14.42091984908031
 10
48.59532516381981
 20
14.41262516445208
 10
48.54419307688272
 20
14.40337844434801
 10
48.49342708162229
 20
14.39318470653049
 10
48.44304856600516
 20
14.38204896876191
 10
48.39307891799785
 20
14.36997624880471
 10
48.34353952556682
 20
14.35697156442123
 10
48.29445177667875
 20
14.34303993337393
 10
48.24583705930018
 20
14.32818637342517
 10
48.19771676139751
 20
14.31241590233736
 10
48.15011227093734
 20
14.29573353787294
 10
48.10304497588628
 20
14.27814429779427
 10
48.05653626421076
 20
14.25965319986372
 10
48.01060752387737
 20
14.24026526184379
 10
47.96528014285276
 20
14.2199855014968
 10
47.92057550910324
 20
14.19881893658515
 10
47.87651501059556
 20
14.1767705848713
 10
47.83312003529611
 20
14.15384546411757
 10
47.79041197117161
 20
14.13004859208644
 10
47.74841220618843
 20
14.10538498654029
 10
47.70714212831319
 20
14.07985966524146
 10
47.6666231255124
 20
14.05347764595244
 10
47.62687658575266
 20
14.02624394643559
 10
47.58792389700035
 20
13.9981635844533
 10
47.5497864472222
 20
13.96924157776799
 10
47.51248562438473
 20
13.93948294414205
 10
47.47604281645436
 20
13.90889270133786
 10
47.44047941139777
 20
13.87747586711787
 10
47.40581679718132
 20
13.84523745924444
 10
47.37207636177169
 20
13.81218249548002
 10
47.33927949313541
 20
13.77831599358697
 10
47.307447579239
 20
13.74364297132766
 10
47.27660200804902
 20
13.70816844646457
 10
47.24676416753192
 20
13.67189743676003
 10
47.21795544565438
 20
13.63483495997649
 10
47.19019723038286
 20
13.59698603387634
 10
47.1635109096839
 20
13.55835567622195
 10
47.13791787152418
 20
13.51894890477577
 10
47.11343950386996
 20
13.47877073730018
 10
47.09009719468798
 20
13.43782619155756
 10
47.06791233194474
 20
13.39612028531033
 10
47.04690630360684
 20
13.3536580363209
 10
47.0271004976407
 20
13.31044446235166
 10
47.00851630201293
 20
13.26648458116499
 10
46.99117510469004
 20
13.22178341052331
 10
46.97509829363858
 20
13.17634596818906
 10
46.96030725682516
 20
13.13017727192457
 10
46.94682338221622
 20
13.0832823394923
 10
46.93466805777831
 20
13.03566618865458
 10
46.92386267147813
 20
12.98733383717391
 10
46.91442861128203
 20
12.93829030281266
 10
46.90638726515658
 20
12.88854060333315
 10
46.89976002106845
 20
12.83808975649784
 10
46.89456826698402
 20
12.78694278006913
 10
46.89083339086991
 20
12.73510469180946
 10
46.88857678069253
 20
12.68258050948119
 10
46.88781982441873
 20
12.62937525084668
 10
46.88842655154448
 20
12.5772427534977
 10
46.89024004631576
 20
12.52577461406805
 10
46.89325027882371
 20
12.47497584470425
 10
46.89744721915926
 20
12.4248514575529
 10
46.90282083741348
 20
12.37540646476054
 10
46.9093611036775
 20
12.32664587847371
 10
46.91705798804226
 20
12.27857471083893
 10
46.92590146059887
 20
12.23119797400276
 10
46.93588149143846
 20
12.18452068011184
 10
46.94698805065185
 20
12.1385478413126
 10
46.9592111083304
 20
12.09328446975167
 10
46.97254063456482
 20
12.04873557757554
 10
46.98696659944642
 20
12.00490617693081
 10
47.00247897306607
 20
11.96180127996405
 10
47.01906772551498
 20
11.91942589882172
 10
47.0367228268841
 20
11.87778504565044
 10
47.05543424726445
 20
11.83688373259672
 10
47.07519195674724
 20
11.79672697180719
 10
47.09598592542322
 20
11.7573197754283
 10
47.11780612338381
 20
11.71866715560666
 10
47.14064252071972
 20
11.68077412448881
 10
47.16448508752226
 20
11.64364569422128
 10
47.18932379388232
 20
11.60728687695067
 10
47.21514860989103
 20
11.57170268482351
 10
47.24194950563933
 20
11.53689812998629
 10
47.26971645121847
 20
11.50287822458563
 10
47.29843941671927
 20
11.46964798076807
 10
47.32810837223293
 20
11.43721241068013
 10
47.35871328785039
 20
11.40557652646839
 10
47.39024413366283
 20
11.3747453402794
 10
47.42269087976114
 20
11.34472386425968
 10
47.45604349623659
 20
11.3155171105558
 10
47.49029195318004
 20
11.28713009131433
 10
47.5254262206825
 20
11.2595678186818
 10
47.56143626883518
 20
11.23283530480478
 10
47.59831206772912
 20
11.20693756182978
 10
47.63604358745522
 20
11.18187960190338
 10
47.67462079810465
 20
11.15766643717214
 10
47.71403366976838
 20
11.13430307978257
 10
47.75427217253758
 20
11.11179454188123
 10
47.79532627650323
 20
11.09014583561475
 10
47.83718595175621
 20
11.06936197312956
 10
47.87984116838791
 20
11.0494479665723
 10
47.92328189648915
 20
11.03040882808948
 10
47.96749810615096
 20
11.01224956982765
 10
48.01247976746449
 20
10.99497520393341
 10
48.05821685052072
 20
10.97859074255321
 10
48.10469932541085
 20
10.96310119783373
 10
48.15191716222577
 20
10.94851158192137
 10
48.19986033105649
 20
10.93482690696279
 10
48.24851880199418
 20
10.92205218510455
 10
48.29788254512989
 20
10.91019242849312
 10
48.34794153055447
 20
10.89925264927508
 10
48.39868572835928
 20
10.88923785959704
 10
48.45010510863517
 20
10.88015307160552
 10
48.50218964147325
 20
10.87200329744697
 10
48.55492929696453
 20
10.8647935492681
 10
48.60831404520005
 20
10.85852883921536
 10
48.66233385627086
 20
10.85321417943532
 10
48.716978700268
 20
10.84885458207454
 10
48.77223854728268
 20
10.8454550592796
 10
48.82810336740582
 20
10.84302062319697
 97
        0
 92
        2
 72
     0
 73
     1
 93
      172
 10
49.32240691725086
 20
11.94874591393399
 10
49.26149686011431
 20
11.94948884228135
 10
49.20210153263174
 20
11.95171626454375
 10
49.1442484075437
 20
11.95542613655159
 10
49.08796495759071
 20
11.96061641413534
 10
49.03327865551336
 20
11.96728505312541
 10
48.98021697405205
 20
11.97543000935216
 10
48.92880738594752
 20
11.98504923864612
 10
48.90373071213538
 20
11.99041106689028
 10
48.87907736394016
 20
11.99614069683762
 10
48.85485077545425
 20
12.00223787296701
 10
48.83105438077044
 20
12.0087023397572
 10
48.80769161398109
 20
12.01553384168695
 10
48.78476590917898
 20
12.02273212323513
 10
48.76228070045653
 20
12.0302969288806
 10
48.74023942190632
 20
12.03822800310199
 10
48.71864550762097
 20
12.04652509037825
 10
48.69750239169298
 20
12.05518793518813
 10
48.676813508215
 20
12.06421628201046
 10
48.6565822912796
 20
12.07360987532401
 10
48.63681217497912
 20
12.0833684596076
 10
48.61750659340649
 20
12.09349177934
 10
48.59866898065394
 20
12.10397957900007
 10
48.58030277081434
 20
12.11483160306659
 10
48.56241139797991
 20
12.12604759601833
 10
48.54499829624352
 20
12.13762730233417
 10
48.52806689969765
 20
12.14957046649284
 10
48.51162064243485
 20
12.16187683297319
 10
48.49566295854758
 20
12.17454614625394
 10
48.48019728212847
 20
12.18757815081402
 10
48.46522704727035
 20
12.20097259113212
 10
48.45075568806539
 20
12.21472921168716
 10
48.43678663860629
 20
12.22884775695784
 10
48.42332333298569
 20
12.24332797142299
 10
48.41036920529621
 20
12.25816959956143
 10
48.39792768963031
 20
12.27337238585198
 10
48.38600222008043
 20
12.28893607477338
 10
48.37459623073929
 20
12.30486041080449
 10
48.36371315569961
 20
12.3211451384241
 10
48.35335642905367
 20
12.337790002111
 10
48.34352948489422
 20
12.354794746344
 10
48.33423575731375
 20
12.37215911560193
 10
48.32547868040473
 20
12.38988285436354
 10
48.31726168825994
 20
12.40796570710769
 10
48.30958821497185
 20
12.42640741831311
 10
48.30246169463297
 20
12.44520773245868
 10
48.29588556133604
 20
12.4643663940232
 10
48.28986324917329
 20
12.48388314748539
 10
48.28439819223771
 20
12.50375773732415
 10
48.27949382462148
 20
12.52398990801822
 10
48.27515358041747
 20
12.54457940404645
 10
48.27138089371806
 20
12.56552596988761
 10
48.26817919861589
 20
12.58682935002052
 10
48.26555192920344
 20
12.60848928892395
 10
48.26350251957345
 20
12.63050553107672
 10
48.26203440381838
 20
12.65287782095769
 10
48.26115101603081
 20
12.67560590304559
 10
48.26085579030319
 20
12.69868952181927
 10
48.26114243735116
 20
12.72279278810056
 10
48.26199955933813
 20
12.74644233016636
 10
48.26342292752865
 20
12.76964052071351
 10
48.26540831318732
 20
12.79238973243889
 10
48.26795148757873
 20
12.81469233803916
 10
48.27104822196756
 20
12.83655071021126
 10
48.27469428761819
 20
12.85796722165203
 10
48.27888545579547
 20
12.87894424505825
 10
48.28361749776383
 20
12.89948415312675
 10
48.2888861847879
 20
12.91958931855436
 10
48.29468728813225
 20
12.93926211403795
 10
48.30101657906152
 20
12.95850491227427
 10
48.30786982884029
 20
12.97732008596022
 10
48.31524280873313
 20
12.99571000779256
 10
48.32313129000451
 20
13.01367705046817
 10
48.33153104391931
 20
13.03122358668383
 10
48.34043784174181
 20
13.04835198913645
 10
48.3498474547369
 20
13.06506463052274
 10
48.35975565416894
 20
13.08136388353962
 10
48.37015821130257
 20
13.09725212088385
 10
48.3810508974025
 20
13.11273171525228
 10
48.39242948373321
 20
13.12780503934179
 10
48.40428974155924
 20
13.14247446584915
 10
48.4166274421453
 20
13.15674236747115
 10
48.4294383567559
 20
13.17061111690473
 10
48.44271825665571
 20
13.18408308684658
 10
48.45646291310926
 20
13.19716064999365
 10
48.47066809738113
 20
13.20984617904268
 10
48.48532958073595
 20
13.22214204669057
 10
48.50044313443834
 20
13.23405062563408
 10
48.51600452975287
 20
13.24557428857006
 10
48.53200953794396
 20
13.25671540819532
 10
48.54845393027651
 20
13.26747635720672
 10
48.56533347801494
 20
13.27785950830109
 10
48.58264395242385
 20
13.28786723417524
 10
48.60038112476778
 20
13.29750190752597
 10
48.61854076631139
 20
13.30676590105013
 10
48.63711864831923
 20
13.31566158744458
 10
48.65611054205598
 20
13.32419133940607
 10
48.67551221878613
 20
13.33235752963151
 10
48.69531944977436
 20
13.34016253081763
 10
48.71552800628506
 20
13.34760871566135
 10
48.73613365958314
 20
13.3546984568595
 10
48.75713218093292
 20
13.36143412710878
 10
48.77851934159912
 20
13.36781809910617
 10
48.8002909128464
 20
13.37385274554841
 10
48.82244266593911
 20
13.37954043913235
 10
48.84497037214211
 20
13.38488355255477
 10
48.89113672893685
 20
13.39454552970254
 10
48.93875615334741
 20
13.40285765856631
 10
48.98779481549047
 20
13.40983892072069
 10
49.03821888548264
 20
13.41550829774029
 10
49.0899945334408
 20
13.41988477119977
 10
49.14308792948173
 20
13.42298732267366
 10
49.19746524372192
 20
13.4248349337366
 10
49.25309264627831
 20
13.42544658596322
 10
50.63778322409625
 20
13.42544658596322
 10
50.63778322409625
 20
13.13702561064207
 10
50.63721906698905
 20
13.07778122224472
 10
50.63543364211037
 20
13.01909781238321
 10
50.63228751912459
 20
12.96106193254505
 10
50.62764126769602
 20
12.90376013421783
 10
50.62135545748907
 20
12.84727896888909
 10
50.61755414586382
 20
12.81937317093897
 10
50.61329065816813
 20
12.79170498804633
 10
50.60854756561003
 20
12.76428523914708
 10
50.6033074393975
 20
12.73712474317717
 10
50.59755285073868
 20
12.71023431907252
 10
50.59126637084151
 20
12.6836247857691
 10
50.58443057091412
 20
12.65730696220285
 10
50.57702802216457
 20
12.63129166730969
 10
50.56904129580093
 20
12.60558972002559
 10
50.56045296303114
 20
12.58021193928648
 10
50.55124559506332
 20
12.55516914402835
 10
50.54140176310548
 20
12.53047215318704
 10
50.53090403836569
 20
12.50613178569862
 10
50.51973499205186
 20
12.48215886049893
 10
50.5078771953723
 20
12.45856419652394
 10
50.49531321953494
 20
12.43535861270965
 10
50.48202563574775
 20
12.41255292799191
 10
50.46799701521877
 20
12.39015796130677
 10
50.4532099291561
 20
12.36818453159005
 10
50.43764694876781
 20
12.34664345777785
 10
50.42129064526204
 20
12.32554555880595
 10
50.40412358984662
 20
12.30490165361038
 10
50.38612835372958
 20
12.28472256112708
 10
50.36728750811921
 20
12.26501910029199
 10
50.34758362422333
 20
12.24580209004106
 10
50.32699927325009
 20
12.2270823493102
 10
50.30551702640758
 20
12.20887069703536
 10
50.28311945490381
 20
12.19117795215253
 10
50.25978912994671
 20
12.1740149335976
 10
50.23550862274451
 20
12.15739246030655
 10
50.21026050450515
 20
12.1413213512153
 10
50.18402734643657
 20
12.12581242525979
 10
50.15679171974702
 20
12.11087650137603
 10
50.12853619564444
 20
12.09652439849986
 10
50.09924334533693
 20
12.08276693556727
 10
50.06889574003256
 20
12.06961493151424
 10
50.03747595093921
 20
12.05707920527666
 10
50.00496654926505
 20
12.04517057579048
 10
49.9713501062181
 20
12.03389986199169
 10
49.93660919300643
 20
12.02327788281619
 10
49.90072638083802
 20
12.01331545719991
 10
49.8636842409211
 20
12.00402340407887
 10
49.82546534446351
 20
11.99541254238891
 10
49.78605226267333
 20
11.98749369106603
 10
49.74542756675862
 20
11.98027766904616
 10
49.70357382792747
 20
11.97377529526528
 10
49.66047361738789
 20
11.96799738865932
 10
49.61610950634796
 20
11.96295476816416
 10
49.57046406601566
 20
11.95865825271582
 10
49.52351986759911
 20
11.95511866125019
 10
49.42566548134525
 20
11.95035352601098
 97
        0
 75
     0
 76
     1
 98
        0
450
        0
451
        0
460
0.0
461
0.0
452
        1
462
0.0
453
        0
470

  0
HATCH
  5
219CA
330
219BD
100
AcDbEntity
  8
Layer 1
 62
   142
420
    37299
100
AcDbHatch
 10
0.0
 20
0.0
 30
0.0
210
0.0
220
0.0
230
1.0
  2
SOLID
 70
     1
 71
     0
 91
        1
 92
        2
 72
     0
 73
     1
 93
      148
 10
45.20329901959743
 20
10.87554017505285
 10
45.27355438730505
 20
10.87646782369802
 10
45.34559766209731
 20
10.87917169845877
 10
45.4190573891602
 20
10.88353319257304
 10
45.49356211367978
 20
10.88943369927876
 10
45.64422073583338
 20
10.90537732341634
 10
45.79460189004663
 20
10.92605371677489
 10
45.94173393780806
 20
10.9505140252579
 10
46.08264524060621
 20
10.97780939476877
 10
46.21436415992943
 20
11.00699097121099
 10
46.33391905726642
 20
11.03710990048797
 10
46.33391905726642
 20
12.11019295924347
 10
46.01094829156889
 20
12.07848014677197
 10
45.93694462071664
 20
12.07257904104218
 10
45.86023384037376
 20
12.06802933357113
 10
45.77811459168055
 20
12.06510130401053
 10
45.68788551577711
 20
12.06406523201221
 10
45.67022664196049
 20
12.06422514007862
 10
45.65293650207823
 20
12.06470222295618
 10
45.63601219554354
 20
12.06549251866237
 10
45.61945082176964
 20
12.06659206521473
 10
45.60324948016997
 20
12.06799690063067
 10
45.5874052701574
 20
12.0697030629277
 10
45.57191529114544
 20
12.07170659012339
 10
45.5567766425473
 20
12.0740035202351
 10
45.54198642377605
 20
12.07658989128045
 10
45.527541734245
 20
12.07946174127678
 10
45.51343967336745
 20
12.08261510824173
 10
45.49967734055658
 20
12.08604603019272
 10
45.48625183522559
 20
12.08975054514716
 10
45.47316025678767
 20
12.09372469112268
 10
45.46039970465611
 20
12.0979645061367
 10
45.44796727824411
 20
12.10246602820672
 10
45.43586007696504
 20
12.10722529535019
 10
45.42407520023192
 20
12.11223834558464
 10
45.41260974745802
 20
12.11750121692755
 10
45.40146081805673
 20
12.12300994739639
 10
45.39062551144112
 20
12.12876057500867
 10
45.38010092702444
 20
12.13474913778193
 10
45.36988416421992
 20
12.14097167373358
 10
45.35997232244088
 20
12.14742422088111
 10
45.35036250110045
 20
12.154102817242
 10
45.34105179961187
 20
12.16100350083383
 10
45.33203731738839
 20
12.168122309674
 10
45.32331615384324
 20
12.17545528178004
 10
45.31488540838973
 20
12.18299845516942
 10
45.30674218044086
 20
12.19074786785963
 10
45.29888356941015
 20
12.19869955786817
 10
45.29130667471058
 20
12.2068495632125
 10
45.28400859575555
 20
12.21519392191012
 10
45.27698643195812
 20
12.22372867197856
 10
45.2702372827317
 20
12.2324498514353
 10
45.26375824748948
 20
12.24135349829775
 10
45.25754642564447
 20
12.25043565058349
 10
45.25159891661025
 20
12.25969234630994
 10
45.24591281979971
 20
12.26911962349467
 10
45.24048523462645
 20
12.27871352015509
 10
45.23531326050338
 20
12.28847007430875
 10
45.23039399684385
 20
12.29838532397306
 10
45.22572454306106
 20
12.30845530716561
 10
45.2213019985682
 20
12.31867606190376
 10
45.21712346277863
 20
12.32904362620513
 10
45.2131860351055
 20
12.33955403808714
 10
45.20948681496204
 20
12.35020333556732
 10
45.20602290176145
 20
12.36098755666308
 10
45.20279139491707
 20
12.37190273939198
 10
45.19978939384194
 20
12.38294492177152
 10
45.19701399794948
 20
12.39411014181911
 10
45.19446230665283
 20
12.40539443755227
 10
45.19213141936524
 20
12.41679384698856
 10
45.19001843549989
 20
12.42830440814537
 10
45.18812045447003
 20
12.43992215904022
 10
45.18643457568889
 20
12.45164313769063
 10
45.18495789856975
 20
12.46346338211409
 10
45.18368752252579
 20
12.47537893032803
 10
45.18175407131642
 20
12.49948009019743
 10
45.18061101736643
 20
12.52391492143878
 10
45.18023515598186
 20
12.54865172819194
 10
45.18023515598186
 20
19.18307024133228
 10
43.77260339467382
 20
19.18307024133228
 10
43.77260339467382
 20
12.53711979638411
 10
43.77333276635818
 20
12.43100046938617
 10
43.77681669023795
 20
12.31335076804289
 10
43.78019901963869
 20
12.25099442349405
 10
43.7849988795534
 20
12.1867063611616
 10
43.79145923413709
 20
12.12080353964649
 10
43.79982304754467
 20
12.05360291754957
 10
43.81033328393146
 20
11.9854214534718
 10
43.82323290745211
 20
11.91657610601407
 10
43.83065466568626
 20
11.88200352558052
 10
43.8387648822619
 20
11.84738383377729
 10
43.84759392769868
 20
11.81275665042954
 10
43.85717217251588
 20
11.77816159536236
 10
43.8675299872328
 20
11.74363828840088
 10
43.87869774236887
 20
11.70922634937018
 10
43.89070580844348
 20
11.67496539809542
 10
43.90358455597612
 20
11.64089505440169
 10
43.91736435548597
 20
11.6070549381141
 10
43.93207557749249
 20
11.57348466905776
 10
43.94774859251504
 20
11.54022386705782
 10
43.96441377107305
 20
11.50731215193937
 10
43.98210148368588
 20
11.47478914352751
 10
44.00084210087288
 20
11.44269446164731
 10
44.02066599315349
 20
11.41106772612402
 10
44.04160353104706
 20
11.37994855678261
 10
44.06368508507291
 20
11.34937657344827
 10
44.0869410257505
 20
11.31939139594614
 10
44.09901888187093
 20
11.30463124057744
 10
44.11140172359901
 20
11.29003264410122
 10
44.12409334724992
 20
11.27560055899564
 10
44.13709754913816
 20
11.26133993773875
 10
44.15041812557894
 20
11.24725573280875
 10
44.16405887288703
 20
11.23335289668377
 10
44.17802358737754
 20
11.21963638184192
 10
44.19231606536522
 20
11.20611114076141
 10
44.20694010316509
 20
11.19278212592031
 10
44.22189949709195
 20
11.1796542897968
 10
44.23719804346079
 20
11.16673258486897
 10
44.25283953858667
 20
11.15402196361501
 10
44.2688277787843
 20
11.14152737851306
 10
44.28516656036876
 20
11.12925378204121
 10
44.30185967965485
 20
11.11720612667764
 10
44.31891093295749
 20
11.10538936490045
 10
44.33632411659167
 20
11.09380844918785
 10
44.35410302687237
 20
11.08246833201794
 10
44.37225146011435
 20
11.07137396586885
 10
44.39077321263272
 20
11.06053030321871
 10
44.40967208074229
 20
11.04994229654565
 10
44.42895186075799
 20
11.03961489832788
 10
44.44861634899476
 20
11.02955306104347
 10
44.46866934176753
 20
11.01976173717056
 10
44.48911463539113
 20
11.01024587918735
 10
44.50995602618056
 20
11.00101043957192
 10
44.5311973104508
 20
10.99206037080245
 10
44.55284228451666
 20
10.98340062535705
 10
44.57489474469315
 20
10.97503615571389
 10
44.59735848729517
 20
10.96697191435103
 10
44.6202373086376
 20
10.9592128537467
 10
44.64353500503543
 20
10.951763926379
 10
44.69140220825681
 20
10.93781628126607
 10
44.74099046747861
 20
10.92516859883737
 10
44.79233015322039
 20
10.91386049891796
 10
44.84545163600142
 20
10.90393160133302
 10
44.90038528634102
 20
10.89542152590758
 10
44.95716147475883
 20
10.88836989246684
 10
45.01581057177392
 20
10.88281632083592
 10
45.07636294790585
 20
10.87880043083984
 10
45.13884897367389
 20
10.8763618423038
 97
        0
 75
     0
 76
     1
 98
        0
450
        0
451
        0
460
0.0
461
0.0
452
        1
462
0.0
453
        0
470

  0
HATCH
  5
219CB
330
219BD
100
AcDbEntity
  8
Layer 1
 62
   142
420
    37299
100
AcDbHatch
 10
0.0
 20
0.0
 30
0.0
210
0.0
220
0.0
230
1.0
  2
SOLID
 70
     1
 71
     0
 91
        2
 92
        2
 72
     0
 73
     1
 93
      258
 10
39.9188526087259
 20
10.81788051601377
 10
39.98001270364924
 20
10.81852221772032
 10
40.0412244278938
 20
10.82044503531687
 10
40.10245530780432
 20
10.82364553751881
 10
40.16367286972553
 20
10.82812029304147
 10
40.22484464000192
 20
10.83386587060023
 10
40.28593814497816
 20
10.84087883891044
 10
40.34692091099876
 20
10.84915576668745
 10
40.40776046440853
 20
10.85869322264663
 10
40.46842433155197
 20
10.86948777550329
 10
40.52888003877376
 20
10.88153599397289
 10
40.5890951124183
 20
10.89483444677072
 10
40.6490370788305
 20
10.90937970261212
 10
40.70867346435477
 20
10.92516833021249
 10
40.76797179533588
 20
10.94219689828723
 10
40.82689959811844
 20
10.96046197555156
 10
40.88542439904699
 20
10.97996013072097
 10
40.94351372446616
 20
11.00068793251075
 10
41.00113510072048
 20
11.02264194963631
 10
41.05825605415486
 20
11.04581875081295
 10
41.11484411111354
 20
11.07021490475609
 10
41.17086679794136
 20
11.09582698018103
 10
41.22629164098291
 20
11.12265154580316
 10
41.28108616658283
 20
11.15068517033787
 10
41.33521790108574
 20
11.17992442250045
 10
41.38865437083615
 20
11.21036587100629
 10
41.4413631021788
 20
11.24200608457077
 10
41.49331162145819
 20
11.27484163190923
 10
41.54446745501911
 20
11.30886908173702
 10
41.594798129206
 20
11.34408500276952
 10
41.64427117036362
 20
11.38048596372206
 10
41.69285410483644
 20
11.41806853331
 10
41.74051445896918
 20
11.45682928024873
 10
41.78721975910647
 20
11.49676477325358
 10
41.8329375315929
 20
11.53787158103992
 10
41.87763530277305
 20
11.58014627232312
 10
41.92128059899167
 20
11.62358541581855
 10
41.96384094659319
 20
11.66818558024153
 10
42.00528387192235
 20
11.71394333430744
 10
42.0455769013237
 20
11.76085524673163
 10
42.08468756114195
 20
11.80891788622946
 10
42.12258337772164
 20
11.85812782151628
 10
42.15923187740736
 20
11.9084816213075
 10
42.19460058654386
 20
11.95997585431837
 10
42.22865703147564
 20
12.01260708926438
 10
42.26136873854739
 20
12.06637189486081
 10
42.29270323410361
 20
12.12126683982299
 10
42.3226280444891
 20
12.17728849286638
 10
42.35111069604835
 20
12.23443342270629
 10
42.37811871512604
 20
12.29269819805804
 10
42.40361962806673
 20
12.35207938763701
 10
42.42758096121505
 20
12.41257356015858
 10
42.44997024091557
 20
12.47417728433814
 10
42.47075499351305
 20
12.53688712889095
 10
42.48990274535202
 20
12.60069966253243
 10
42.50738102277719
 20
12.66561145397793
 10
42.52315735213295
 20
12.73161907194285
 10
42.53719925976404
 20
12.79871908514248
 10
42.54947427201528
 20
12.86690806229222
 10
42.55994991523095
 20
12.93618257210741
 10
42.56859371575589
 20
13.00653918330342
 10
42.57537319993469
 20
13.07797446459561
 10
42.58025589411192
 20
13.15048498469934
 10
42.58320932463215
 20
13.22406731232996
 10
42.58420101784014
 20
13.29871801620282
 10
42.58420101784014
 20
14.51006157652654
 10
42.58326734900328
 20
14.58049951225729
 10
42.5804835943853
 20
14.65010046444087
 10
42.57587563182534
 20
14.71885572008534
 10
42.56946933916225
 20
14.78675656619862
 10
42.56129059423514
 20
14.85379428978872
 10
42.55136527488292
 20
14.91996017786365
 10
42.53971925894456
 20
14.98524551743137
 10
42.52637842425918
 20
15.04964159549988
 10
42.51136864866572
 20
15.11313969907711
 10
42.49471581000318
 20
15.17573111517114
 10
42.4764457861105
 20
15.23740713078987
 10
42.45658445482672
 20
15.29815903294133
 10
42.43515769399084
 20
15.35797810863352
 10
42.41219138144191
 20
15.41685564487438
 10
42.38771139501875
 20
15.47478292867194
 10
42.36174361256064
 20
15.53175124703412
 10
42.33431391190637
 20
15.58775188696897
 10
42.30544817089492
 20
15.64277613548448
 10
42.27517226736543
 20
15.69681527958859
 10
42.24351207915677
 20
15.74986060628926
 10
42.21049348410801
 20
15.80190340259455
 10
42.17614236005809
 20
15.85293495551244
 10
42.14048458484614
 20
15.90294655205086
 10
42.10354603631097
 20
15.95192947921782
 10
42.06535259229167
 20
15.99987502402133
 10
42.02593013062727
 20
16.04677447346935
 10
41.98530452915668
 20
16.09261911456987
 10
41.94350166571896
 20
16.13740023433087
 10
41.90054741815311
 20
16.18110911976035
 10
41.856467664298
 20
16.22373705786626
 10
41.81128828199288
 20
16.26527533565664
 10
41.76503514907657
 20
16.30571524013943
 10
41.71773414338804
 20
16.34504805832265
 10
41.66941114276636
 20
16.38326507721424
 10
41.62009202505061
 20
16.42035758382223
 10
41.56980266807955
 20
16.45631686515461
 10
41.51856894969244
 20
16.49113420821933
 10
41.46641674772806
 20
16.52480090002438
 10
41.41337194002557
 20
16.55730822757773
 10
41.35946040442383
 20
16.58864747788741
 10
41.30470801876194
 20
16.6188099379614
 10
41.24914066087891
 20
16.64778689480766
 10
41.19278420861355
 20
16.6755696354342
 10
41.13566453980507
 20
16.70214944684897
 10
41.07780753229244
 20
16.72751761605994
 10
41.01923906391457
 20
16.75166543007519
 10
40.95998501251052
 20
16.77458417590262
 10
40.90007125591921
 20
16.79626514055028
 10
40.8395236719798
 20
16.81669961102605
 10
40.77836813853105
 20
16.83587887433803
 10
40.7166305334122
 20
16.85379421749414
 10
40.65433673446207
 20
16.87043692750238
 10
40.5915126195197
 20
16.88579829137076
 10
40.5281840664241
 20
16.89986959610722
 10
40.46437695301429
 20
16.91264212871975
 10
40.40011715712927
 20
16.92410717621641
 10
40.33543055660802
 20
16.9342560256051
 10
40.27034302928945
 20
16.94307996389383
 10
40.20488045301269
 20
16.95057027809059
 10
40.13906870561672
 20
16.95671825520335
 10
40.07293366494048
 20
16.96151518224017
 10
40.006501208823
 20
16.96495234620896
 10
39.93979721510323
 20
16.96702103411766
 10
39.87284756162029
 20
16.96771253297434
 10
39.81168746669698
 20
16.96707092018542
 10
39.75047574245241
 20
16.96514836559787
 10
39.68924486254181
 20
16.96194829488044
 10
39.62802730062069
 20
16.95747413370192
 10
39.5668555303443
 20
16.95172930773116
 10
39.50576202536806
 20
16.94471724263695
 10
39.44477925934737
 20
16.93644136408798
 10
39.38393970593768
 20
16.92690509775314
 10
39.32327583879425
 20
16.91611186930117
 10
39.26282013157248
 20
16.90406510440092
 10
39.20260505792791
 20
16.89076822872108
 10
39.14266309151571
 20
16.87622466793056
 10
39.08302670599136
 20
16.86043784769805
 10
39.02372837501028
 20
16.84341119369237
 10
38.96480057222778
 20
16.82514813158237
 10
38.90627577129925
 20
16.80565208703676
 10
38.84818644588006
 20
16.7849264857244
 10
38.7905650696257
 20
16.76297475331402
 10
38.73344411619138
 20
16.73980031547445
 10
38.67685605923268
 20
16.71540659787444
 10
38.62083337240481
 20
16.68979702618283
 10
38.56540852936323
 20
16.66297502606836
 10
38.51061400376335
 20
16.63494402319989
 10
38.45648226926048
 20
16.60570744324614
 10
38.40304579951001
 20
16.57526871187598
 10
38.35033706816739
 20
16.54363125475811
 10
38.29838854888803
 20
16.51079849756133
 10
38.2472327153271
 20
16.47677386595453
 10
38.19690204114022
 20
16.44156078560642
 10
38.14742899998265
 20
16.40516268218579
 10
38.0988460655098
 20
16.36758298136147
 10
38.05118571137695
 20
16.32882510880221
 10
38.00448041123969
 20
16.28889249017679
 10
37.95876263875332
 20
16.24778855115407
 10
37.91406486757302
 20
16.20551671740276
 10
37.87041957135455
 20
16.16208041459172
 10
37.82785922375302
 20
16.1174830683897
 10
37.78641629842389
 20
16.07172810446552
 10
37.74612326902252
 20
16.02481894848797
 10
37.70701260920427
 20
15.97675902612576
 10
37.66911679262458
 20
15.92755176304779
 10
37.63246829293877
 20
15.87720058492281
 10
37.59709958380228
 20
15.82570891741957
 10
37.56304313887048
 20
15.77308018620694
 10
37.53033143179883
 20
15.71931781695365
 10
37.49899693624252
 20
15.66442523532848
 10
37.46907212585711
 20
15.60840586700028
 10
37.44058947429784
 20
15.55126313763781
 10
37.41358145522017
 20
15.49300047290986
 10
37.38808054227951
 20
15.43362129848523
 10
37.36411920913116
 20
15.37312904003269
 10
37.34172992943064
 20
15.31152712322107
 10
37.32094517683311
 20
15.2488189737191
 10
37.30179742499419
 20
15.18500801719564
 10
37.28431914756908
 20
15.12009767931939
 10
37.26854281821327
 20
15.05409138575925
 10
37.25450091058212
 20
14.98699256218392
 10
37.24222589833093
 20
14.91880463426225
 10
37.2317502551152
 20
14.84953102766301
 10
37.22310645459032
 20
14.77917516805498
 10
37.21632697041153
 20
14.70774048110698
 10
37.21144427623426
 20
14.63523039248775
 10
37.20849084571404
 20
14.56164832786614
 10
37.20749915250607
 20
14.48699771291091
 10
37.20749915250607
 20
13.13702561064207
 10
37.20843282134294
 20
13.06668806291849
 10
37.21121657596092
 20
12.99738404789289
 10
37.21582453852079
 20
12.92911593826207
 10
37.22223083118394
 20
12.86188610672285
 10
37.23040957611107
 20
12.79569692597214
 10
37.24033489546326
 20
12.73055076870665
 10
37.25198091140166
 20
12.66645000762326
 10
37.26532174608701
 20
12.60339701541884
 10
37.28033152168044
 20
12.54139416479012
 10
37.29698436034297
 20
12.48044382843404
 10
37.31525438423569
 20
12.42054837904732
 10
37.33511571551949
 20
12.36171018932683
 10
37.35654247635534
 20
12.30393163196942
 10
37.3795087889043
 20
12.24721507967187
 10
37.40398877532732
 20
12.19156290513106
 10
37.42995655778549
 20
12.13697748104382
 10
37.45738625843979
 20
12.08346118010687
 10
37.48625199945127
 20
12.03101637501714
 10
37.51652790298078
 20
11.97964543847148
 10
37.54818809118936
 20
11.9293507431666
 10
37.58120668623815
 20
11.88013466179941
 10
37.61555781028813
 20
11.83199956706672
 10
37.6512155855001
 20
11.78494783166532
 10
37.68815413403525
 20
11.7389818282921
 10
37.72634757805449
 20
11.69410392964385
 10
37.76577003971894
 20
11.65031650841744
 10
37.80639564118954
 20
11.60762193730961
 10
37.84819850462725
 20
11.56602258901724
 10
37.89115275219311
 20
11.5255208362372
 10
37.93523250604812
 20
11.48611905166625
 10
37.98041188835333
 20
11.44781960800121
 10
38.02666502126965
 20
11.41062487793895
 10
38.07396602695815
 20
11.37453723417625
 10
38.12228902757985
 20
11.33955904940999
 10
38.17160814529564
 20
11.30569269633695
 10
38.22189750226664
 20
11.272940547654
 10
38.27313122065377
 20
11.24130497605794
 10
38.3252834226181
 20
11.21078835424559
 10
38.37832823032062
 20
11.1813930549138
 10
38.43223976592239
 20
11.15312145075937
 10
38.48699215158428
 20
11.12597591447912
 10
38.54255950946731
 20
11.09995881876991
 10
38.59891596173259
 20
11.07507253632861
 10
38.65603563054106
 20
11.05131943985194
 10
38.71389263805372
 20
11.02870190203675
 10
38.77246110643156
 20
11.00722229557993
 10
38.83171515783568
 20
10.98688299317828
 10
38.89162891442694
 20
10.96768636752858
 10
38.95217649836641
 20
10.94963479132769
 10
39.01333203181508
 20
10.93273063727242
 10
39.07506963693402
 20
10.91697627805966
 10
39.13736343588414
 20
10.90237408638619
 10
39.20018755082651
 20
10.88892643494879
 10
39.26351610392212
 20
10.87663569644439
 10
39.32732321733193
 20
10.86550424356971
 10
39.39158301321689
 20
10.85553444902164
 10
39.45626961373818
 20
10.84672868549699
 10
39.52135714105668
 20
10.8390893256926
 10
39.58681971733353
 20
10.83261874230529
 10
39.65263146472949
 20
10.82731930803187
 10
39.71876650540568
 20
10.8231933955692
 10
39.78519896152321
 20
10.82024337761404
 10
39.85190295524296
 20
10.81847162686331
 97
        0
 92
        2
 72
     0
 73
     1
 93
      252
 10
39.9188526087259
 20
12.00640557297308
 10
39.88490835631899
 20
12.0067177351697
 10
39.85122638378482
 20
12.00765210832781
 10
39.81781540411535
 20
12.00920552229982
 10
39.78468413030268
 20
12.01137480693814
 10
39.75184127533882
 20
12.0141567920952
 10
39.71929555221573
 20
12.01754830762339
 10
39.68705567392542
 20
12.02154618337506
 10
39.65513035346001
 20
12.02614724920268
 10
39.62352830381135
 20
12.03134833495867
 10
39.59225823797169
 20
12.03714627049536
 10
39.56132886893281
 20
12.04353788566523
 10
39.53074890968679
 20
12.05052001032065
 10
39.50052707322575
 20
12.05808947431402
 10
39.47067207254162
 20
12.06624310749781
 10
39.44119262062645
 20
12.07497773972431
 10
39.41209743047213
 20
12.08429020084602
 10
39.38339521507081
 20
12.09417732071531
 10
39.35509468741449
 20
12.10463592918461
 10
39.32720456049515
 20
12.11566285610629
 10
39.29973354730481
 20
12.12725493133278
 10
39.2726903608355
 20
12.13940898471649
 10
39.24608371407919
 20
12.15212184610982
 10
39.21992232002805
 20
12.16539034536514
 10
39.19421489167385
 20
12.17921131233493
 10
39.16897014200879
 20
12.19358157687153
 10
39.14419678402484
 20
12.20849796882735
 10
39.11990353071391
 20
12.22395731805481
 10
39.09609909506818
 20
12.23995645440637
 10
39.0727921900795
 20
12.25649220773437
 10
39.04999152874015
 20
12.2735614078912
 10
39.02770582404182
 20
12.29116088472935
 10
39.00594378897665
 20
12.30928746810112
 10
38.98471413653678
 20
12.327937987859
 10
38.96402557971413
 20
12.34710927385537
 10
38.94388683150055
 20
12.36679815594261
 10
38.92430660488839
 20
12.38700146397318
 10
38.9052936128694
 20
12.40771602779943
 10
38.88685656843569
 20
12.42893867727382
 10
38.86900418457927
 20
12.45066624224869
 10
38.85174517429215
 20
12.4728955525765
 10
38.83508825056632
 20
12.49562343810964
 10
38.81904212639384
 20
12.51884672870051
 10
38.80361551476671
 20
12.54256225420149
 10
38.78881712867693
 20
12.56676684446508
 10
38.7746556811166
 20
12.59145732934356
 10
38.7611398850776
 20
12.61663053868941
 10
38.74827845355196
 20
12.64228330235503
 10
38.73608009953182
 20
12.66841245019283
 10
38.72455353600904
 20
12.69501481205516
 10
38.71370747597575
 20
12.72208721779454
 10
38.70355063242389
 20
12.74962649726326
 10
38.69409171834551
 20
12.77762948031376
 10
38.68533944673263
 20
12.80609299679849
 10
38.67730253057724
 20
12.83501387656979
 10
38.6699896828714
 20
12.86438894948011
 10
38.66340961660714
 20
12.89421504538189
 10
38.65757104477635
 20
12.92448899412747
 10
38.65248268037112
 20
12.95520762556924
 10
38.64815323638353
 20
12.98636776955967
 10
38.64459142580552
 20
13.01796625595116
 10
38.6418059616291
 20
13.04999991459607
 10
38.63980555684631
 20
13.08246557534681
 10
38.63859892444924
 20
13.11536006805584
 10
38.63819477742964
 20
13.14868022257553
 10
38.63819477742964
 20
14.60243971111473
 10
38.63866526308681
 20
14.64206774004991
 10
38.64006598629624
 20
14.6809065679017
 10
38.64238084641466
 20
14.7189614791855
 10
38.64559374279861
 20
14.75623775841647
 10
38.6496885748048
 20
14.79274069011
 10
38.65464924179
 20
14.82847555878142
 10
38.66045964311076
 20
14.86344764894595
 10
38.66710367812391
 20
14.89766224511894
 10
38.67456524618603
 20
14.93112463181567
 10
38.6828282466538
 20
14.96384009355139
 10
38.69187657888407
 20
14.99581391484152
 10
38.70169414223335
 20
15.02705138020122
 10
38.71226483605833
 20
15.05755777414591
 10
38.72357255971571
 20
15.08733838119076
 10
38.73560121256222
 20
15.11639848585122
 10
38.74833469395458
 20
15.14474337264245
 10
38.76175690324928
 20
15.17237832607989
 10
38.77585173980325
 20
15.1993086306787
 10
38.79060310297303
 20
15.22553957095421
 10
38.80599489211533
 20
15.25107643142179
 10
38.82201100658682
 20
15.27592449659667
 10
38.83863534574416
 20
15.3000890509942
 10
38.85585180894413
 20
15.32357537912962
 10
38.8736442955433
 20
15.34638876551831
 10
38.89199670489839
 20
15.36853449467546
 10
38.9108929363662
 20
15.39001785111645
 10
38.93031688930324
 20
15.41084411935655
 10
38.95025246306625
 20
15.43101858391107
 10
38.97068355701194
 20
15.45054652929529
 10
38.99159407049706
 20
15.46943324002455
 10
39.01296790287807
 20
15.48768400061408
 10
39.03478895351197
 20
15.50530409557925
 10
39.05704112175505
 20
15.52229880943534
 10
39.07970830696451
 20
15.53867342669762
 10
39.10277440849654
 20
15.55443323188139
 10
39.126223325708
 20
15.56958350950197
 10
39.15003895795564
 20
15.58412954407464
 10
39.17420520459615
 20
15.59807662011473
 10
39.19870596498612
 20
15.61143002213752
 10
39.22352513848219
 20
15.62419503465831
 10
39.24864662444117
 20
15.63637694219238
 10
39.27405432221974
 20
15.64798102925504
 10
39.29973213117449
 20
15.65901258036162
 10
39.32566395066226
 20
15.66947688002736
 10
39.35183368003953
 20
15.67937921276759
 10
39.37822521866309
 20
15.68872486309766
 10
39.4048224658896
 20
15.69751911553276
 10
39.43160932107588
 20
15.7057672545883
 10
39.45856968357836
 20
15.7134745647795
 10
39.48568745275387
 20
15.72064633062167
 10
39.51294652795912
 20
15.72728783663013
 10
39.54033080855069
 20
15.73340436732019
 10
39.5678241938854
 20
15.73900120720713
 10
39.59541058331976
 20
15.74408364080623
 10
39.62307387621067
 20
15.74865695263282
 10
39.65079797191462
 20
15.75272642720217
 10
39.6785667697884
 20
15.75629734902958
 10
39.70636416918859
 20
15.75937500263041
 10
39.76198036999523
 20
15.76407164321334
 10
39.81751776918799
 20
15.76685862507334
 10
39.87284756162029
 20
15.7677782243328
 10
39.90679181402715
 20
15.76747442039366
 10
39.94047378656137
 20
15.7665647700813
 10
39.97388476623081
 20
15.7650519156534
 10
40.00701604004354
 20
15.76293849936753
 10
40.03985889500739
 20
15.76022716348144
 10
40.07240461813052
 20
15.75692055025275
 10
40.10464449642074
 20
15.75302130193906
 10
40.13656981688614
 20
15.74853206079808
 10
40.16817186653486
 20
15.74345546908743
 10
40.19944193237449
 20
15.73779416906476
 10
40.23037130141341
 20
15.73155080298775
 10
40.26095126065928
 20
15.72472801311399
 10
40.29117309712034
 20
15.71732844170121
 10
40.32102809780456
 20
15.70935473100696
 10
40.35050754971973
 20
15.70080952328896
 10
40.37960273987403
 20
15.69169546080485
 10
40.40830495527527
 20
15.68201518581227
 10
40.43660548293167
 20
15.67177134056887
 10
40.46449560985101
 20
15.66096656733228
 10
40.49196662304135
 20
15.64960350836021
 10
40.51900980951066
 20
15.63768480591023
 10
40.54561645626697
 20
15.62521310224004
 10
40.57177785031817
 20
15.61219103960726
 10
40.59748527867236
 20
15.59862126026956
 10
40.6227300283374
 20
15.5845064064846
 10
40.64750338632137
 20
15.56984912051002
 10
40.6717966396323
 20
15.55465204460345
 10
40.69560107527803
 20
15.53891782102255
 10
40.71890798026672
 20
15.52264909202496
 10
40.74170864160612
 20
15.50584849986838
 10
40.7639943463044
 20
15.48851868681038
 10
40.78575638136953
 20
15.47066229510871
 10
40.80698603380944
 20
15.45228196702091
 10
40.82767459063211
 20
15.43338034480466
 10
40.84781333884561
 20
15.41396007071766
 10
40.8673935654578
 20
15.39402378701755
 10
40.88640655747681
 20
15.37357413596194
 10
40.90484360191052
 20
15.35261375980847
 10
40.92269598576701
 20
15.33114530081484
 10
40.93995499605407
 20
15.30917140123866
 10
40.9566119197799
 20
15.2866947033376
 10
40.97265804395237
 20
15.2637178493693
 10
40.98808465557945
 20
15.24024348159142
 10
41.0028830416692
 20
15.2162742422616
 10
41.01704448922956
 20
15.1918127736375
 10
41.03056028526862
 20
15.16686171797675
 10
41.04342171679426
 20
15.14142371753702
 10
41.0556200708144
 20
15.11550141457593
 10
41.06714663433717
 20
15.08909745135116
 10
41.07799269437046
 20
15.06221447012034
 10
41.08814953792233
 20
15.03485511314113
 10
41.09760845200071
 20
15.0070220226712
 10
41.10636072361359
 20
14.97871784096813
 10
41.11439763976898
 20
14.94994521028968
 10
41.12171048747472
 20
14.92070677289341
 10
41.12829055373907
 20
14.89100517103696
 10
41.13412912556987
 20
14.86084304697805
 10
41.13921748997507
 20
14.83022304297425
 10
41.14354693396268
 20
14.79914780128329
 10
41.14710874454064
 20
14.76761996416277
 10
41.14989420871711
 20
14.73564217387037
 10
41.15189461349984
 20
14.70321707266371
 10
41.15310124589697
 20
14.67034730280042
 10
41.15350539291656
 20
14.63703550653818
 10
41.15350539291656
 20
13.17174408619116
 10
41.1530349072593
 20
13.13211048492837
 10
41.15163418404987
 20
13.09326643573956
 10
41.14931932393156
 20
13.05520664568571
 10
41.14610642754763
 20
13.01792582182772
 10
41.14201159554141
 20
12.98141867122646
 10
41.13705092855622
 20
12.94567990094297
 10
41.13124052723537
 20
12.9107042180381
 10
41.1245964922223
 20
12.87648632957276
 10
41.1171349241601
 20
12.84302094260795
 10
41.10887192369233
 20
12.81030276420452
 10
41.09982359146215
 20
12.77832650142343
 10
41.09000602811287
 20
12.7470868613256
 10
41.07943533428789
 20
12.71657855097197
 10
41.06812761063048
 20
12.68679627742343
 10
41.05609895778394
 20
12.65773474774095
 10
41.04336547639164
 20
12.62938866898544
 10
41.02994326709688
 20
12.60175274821779
 10
41.01584843054297
 20
12.57482169249897
 10
41.0010970673732
 20
12.54859020888989
 10
40.98570527823087
 20
12.52305300445149
 10
40.96968916375939
 20
12.49820478624469
 10
40.95306482460205
 20
12.47404026133039
 10
40.93584836140209
 20
12.45055413676951
 10
40.91805587480291
 20
12.42774111962302
 10
40.89970346544783
 20
12.40559591695184
 10
40.88080723398002
 20
12.38411323581688
 10
40.86138328104297
 20
12.36328778327904
 10
40.84144770727997
 20
12.34311426639932
 10
40.82101661333427
 20
12.32358739223856
 10
40.80010609984916
 20
12.30470186785773
 10
40.77873226746809
 20
12.28645240031775
 10
40.75691121683425
 20
12.26883369667953
 10
40.73465904859108
 20
12.25184046400405
 10
40.71199186338176
 20
12.23546740935217
 10
40.68892576184964
 20
12.21970923978481
 10
40.66547684463813
 20
12.20456066236299
 10
40.64166121239057
 20
12.19001638414753
 10
40.61749496575006
 20
12.17607111219943
 10
40.59299420536009
 20
12.16271955357953
 10
40.56817503186403
 20
12.14995641534884
 10
40.54305354590503
 20
12.13777640456831
 10
40.51764584812647
 20
12.12617422829873
 10
40.49196803917161
 20
12.11514459360115
 10
40.46603621968389
 20
12.10468220753643
 10
40.43986649030663
 20
12.09478177716553
 10
40.41347495168307
 20
12.08543800954936
 10
40.38687770445648
 20
12.07664561174886
 10
40.36009084927033
 20
12.06839929082497
 10
40.3331304867678
 20
12.06069375383854
 10
40.30601271759235
 20
12.05352370785054
 10
40.2787536423871
 20
12.04688385992195
 10
40.25136936179552
 20
12.04076891711364
 10
40.22387597646082
 20
12.03517358648649
 10
40.19628958702646
 20
12.03009257510151
 10
40.16862629413554
 20
12.02552059001962
 10
40.14090219843154
 20
12.02145233830169
 10
40.11313340055778
 20
12.0178825270087
 10
40.0853360011576
 20
12.01480586320154
 10
40.02971980035098
 20
12.01011080628847
 10
39.97418240115823
 20
12.00732482404983
 97
        0
 75
     0
 76
     1
 98
        0
450
        0
451
        0
460
0.0
461
0.0
452
        1
462
0.0
453
        0
470

  0
HATCH
  5
219CC
330
219BD
100
AcDbEntity
  8
Layer 1
 62
   142
420
    37299
100
AcDbHatch
 10
0.0
 20
0.0
 30
0.0
210
0.0
220
0.0
230
1.0
  2
SOLID
 70
     1
 71
     0
 91
        2
 92
        2
 72
     0
 73
     1
 93
      200
 10
30.7461822966086
 20
8.729496737667506
 10
32.15381405791664
 20
8.729496737667506
 10
32.15381405791664
 20
11.54476026028335
 10
32.18840985334006
 20
11.54476026028335
 10
32.21724755628196
 20
11.50816774922288
 10
32.24748102270138
 20
11.47196311372312
 10
32.27908704790412
 20
11.43619709860902
 10
32.31204242719599
 20
11.40092044870544
 10
32.34632395588295
 20
11.36618390883735
 10
32.3819084292706
 20
11.33203822382961
 10
32.41877264266492
 20
11.29853413850709
 10
32.45689339137175
 20
11.26572239769482
 10
32.49624747069697
 20
11.23365374621758
 10
32.53681167594627
 20
11.20237892890035
 10
32.57856280242547
 20
11.17194869056803
 10
32.62147764544042
 20
11.14241377604552
 10
32.6655330002971
 20
11.11382493015772
 10
32.71070566230117
 20
11.08623289772956
 10
32.75697242675858
 20
11.0596884235859
 10
32.80431008897512
 20
11.03424225255174
 10
32.85269544425654
 20
11.00994512945185
 10
32.9021052879088
 20
10.98684779911129
 10
32.95251641523762
 20
10.96500100635488
 10
33.00390562154888
 20
10.94445549600753
 10
33.05624970214848
 20
10.92526201289418
 10
33.10952545234201
 20
10.9074713018397
 10
33.16370966743557
 20
10.89113410766904
 10
33.21877914273492
 20
10.87630117520708
 10
33.27471067354583
 20
10.86302324927871
 10
33.33148105517407
 20
10.85135107470889
 10
33.38906708292572
 20
10.84133539632249
 10
33.44744555210636
 20
10.83302695894444
 10
33.50659325802195
 20
10.82647650739961
 10
33.56648699597815
 20
10.82173478651299
 10
33.62710356128099
 20
10.81885254110939
 10
33.68841974923618
 20
10.81788051601377
 10
33.74993081656268
 20
10.81846370898213
 10
33.81113340522257
 20
10.82021346010661
 10
33.87200638838624
 20
10.82313002771639
 10
33.93252863922419
 20
10.82721367014052
 10
33.992679030907
 20
10.83246464570814
 10
34.05243643660515
 20
10.83888321274842
 10
34.11177972948917
 20
10.8464696295904
 10
34.17068778272949
 20
10.85522415456331
 10
34.22913946949666
 20
10.86514704599615
 10
34.28711366296131
 20
10.87623856221816
 10
34.34458923629362
 20
10.88849896155836
 10
34.40154506266447
 20
10.90192850234593
 10
34.45796001524417
 20
10.91652744290999
 10
34.51381296720325
 20
10.93229604157965
 10
34.56908279171222
 20
10.94923455668399
 10
34.62374836194164
 20
10.96734324655223
 10
34.67778855106195
 20
10.98662236951342
 10
34.73118223224358
 20
11.00707218389668
 10
34.78390827865718
 20
11.02869294803115
 10
34.83594556347319
 20
11.05148492024597
 10
34.88727295986215
 20
11.07544835887024
 10
34.93786934099461
 20
11.10058352223306
 10
34.98771358004101
 20
11.12689066866363
 10
35.03678455017178
 20
11.15437005649096
 10
35.08506112455748
 20
11.18302194404427
 10
35.13252217636881
 20
11.21284658965263
 10
35.17914657877597
 20
11.24384425164516
 10
35.22491320494967
 20
11.27601518835101
 10
35.26980092806031
 20
11.30935965809929
 10
35.31378862127852
 20
11.34387791921918
 10
35.35685515777465
 20
11.37957023003965
 10
35.39897941071937
 20
11.41643684888994
 10
35.44014025328295
 20
11.45447803409916
 10
35.48031655863616
 20
11.49369404399644
 10
35.51948719994931
 20
11.53408513691086
 10
35.55763105039307
 20
11.57565157117153
 10
35.59472698313783
 20
11.61839360510764
 10
35.63075387135416
 20
11.66231149704829
 10
35.66569058821256
 20
11.70740550532257
 10
35.69951600688344
 20
11.7536758882596
 10
35.73220900053738
 20
11.80112290418853
 10
35.76374844234491
 20
11.84974681143847
 10
35.79411320547655
 20
11.89954786833858
 10
35.82328216310282
 20
11.95052633321795
 10
35.85123418839402
 20
12.00268246440565
 10
35.87794815452094
 20
12.05601652023091
 10
35.90340293465388
 20
12.11052875902273
 10
35.92757740196347
 20
12.16621943911034
 10
35.95045042962011
 20
12.22308881882281
 10
35.97200089079445
 20
12.28113715648924
 10
35.99220765865692
 20
12.34036471043885
 10
36.01104960637798
 20
12.40077173900063
 10
36.02850560712818
 20
12.46235850050378
 10
36.04455453407795
 20
12.52512525327742
 10
36.05917526039798
 20
12.58907225565065
 10
36.07234665925864
 20
12.65419976595261
 10
36.0840476038305
 20
12.72050804251241
 10
36.09425696728397
 20
12.78799734365916
 10
36.10295362278967
 20
12.856667927722
 10
36.11011644351797
 20
12.92652005303006
 10
36.11572430263954
 20
12.99755397791246
 10
36.11975607332477
 20
13.06976996069828
 10
36.12219062874428
 20
13.14316825971671
 10
36.12300684206832
 20
13.21774913329681
 10
36.12300684206832
 20
14.64856743834602
 10
36.1222492245281
 20
14.71891334432705
 10
36.11998834490049
 20
14.78824208219844
 10
36.11624216267538
 20
14.85655075137334
 10
36.11102863734266
 20
14.923836451265
 10
36.10436572839205
 20
14.99009628128671
 10
36.09627139531341
 20
15.05532734085166
 10
36.08676359759656
 20
15.11952672937306
 10
36.07586029473135
 20
15.18269154626416
 10
36.06357944620766
 20
15.24481889093816
 10
36.04993901151516
 20
15.30590586280833
 10
36.03495695014379
 20
15.36594956128787
 10
36.01865122158335
 20
15.42494708579003
 10
36.00103978532363
 20
15.48289553572802
 10
35.98214060085448
 20
15.53979201051505
 10
35.96197162766578
 20
15.59563360956442
 10
35.94055082524724
 20
15.6504174322893
 10
35.91789615308878
 20
15.7041405781029
 10
35.89402557068016
 20
15.75680014641851
 10
35.86895703751131
 20
15.80839323664934
 10
35.84270851307199
 20
15.85891694820857
 10
35.81529795685194
 20
15.9083683805095
 10
35.78674332834109
 20
15.95674463296531
 10
35.75706258702934
 20
16.00404280498926
 10
35.72627369240624
 20
16.05025999599456
 10
35.69439460396191
 20
16.09539330539442
 10
35.661443281186
 20
16.13943983260214
 10
35.62743768356842
 20
16.18239667703086
 10
35.59239577059884
 20
16.22426093809387
 10
35.55633550176731
 20
16.26502971520434
 10
35.51927483656357
 20
16.30470010777556
 10
35.48123173447738
 20
16.34326921522073
 10
35.44222415499863
 20
16.38073413695309
 10
35.40227005761707
 20
16.41709197238585
 10
35.3613874018227
 20
16.45233982093226
 10
35.31959414710505
 20
16.48647478200556
 10
35.27690825295429
 20
16.51949395501895
 10
35.23334767885996
 20
16.55139443938564
 10
35.18893038431202
 20
16.58217333451888
 10
35.14367432880033
 20
16.61182773983192
 10
35.0975974718146
 20
16.64035475473799
 10
35.05071777284471
 20
16.66775147865029
 10
35.00305319138056
 20
16.69401501098207
 10
34.95462168691179
 20
16.71914245114652
 10
34.90544121892839
 20
16.74313089855694
 10
34.85552974692013
 20
16.76597745262649
 10
34.80490523037685
 20
16.78767921276843
 10
34.75358562878833
 20
16.80823327839601
 10
34.70158890164441
 20
16.82763674892238
 10
34.64893300843491
 20
16.84588672376088
 10
34.59563590864974
 20
16.86298030232464
 10
34.54171556177863
 20
16.87891458402695
 10
34.48718992731148
 20
16.89368666828102
 10
34.43207696473797
 20
16.90729365450007
 10
34.37639463354813
 20
16.91973264209734
 10
34.32016089323165
 20
16.93100073048603
 10
34.26339370327833
 20
16.94109501907941
 10
34.2061110231781
 20
16.95001260729071
 10
34.14833081242077
 20
16.95775059453309
 10
34.09007103049595
 20
16.9643060802199
 10
34.03134963689377
 20
16.96967616376429
 10
33.97218459110394
 20
16.97385794457944
 10
33.91259385261625
 20
16.97684852207867
 10
33.85259538092049
 20
16.97864499567517
 10
33.7922071355066
 20
16.97924446478215
 10
33.74205746345652
 20
16.97853250972215
 10
33.69115962534241
 20
16.9763881983029
 10
33.63957701288462
 20
16.97279886116575
 10
33.58737301780326
 20
16.96775182895208
 10
33.5346110318186
 20
16.96123443230317
 10
33.48135444665061
 20
16.95323400186039
 10
33.4276666540197
 20
16.94373786826498
 10
33.37361104564596
 20
16.93273336215834
 10
33.31925101324959
 20
16.92020781418177
 10
33.26464994855078
 20
16.90614855497659
 10
33.20987124326973
 20
16.89054291518412
 10
33.15497828912646
 20
16.87337822544565
 10
33.10003447784132
 20
16.85464181640264
 10
33.0451032011344
 20
16.83432101869626
 10
32.99024785072592
 20
16.81240316296792
 10
32.93553181833619
 20
16.78887557985892
 10
32.8810184956852
 20
16.76372560001057
 10
32.82677127449324
 20
16.7369405540642
 10
32.77285354648035
 20
16.70850777266116
 10
32.71932870336684
 20
16.67841458644272
 10
32.66626013687292
 20
16.64664832605031
 10
32.61371123871879
 20
16.61319632212515
 10
32.56174540062443
 20
16.57804590530857
 10
32.51042601431019
 20
16.54118440624199
 10
32.45981647149611
 20
16.50259915556663
 10
32.40998016390264
 20
16.46227748392384
 10
32.36098048324973
 20
16.42020672195499
 10
32.31288082125758
 20
16.37637420030134
 10
32.26574456964656
 20
16.33076724960427
 10
32.21963512013662
 20
16.28337320050506
 10
32.17461586444804
 20
16.23417938364508
 10
32.13075019430099
 20
16.1831731296656
 10
32.11921826249318
 20
16.1831731296656
 10
32.11921826249318
 20
16.86392514670395
 10
30.7461822966086
 20
16.86392514670395
 97
        0
 92
        2
 72
     0
 73
     1
 93
      255
 10
33.4576584329541
 20
12.00640557297308
 10
33.42369737511461
 20
12.0067177351697
 10
33.38996569387996
 20
12.00765210832781
 10
33.35647316363779
 20
12.00920552229982
 10
33.32322955877595
 20
12.01137480693814
 10
33.29024465368227
 20
12.0141567920952
 10
33.2575282227443
 20
12.01754830762339
 10
33.22509004034984
 20
12.02154618337506
 10
33.19293988088688
 20
12.02614724920268
 10
33.16108751874291
 20
12.03134833495867
 10
33.12954272830581
 20
12.03714627049536
 10
33.09831528396319
 20
12.04353788566523
 10
33.06741496010298
 20
12.05052001032065
 10
33.03685153111289
 20
12.05808947431402
 10
33.00663477138062
 20
12.06624310749781
 10
32.97677445529405
 20
12.07497773972431
 10
32.9472803572408
 20
12.08429020084602
 10
32.91816225160864
 20
12.09417732071531
 10
32.88942991278537
 20
12.10463592918461
 10
32.86109311515884
 20
12.11566285610629
 10
32.83316163311656
 20
12.12725493133278
 10
32.80564524104639
 20
12.13940898471649
 10
32.77855371333621
 20
12.15212184610982
 10
32.7518968243736
 20
12.16539034536514
 10
32.72568434854645
 20
12.17921131233493
 10
32.69992606024249
 20
12.19358157687153
 10
32.67463173384937
 20
12.20849796882735
 10
32.6498111437549
 20
12.22395731805481
 10
32.62547406434692
 20
12.23995645440637
 10
32.60163027001315
 20
12.25649220773437
 10
32.57828953514121
 20
12.2735614078912
 10
32.55546163411904
 20
12.29116088472935
 10
32.53315634133429
 20
12.30928746810112
 10
32.51138343117475
 20
12.327937987859
 10
32.4901526780281
 20
12.34710927385537
 10
32.46947385628227
 20
12.36679815594261
 10
32.44935674032473
 20
12.38700146397318
 10
32.42981110454352
 20
12.40771602779943
 10
32.4108467233263
 20
12.42893867727382
 10
32.39247337106079
 20
12.45066624224869
 10
32.3747008221348
 20
12.4728955525765
 10
32.35753885093587
 20
12.49562343810964
 10
32.34099723185219
 20
12.51884672870051
 10
32.32508573927112
 20
12.54256225420149
 10
32.30981414758043
 20
12.56676684446508
 10
32.29519223116813
 20
12.59145732934356
 10
32.28122976442177
 20
12.61663053868941
 10
32.26793652172933
 20
12.64228330235503
 10
32.25532227747823
 20
12.66841245019283
 10
32.24339680605652
 20
12.69501481205516
 10
32.23216988185181
 20
12.72208721779454
 10
32.22165127925194
 20
12.74962649726326
 10
32.21185077264454
 20
12.77762948031376
 10
32.20277813641744
 20
12.80609299679849
 10
32.19444314495837
 20
12.83501387656979
 10
32.18685557265511
 20
12.86438894948011
 10
32.18002519389538
 20
12.89421504538189
 10
32.17396178306711
 20
12.92448899412747
 10
32.16867511455774
 20
12.95520762556924
 10
32.16417496275528
 20
12.98636776955967
 10
32.16047110204741
 20
13.01796625595116
 10
32.15757330682178
 20
13.04999991459607
 10
32.15549135146626
 20
13.08246557534681
 10
32.15423501036867
 20
13.11536006805584
 10
32.15381405791664
 20
13.14868022257553
 10
32.15381405791664
 20
14.52171618846
 10
32.15430134853838
 20
14.56139715286971
 10
32.15575177717244
 20
14.60040381930479
 10
32.15814817897172
 20
14.63873776862713
 10
32.16147338908928
 20
14.67640058169856
 10
32.16571024267807
 20
14.71339383938108
 10
32.17084157489126
 20
14.74971912253658
 10
32.17685022088179
 20
14.78537801202692
 10
32.18371901580267
 20
14.82037208871407
 10
32.19143079480682
 20
14.8547029334599
 10
32.19996839304739
 20
14.88837212712633
 10
32.2093146456775
 20
14.92138125057527
 10
32.21945238784992
 20
14.95373188466866
 10
32.23036445471777
 20
14.98542561026834
 10
32.24203368143407
 20
15.01646400823628
 10
32.25444290315181
 20
15.0468486594344
 10
32.26757495502406
 20
15.07658114472456
 10
32.28141267220391
 20
15.10566304496867
 10
32.29593888984425
 20
15.13409594102865
 10
32.3111364430981
 20
15.16188141376644
 10
32.32698816711857
 20
15.18902104404392
 10
32.34347689705845
 20
15.21551641272299
 10
32.36058546807115
 20
15.24136910066557
 10
32.37829671530929
 20
15.2665806887336
 10
32.39659347392615
 20
15.29115275778894
 10
32.41545857907463
 20
15.31508688869355
 10
32.4348748659078
 20
15.33838466230925
 10
32.45482516957864
 20
15.36104765949808
 10
32.47529232524022
 20
15.38307746112182
 10
32.49625916804553
 20
15.40447564804249
 10
32.51770853314747
 20
15.42524380112191
 10
32.53962325569933
 20
15.44538350122205
 10
32.5619861708538
 20
15.46489632920475
 10
32.5847801137642
 20
15.483783865932
 10
32.60798791958325
 20
15.50204769226569
 10
32.63159242346433
 20
15.51968938906771
 10
32.65557646056004
 20
15.53671053719994
 10
32.67992286602379
 20
15.55311271752437
 10
32.70461447500833
 20
15.5688975109028
 10
32.72963412266694
 20
15.58406649819726
 10
32.75496464415221
 20
15.59862126026956
 10
32.78058887461754
 20
15.61256337798166
 10
32.80648964921579
 20
15.62589443219546
 10
32.83264980310008
 20
15.63861600377288
 10
32.85905217142334
 20
15.6507296735758
 10
32.88567958933854
 20
15.66223702246614
 10
32.91251489199883
 20
15.67313963130582
 10
32.93954091455717
 20
15.68343908095674
 10
32.96674049216648
 20
15.69313695228083
 10
32.99409645997992
 20
15.70223482613997
 10
33.02159165315047
 20
15.71073428339608
 10
33.04920890683107
 20
15.71863690491109
 10
33.07693105617483
 20
15.72594427154687
 10
33.10474093633485
 20
15.73265796416532
 10
33.13262138246387
 20
15.73877956362846
 10
33.16055522971519
 20
15.74431065079804
 10
33.18852531324166
 20
15.74925280653609
 10
33.21651446819638
 20
15.75360761170443
 10
33.24450552973232
 20
15.75737664716509
 10
33.2724813330025
 20
15.76056149377981
 10
33.30042471315994
 20
15.76316373241065
 10
33.32831850535763
 20
15.76518494391944
 10
33.35614554474878
 20
15.76662670916814
 10
33.38388866648612
 20
15.76749060901863
 10
33.41153070572281
 20
15.7677782243328
 10
33.44547495812987
 20
15.76747442039366
 10
33.47915693066403
 20
15.7665647700813
 10
33.51256791033345
 20
15.7650519156534
 10
33.54569918414612
 20
15.76293849936753
 10
33.57854203911003
 20
15.76022716348144
 10
33.61108776223307
 20
15.75692055025275
 10
33.64332764052335
 20
15.75302130193906
 10
33.67525296098879
 20
15.74853206079808
 10
33.70685501063736
 20
15.74345546908743
 10
33.73812507647716
 20
15.73779416906476
 10
33.76905444551596
 20
15.73155080298775
 10
33.79963440476198
 20
15.72472801311399
 10
33.82985624122304
 20
15.71732844170121
 10
33.85971124190715
 20
15.70935473100696
 10
33.88919069382237
 20
15.70080952328896
 10
33.91828588397667
 20
15.69169546080485
 10
33.94698809937799
 20
15.68201518581227
 10
33.97528862703428
 20
15.67177134056887
 10
34.00317875395365
 20
15.66096656733228
 10
34.03064976714399
 20
15.64960350836021
 10
34.0576929536133
 20
15.63768480591023
 10
34.0842996003696
 20
15.62521310224004
 10
34.11046099442075
 20
15.61219103960726
 10
34.136168422775
 20
15.59862126026956
 10
34.16141317244007
 20
15.5845064064846
 10
34.18618653042401
 20
15.56984912051002
 10
34.21047978373483
 20
15.55465204460345
 10
34.23428421938067
 20
15.53891782102255
 10
34.25759112436924
 20
15.52264909202496
 10
34.2803917857087
 20
15.50584849986838
 10
34.30267749040704
 20
15.48851868681038
 10
34.32443952547215
 20
15.47066229510871
 10
34.34566917791201
 20
15.45228196702091
 10
34.36635773473472
 20
15.43338034480466
 10
34.38649648294819
 20
15.41396007071766
 10
34.40607670956047
 20
15.39402378701755
 10
34.4250897015794
 20
15.37357413596194
 10
34.44352674601316
 20
15.35261375980847
 10
34.4613791298695
 20
15.33114530081484
 10
34.47863814015671
 20
15.30917140123866
 10
34.49529506388248
 20
15.2866947033376
 10
34.51134118805496
 20
15.2637178493693
 10
34.52676779968204
 20
15.24024348159142
 10
34.54156618577184
 20
15.2162742422616
 10
34.5557276333322
 20
15.1918127736375
 10
34.56924342937126
 20
15.16686171797675
 10
34.58210486089683
 20
15.14142371753702
 10
34.59430321491704
 20
15.11550141457593
 10
34.60582977843973
 20
15.08909745135116
 10
34.6166758384731
 20
15.06221447012034
 10
34.62683268202491
 20
15.03485511314113
 10
34.63629159610335
 20
15.0070220226712
 10
34.64504386771617
 20
14.97871784096813
 10
34.65308078387156
 20
14.94994521028968
 10
34.66039363157739
 20
14.92070677289341
 10
34.66697369784166
 20
14.89100517103696
 10
34.67281226967251
 20
14.86084304697805
 10
34.67790063407759
 20
14.83022304297425
 10
34.68223007806526
 20
14.79914780128329
 10
34.68579188864328
 20
14.76761996416277
 10
34.68857735281975
 20
14.73564217387037
 10
34.69057775760246
 20
14.70321707266371
 10
34.69178438999961
 20
14.67034730280042
 10
34.69218853701915
 20
14.63703550653818
 10
34.69218853701915
 20
13.17174408619116
 10
34.69171805182995
 20
13.13211048492837
 10
34.69031733189641
 20
13.09326643573956
 10
34.68800248066978
 20
13.05520664568571
 10
34.68478960160141
 20
13.01792582182772
 10
34.68069479814238
 20
12.98141867122646
 10
34.6757341737441
 20
12.94567990094297
 10
34.66992383185774
 20
12.9107042180381
 10
34.66327987593456
 20
12.87648632957276
 10
34.65581840942559
 20
12.84302094260795
 10
34.64755553578243
 20
12.81030276420452
 10
34.63850735845617
 20
12.77832650142343
 10
34.62868998089795
 20
12.7470868613256
 10
34.61811950655905
 20
12.71657855097197
 10
34.60681203889084
 20
12.68679627742343
 10
34.59478368134455
 20
12.65773474774095
 10
34.58205053737117
 20
12.62938866898544
 10
34.56862871042228
 20
12.60175274821779
 10
34.55453430394886
 20
12.57482169249897
 10
34.53978342140232
 20
12.54859020888989
 10
34.52439216623378
 20
12.52305300445149
 10
34.50837664189459
 20
12.49820478624469
 10
34.49175295183599
 20
12.47404026133039
 10
34.47453719950912
 20
12.45055413676951
 10
34.45674548836521
 20
12.42774111962302
 10
34.43839392185561
 20
12.40559591695184
 10
34.41949860343158
 20
12.38411323581688
 10
34.40007563654433
 20
12.36328778327904
 10
34.38014112464498
 20
12.34311426639932
 10
34.35971117118493
 20
12.32358739223856
 10
34.33880187961529
 20
12.30470186785773
 10
34.31742935338747
 20
12.28645240031775
 10
34.29560969595249
 20
12.26883369667953
 10
34.27335901076188
 20
12.25184046400405
 10
34.25069340126654
 20
12.23546740935217
 10
34.22762897091806
 20
12.21970923978481
 10
34.20418182316746
 20
12.20456066236299
 10
34.180368061466
 20
12.19001638414753
 10
34.15620378926496
 20
12.17607111219943
 10
34.13170511001559
 20
12.16271955357953
 10
34.10688812716913
 20
12.14995641534884
 10
34.08176894417682
 20
12.13777640456831
 10
34.05636366448994
 20
12.12617422829873
 10
34.03068839155961
 20
12.11514459360115
 10
34.00475922883714
 20
12.10468220753643
 10
33.97859227977381
 20
12.09478177716553
 10
33.95220364782088
 20
12.08543800954936
 10
33.92560943642951
 20
12.07664561174886
 10
33.89882574905096
 20
12.06839929082497
 10
33.87186868913651
 20
12.06069375383854
 10
33.84475436013739
 20
12.05352370785054
 10
33.81749886550478
 20
12.04688385992195
 10
33.79011830869001
 20
12.04076891711364
 10
33.76262879314433
 20
12.03517358648649
 10
33.73504642231893
 20
12.03009257510151
 10
33.70738729966507
 20
12.02552059001962
 10
33.67966752863399
 20
12.02145233830169
 10
33.6519032126769
 20
12.0178825270087
 10
33.62411045524505
 20
12.01480586320154
 10
33.56850402976212
 20
12.01011080628847
 10
33.51297707979521
 20
12.00732482404983
 97
        0
 75
     0
 76
     1
 98
        0
450
        0
451
        0
460
0.0
461
0.0
452
        1
462
0.0
453
        0
470

  0
ENDBLK
  5
219CD
330
219BD
100
AcDbEntity
  8
0
100
AcDbBlockEnd
  0
ENDSEC
  0
SECTION
  2
ENTITIES
  0
LINE
  5
1D0BB
330
1F
100
AcDbEntity
  8
S0CE1
100
AcDbLine
 10
517.5045838634396
 20
14428.32774981526
 30
0.0
 11
33650.46713578156
 21
14428.32774981526
 31
0.0
  0
LINE
  5
1D0BC
330
1F
100
AcDbEntity
  8
S0CE1
  6
0
 62
     6
100
AcDbLine
 10
616.0391404393158
 20
14891.01210583675
 30
0.0
 11
37526.91910451143
 21
14891.01210583678
 31
0.0
  0
LINE
  5
1D0BD
330
1F
100
AcDbEntity
  8
S0CO3
100
AcDbLine
 10
2541.243718825936
 20
19004.5069155254
 30
0.0
 11
1319.504588391239
 21
17517.73442875272
 31
0.0
  0
LINE
  5
1D0BE
330
1F
100
AcDbEntity
  8
S0CO3
100
AcDbLine
 10
1319.504588391181
 20
16703.50691552534
 30
0.0
 11
1319.504588391239
 21
20004.50691552537
 31
0.0
  0
LWPOLYLINE
  5
1D0D4
330
1F
100
AcDbEntity
  8
S0CO1
100
AcDbPolyline
 90
      128
 70
   128
 43
0.0
 10
3569.50471039112
 20
16928.63411252535
 10
3653.451487391125
 20
16924.35847852535
 10
3736.496653391121
 20
16919.88582152534
 10
3819.50471039112
 20
16915.17512852534
 10
3904.355662391128
 20
16910.12996252534
 10
3986.980174391108
 20
16905.01668152534
 10
4069.541453391124
 20
16899.70344852534
 10
4155.231761391115
 20
16894.05379052534
 10
4237.411570391109
 20
16888.58504052534
 10
4319.504832391118
 20
16883.08870252535
 10
4406.082469391127
 20
16877.22566552534
 10
4487.349070391108
 20
16871.66316552534
 10
4568.506053391102
 20
16866.04597852535
 10
4569.555125391125
 20
16865.97713052534
 10
4656.402537391128
 20
16859.80183752534
 10
4738.01703939111
 20
16853.74519652534
 10
4819.504832391118
 20
16847.45466952535
 10
4907.776805391113
 20
16840.34089952534
 10
4988.303660391117
 20
16833.55769652534
 10
5068.680613391087
 20
16826.50886852534
 10
5157.638133391083
 20
16818.38386852534
 10
5238.653514391088
 20
16810.70222852535
 10
5319.504832391089
 20
16802.76961052534
 10
5408.483592391116
 20
16793.74324352534
 10
5488.77607239112
 20
16785.32918152535
 10
5568.884959391129
 20
16776.68074352534
 10
5659.839061391117
 20
16766.56355652534
 10
5739.772899391115
 20
16757.42879052534
 10
5819.504832391089
 20
16748.08589452534
 10
5906.060496391074
 20
16737.68660352535
 10
5987.587352391085
 20
16727.64558752534
 10
6068.903758391083
 20
16717.38972852535
 10
6143.998240391127
 20
16707.69441552534
 10
6218.458934391078
 20
16697.86043152535
 10
6269.059520391092
 20
16691.05379052534
 10
6319.504832391089
 20
16684.16609552535
 10
6392.996287391099
 20
16673.94636852534
 10
6466.575877391078
 20
16663.47761852534
 10
6517.952830391107
 20
16656.02644652534
 10
6569.159861391105
 20
16648.48543152535
 10
6655.358104391125
 20
16635.47566552534
 10
6737.57197139108
 20
16622.66316552534
 10
6819.505076391084
 20
16609.49959152535
 10
6909.758494391091
 20
16594.58308752534
 10
6989.735545391086
 20
16581.02839952534
 10
7069.627635391123
 20
16567.17122252534
 10
7180.501658391077
 20
16547.72566552534
 10
7250.139354391125
 20
16535.53816552534
 10
7319.505076391084
 20
16523.41511852534
 10
7443.907420391086
 20
16501.72566552534
 10
7506.828807391094
 20
16490.80379052534
 10
7569.554881391102
 20
16479.93660352535
 10
7694.815623391114
 20
16458.06575352534
 10
7819.505076391084
 20
16435.88679852534
 10
7944.85370939113
 20
16413.15571952534
 10
8069.614940391081
 20
16390.06721852533
 10
8319.504588391094
 20
16343.05830752535
 10
8570.030955391107
 20
16295.48836052534
 10
8819.504588391094
 20
16247.81587552534
 10
9069.524119391092
 20
16199.79146152534
 10
9319.504588391094
 20
16151.53193952535
 10
9569.54169739112
 20
16103.09248652534
 10
9819.504588391094
 20
16054.27693552534
 10
10069.46943239109
 20
16005.04207152534
 10
10194.73261539112
 20
15980.42171052535
 10
10319.50458839109
 20
15956.15864852533
 10
10569.61201039112
 20
15908.04426952534
 10
10694.87275239108
 20
15883.72456652534
 10
10819.50458839109
 20
15858.82295552535
 10
10957.85126839111
 20
15830.73494252535
 10
11020.60126839111
 20
15818.37831452534
 10
11058.63251839111
 20
15811.28511352534
 10
11096.5622053911
 20
15804.50691552534
 10
11152.31708839109
 20
15795.07161252535
 10
11207.94794739112
 20
15786.27717952535
 10
11319.50458839109
 20
15769.11915952535
 10
11436.39228339107
 20
15750.58858052535
 10
11503.15693239109
 20
15739.64052152535
 10
11569.61201039112
 20
15728.48012152534
 10
11694.78583839109
 20
15707.34126652534
 10
11819.50458839109
 20
15686.53743352534
 10
11944.6999013911
 20
15665.99141252534
 10
12069.46747939112
 20
15645.92067252534
 10
12319.50458839109
 20
15605.76674252534
 10
12569.48310439112
 20
15564.89961552534
 10
12694.7311513911
 20
15544.39638052534
 10
12819.50458839109
 20
15524.29683252534
 10
12944.62275239108
 20
15504.57558052534
 10
13069.29169739112
 20
15485.46412952535
 10
13187.00263539112
 20
15468.07637352534
 10
13253.37079939111
 20
15458.62904652534
 10
13319.50458839109
 20
15449.46986752534
 10
13438.22919739112
 20
15433.65986952535
 10
13503.89716639112
 20
15425.26155452535
 10
13569.33759639108
 20
15417.13728652533
 10
13694.65204939111
 20
15402.05525552534
 10
13819.50458839109
 20
15387.50612252534
 10
13944.71747939112
 20
15373.32521352534
 10
14069.4411113911
 20
15359.54909052534
 10
14194.7155263911
 20
15346.01161552535
 10
14319.50458839109
 20
15332.77003852534
 10
14459.75458839109
 20
15318.24428152534
 10
14530.04755739109
 20
15311.22029452535
 10
14600.08466639112
 20
15304.50691552534
 10
14655.02411939109
 20
15299.45585952535
 10
14709.75751839111
 20
15294.63099952534
 10
14764.73505739109
 20
15290.01066952535
 10
14819.50458839109
 20
15285.65382752534
 10
14918.93134639108
 20
15278.36732852534
 10
14994.28779139112
 20
15273.37855852535
 10
15069.36982239112
 20
15268.86491752535
 10
15177.75263539112
 20
15263.08220252534
 10
15248.76630739109
 20
15259.72774052534
 10
15319.50458839109
 20
15256.72795452534
 10
15432.25849439109
 20
15252.61867052535
 10
15500.99775239108
 20
15250.50603052534
 10
15569.45966639112
 20
15248.69725352534
 10
15689.69404139112
 20
15246.17662352534
 10
15754.72724439109
 20
15245.14635052535
 10
15819.50458839109
 20
15244.35213052534
 10
15919.50458839109
 20
15243.57652652534
 10
15969.50458839109
 20
15243.38801952534
 10
16019.50458839109
 20
15243.30003652534
 10
16069.50458839109
 20
15243.29973152534
 10
16119.50458839109
 20
15243.40761152534
 10
16169.50458839109
 20
15243.65947252535
 10
16219.50458839109
 20
15244.03746352534
 10
16319.50458839109
 20
15245.13377752535
  0
LWPOLYLINE
  5
1D0D6
330
1F
100
AcDbEntity
  8
S0CO1
100
AcDbPolyline
 90
        8
 70
   128
 43
0.0
 10
1319.504588391122
 20
16704.50691552534
 42
-0.028604
 10
8169.504588391093
 20
15874.50691552534
 42
-0.004765
 10
9627.439647391076
 20
15598.20924752534
 42
0.003277
 10
11084.54755739109
 20
15317.57899852533
 42
0.007293
 10
12547.12665839107
 20
15067.83458252535
 42
0.015333
 10
14019.50458839109
 20
14884.50691552534
 42
0.016091
 10
15393.22724439109
 20
14800.54275952534
 42
0.008314628504813
 10
16114.77800937711
 20
14791.73209470877
 42
0.008314628504813
  0
ARC
  5
1D0DE
330
1F
100
AcDbEntity
  8
S0CO3
100
AcDbCircle
 10
3447.06824414905
 20
16514.50684447557
 30
0.0
 40
432.4363442420708
100
AcDbArc
 50
0.0000094136048369
 51
73.55280923286574
  0
LINE
  5
1D0DF
330
1F
100
AcDbEntity
  8
S0CO3
100
AcDbLine
 10
3879.504588391123
 20
16514.50691552534
 30
0.0
 11
3879.504588391123
 21
13987.45816194992
 31
0.0
  0
LINE
  5
1D0E0
330
1F
100
AcDbEntity
  8
S0CO3
100
AcDbLine
 10
3879.504588391123
 20
14358.48696212137
 30
0.0
 11
11011.00136208917
 21
14605.25428408813
 31
0.0
  0
LINE
  5
1D0E2
330
1F
100
AcDbEntity
  8
S0CO2
100
AcDbLine
 10
3879.504588391123
 20
14634.50691552534
 30
0.0
 11
3879.504588391123
 21
14583.35656413562
 31
0.0
  0
LWPOLYLINE
  5
1D0F0
330
1F
100
AcDbEntity
  8
S0CO2
100
AcDbPolyline
 90
        3
 70
     0
 43
0.0
 10
3879.504588391123
 20
14098.33135559779
 10
8317.990021731864
 20
14251.91386428237
 10
10256.17183991401
 20
14579.13532678655
  0
LWPOLYLINE
  5
1D0F1
330
1F
100
AcDbEntity
  8
S0CO2
100
AcDbPolyline
 90
        3
 70
     0
 43
0.0
 10
10369.50458839109
 20
14583.05691852532
 10
8319.504588391122
 20
14236.95729472287
 10
3879.504588391123
 20
14083.3223783081
  0
LWPOLYLINE
  5
1D0F8
330
1F
100
AcDbEntity
  8
S0CO2
100
AcDbPolyline
 90
        2
 70
     0
 43
0.0
 10
4217.148962518011
 20
13996.97169502212
 10
3879.848004421263
 20
13985.26609598059
  0
LWPOLYLINE
  5
1D0F9
330
1F
100
AcDbEntity
  8
S0CO2
100
AcDbPolyline
 90
        3
 70
     0
 43
0.0
 10
4328.789302135046
 20
14099.92586192208
 10
4328.789302135046
 20
14099.92586192208
 10
4217.148962518011
 20
13996.97169502212
  0
TEXT
  5
1D1C7
330
1F
100
AcDbEntity
  8
I0CO2
100
AcDbText
 10
36191.84815013032
 20
13866.53193770838
 30
0.0
 40
135.0
  1
F.P.
  7
18
100
AcDbText
  0
LWPOLYLINE
  5
1D20D
330
1F
100
AcDbEntity
  8
S0CO3
100
AcDbPolyline
 90
        3
 70
     0
 43
0.0
 10
34164.1017959678
 20
15397.50348048321
 10
34164.50458839112
 20
15397.5172961482
 10
35359.50458839113
 20
15732.5172961482
  0
LINE
  5
1D216
330
1F
100
AcDbEntity
  8
S0CO3
100
AcDbLine
 10
34164.1017959678
 20
15396.64985586311
 30
0.0
 11
33592.20421090622
 21
15236.5174775717
 31
0.0
  0
LINE
  5
1D21A
330
1F
100
AcDbEntity
  8
S0CE1
100
AcDbLine
 10
36219.50458839112
 20
15477.51729614821
 30
0.0
 11
34200.693240957
 21
15407.66223222315
 31
0.0
  0
LINE
  5
1D21B
330
1F
100
AcDbEntity
  8
S0CO3
100
AcDbLine
 10
33592.20421090622
 20
15236.5174775717
 30
0.0
 11
21069.50458839112
 21
14803.20607194831
 31
0.0
  0
LWPOLYLINE
  5
1D226
330
1F
100
AcDbEntity
  8
S0CO3
100
AcDbPolyline
 90
       18
 70
   128
 43
0.0
 10
35359.50458839014
 20
15732.51729614792
 10
35359.50458839113
 20
15732.5172961482
 42
0.004439
 10
35516.47529139112
 20
15776.85683514819
 42
0.016362
 10
35671.46747939113
 20
15827.6863021482
 42
0.022313
 10
35822.00068239112
 20
15890.3085561482
 42
0.034237
 10
35964.50458839112
 20
15969.5172961482
 42
0.057672
 10
36174.68036939112
 20
16143.32662214819
 42
0.048581
 10
36343.50458839112
 20
16357.5172961482
 42
0.028422
 10
36423.82880739113
 20
16499.90291614819
 42
0.034209
 10
36485.73896339112
 20
16651.20626114819
 42
0.037115
 10
36525.50458839112
 20
16809.7068711482
 42
0.042923
 10
36539.50458839112
 20
16972.5172961482
 42
0.048516
 10
36520.14911939112
 20
17171.54830214819
 42
0.054965
 10
36460.34443239113
 20
17362.3654411482
 42
0.05818
 10
36359.36005739113
 20
17534.79171014818
 42
0.064678
 10
36219.50458839112
 20
17677.5172961482
 42
0.046818
 10
36084.72333839112
 20
17764.44234514818
 42
0.020439
 10
35939.50458839112
 20
17832.5172961482
  0
LWPOLYLINE
  5
1D227
330
1F
100
AcDbEntity
  8
S0CO3
100
AcDbPolyline
 90
       16
 70
     0
 43
0.0
 10
35939.50458839112
 20
17832.5172961482
 42
0.014242
 10
35675.36591639112
 20
17928.1503531482
 42
-0.007742
 10
35410.00654139112
 20
18020.3415151482
 42
-0.018723
 10
35150.04560439113
 20
18126.38204214821
 42
-0.040756
 10
34904.50458839112
 20
18262.5172961482
 42
-0.024159
 10
34822.54755739113
 20
18323.02877114821
 42
-0.054071
 10
34751.00849439112
 20
18395.5636831482
 42
-0.068912
 10
34699.44013539112
 20
18482.9941031482
 42
-0.099164
 10
34679.50458839113
 20
18582.5172961482
 42
-0.071149
 10
34697.56708839113
 20
18708.8473741482
 42
-0.046315
 10
34744.50458839112
 20
18827.5172961482
 42
-0.030761
 10
34799.39326039112
 20
18921.0456161482
 42
-0.016477
 10
34862.86201039113
 20
19008.9801871482
 42
-0.009349
 10
34930.80927639113
 20
19093.55196414821
 42
0.004923
 10
34999.50458839113
 20
19177.5172961482
 10
35662.64438383377
 20
20004.50691552537
  0
LINE
  5
1D228
330
1F
100
AcDbEntity
  8
S0CO3
100
AcDbLine
 10
34200.693240957
 20
15407.66223222315
 30
0.0
 11
21069.50458839112
 21
14953.295842861
 31
0.0
  0
INSERT
  5
1D350
330
1F
100
AcDbEntity
  8
0
100
AcDbBlockReference
  2
A$C64097268
 10
2319.504588391123
 20
14428.32774981523
 30
0.0
  0
LWPOLYLINE
  5
1D449
330
1F
100
AcDbEntity
  8
S0CO3
100
AcDbPolyline
 90
        4
 70
     0
 43
0.0
 10
1319.50458839121
 20
19004.50691552533
 10
16819.50458839109
 20
19004.50691552531
 10
16819.50458839109
 20
19177.51729614823
 10
34999.50458839115
 20
19177.51729614819
  0
MTEXT
  5
1D44E
330
1F
100
AcDbEntity
  8
0
 62
     6
100
AcDbMText
 10
36868.67679628679
 20
15183.94744530276
 30
0.0
 40
200.0
 41
3720.803492765816
 46
0.0
 71
     1
 72
     5
  1
Ny BL.
  7
ROMANS
 73
     1
 44
1.0
101
Embedded Object
 70
     1
 10
1.0
 20
0.0
 30
0.0
 11
36868.67679628679
 21
15183.94744530276
 31
0.0
 40
3720.803492765816
 41
0.0
 42
942.8571428571428
 43
266.6666666666667
 71
     2
 72
     1
 44
3720.803492765816
 45
1000.0
 73
     0
 74
     0
 46
0.0
  0
LINE
  5
1D451
330
1F
100
AcDbEntity
  8
S0CE1
100
AcDbLine
 10
616.0391404393158
 20
14804.50691552534
 30
0.0
 11
19269.50458839112
 21
14804.50691552536
 31
0.0
  0
LINE
  5
1D452
330
1F
100
AcDbEntity
  8
S0CE1
100
AcDbLine
 10
19269.50458839112
 20
14977.52691552536
 30
0.0
 11
36762.05620740233
 21
14977.52691552538
 31
0.0
  0
LWPOLYLINE
  5
1D4B1
330
1F
100
AcDbEntity
  8
0
 62
     6
420
 15401195
100
AcDbPolyline
 90
        4
 70
     0
 43
50.0
 10
16069.50458839109
 20
12609.58619675517
 10
16069.50458839109
 20
18877.21034731419
 10
11769.50458839121
 20
18877.21034731419
 10
11769.50458839121
 20
19350.73763308155
  0
LINE
  5
1D562
330
1F
100
AcDbEntity
  8
S0CO3
100
AcDbLine
 10
6319.504588391122
 20
17504.50691552515
 30
0.0
 11
7819.504588391094
 21
17504.50691552515
 31
0.0
  0
LINE
  5
1D563
330
1F
100
AcDbEntity
  8
S0CO3
100
AcDbLine
 10
3319.504588391064
 20
16959.62288252535
 30
0.0
 11
3319.504588391152
 21
19004.50691552536
 31
0.0
  0
LINE
  5
1D564
330
1F
100
AcDbEntity
  8
S0CO3
100
AcDbLine
 10
6319.504588391122
 20
17004.50691552534
 30
0.0
 11
4319.504588391064
 21
17004.50691552544
 31
0.0
  0
TEXT
  5
1D565
330
1F
100
AcDbEntity
  8
S0TX2
 62
     2
100
AcDbText
 10
3842.663664071923
 20
17963.97983836505
 30
0.0
 40
200.0
  1
CARGO HOLD
  7
18
100
AcDbText
  0
LINE
  5
1D566
330
1F
100
AcDbEntity
  8
S0CO3
100
AcDbLine
 10
7819.504588391094
 20
17504.50691552544
 30
0.0
 11
7819.504588391152
 21
19004.50691552538
 31
0.0
  0
LINE
  5
1D567
330
1F
100
AcDbEntity
  8
S0CE1
100
AcDbLine
 10
6319.504588391152
 20
17504.50691552542
 30
0.0
 11
7819.504588391152
 21
19004.50691552538
 31
0.0
  0
LINE
  5
1D568
330
1F
100
AcDbEntity
  8
S0CE1
100
AcDbLine
 10
7819.504588391152
 20
17504.50691552542
 30
0.0
 11
6319.504588391152
 21
19004.50691552538
 31
0.0
  0
LINE
  5
1D569
330
1F
100
AcDbEntity
  8
S0CO3
100
AcDbLine
 10
6319.504588391094
 20
17504.50691552539
 30
0.0
 11
7819.504588391094
 21
17504.50691552544
 31
0.0
  0
LINE
  5
1D56A
330
1F
100
AcDbEntity
  8
S0CO3
100
AcDbLine
 10
4319.504588391064
 20
17304.50691552543
 30
0.0
 11
3319.504588391094
 21
17304.50691552547
 31
0.0
  0
LINE
  5
1D56B
330
1F
100
AcDbEntity
  8
S0CO3
100
AcDbLine
 10
4319.504588391064
 20
17004.50691552544
 30
0.0
 11
4319.504588391064
 21
17304.50691552543
 31
0.0
  0
LWPOLYLINE
  5
1D56C
330
1F
100
AcDbEntity
  8
S0CO3
100
AcDbPolyline
 90
        9
 70
   128
 43
0.0
 10
1319.504588391093
 20
17144.72688652534
 42
-0.003443
 10
1819.504588391093
 20
17108.86580252535
 42
-0.001739
 10
2069.57889839109
 20
17088.40266752534
 42
-0.001686
 10
2319.504588391094
 20
17066.07503052536
 42
-0.001706
 10
2569.594386391095
 20
17042.10774552534
 42
-0.001834
 10
2819.504588391094
 20
17016.33504052536
 42
-0.00175
 10
3069.591014391088
 20
16988.73714052535
 42
-0.001274
 10
3319.504588391094
 20
16959.62288252535
 42
-0.001166
 10
3569.504588391094
 20
16929.24690552536
  0
ARC
  5
1D56D
330
1F
100
AcDbEntity
  8
S0CO3
100
AcDbCircle
 10
-2503.790259206442
 20
-43530.75779055068
 30
0.0
 40
60356.48016329909
100
AcDbArc
 50
83.92905103222579
 51
86.36815429024697
  0
TEXT
  5
1D56E
330
1F
100
AcDbEntity
  8
S0TX2
 62
     2
100
AcDbText
 10
6359.125540312947
 20
17966.53560644193
 30
0.0
 40
200.0
  1
ROLL
  7
18
100
AcDbText
  0
SPLINE
  5
1D56F
330
1F
100
AcDbEntity
  8
S0CE1
100
AcDbSpline
210
0.0
220
0.0
230
1.0
 70
  1064
 71
     3
 72
     9
 73
     5
 74
     3
 42
0.000000001
 43
0.0000000001
 44
0.0000000001
 12
-0.9998900913833839
 22
-0.0148258272392447
 32
0.0
 13
-0.9863157351685815
 23
0.1648674332876582
 33
0.0
 40
0.0
 40
0.0
 40
0.0
 40
0.0
 40
1534.967462624474
 40
3019.333865655112
 40
3019.333865655112
 40
3019.333865655112
 40
3019.333865655112
 10
6319.504588391122
 20
17004.50691552534
 30
0.0
 10
5807.905002899754
 20
16996.9211947191
 30
0.0
 10
4798.236114199569
 20
17038.74045146566
 30
0.0
 10
3807.522568412648
 20
17222.93235588344
 30
0.0
 10
3319.504588391079
 20
17304.50691552547
 30
0.0
 11
6319.504588391122
 21
17004.50691552534
 31
0.0
 11
4786.214061932442
 21
17076.23747238835
 31
0.0
 11
3319.504588391079
 21
17304.50691552547
 31
0.0
  0
LINE
  5
1D570
330
1F
100
AcDbEntity
  8
S0CE1
100
AcDbLine
 10
6319.504588391122
 20
19004.50691552533
 30
0.0
 11
3319.504588391094
 21
17304.50691552547
 31
0.0
  0
LINE
  5
1D571
330
1F
100
AcDbEntity
  8
S0CE1
100
AcDbLine
 10
3319.504588391152
 20
19004.50691552533
 30
0.0
 11
6319.504588391122
 21
17004.50691552534
 31
0.0
  0
TEXT
  5
1D572
330
1F
100
AcDbEntity
  8
S0TX2
 62
     2
100
AcDbText
 10
6359.125540312947
 20
17653.39065220661
 30
0.0
 40
200.0
  1
DAMP TK
  7
18
100
AcDbText
  0
LINE
  5
1D573
330
1F
100
AcDbEntity
  8
S0CO3
100
AcDbLine
 10
21069.50458839112
 20
14803.20607194831
 30
0.0
 11
11069.50458839109
 21
14457.18531070262
 31
0.0
  0
LINE
  5
1D574
330
1F
100
AcDbEntity
  8
S0CO3
100
AcDbLine
 10
21069.50458839112
 20
14953.295842861
 30
0.0
 11
11011.00515218683
 21
14605.25087967052
 31
0.0
  0
LINE
  5
1D575
330
1F
100
AcDbEntity
  8
U0CO1
100
AcDbLine
 10
35439.8891984353
 20
19170.34579903923
 30
0.0
 11
38839.47379171202
 21
19170.34579903923
 31
0.0
  0
TEXT
  5
1D576
330
1F
100
AcDbEntity
  8
S0CO3
100
AcDbText
 10
36849.71887544479
 20
19216.4609550662
 30
0.0
 40
298.828125
  1
1-DECK
  7
25
100
AcDbText
  0
LINE
  5
1D593
330
1F
100
AcDbEntity
  8
S0CO3
100
AcDbLine
 10
16819.50458839108
 20
19008.89068490399
 30
0.0
 11
16819.50458839108
 21
20004.50691552537
 31
0.0
  0
LINE
  5
1D595
330
1F
100
AcDbEntity
  8
S0CO3
100
AcDbLine
 10
28819.50458839184
 20
15221.46193282644
 30
0.0
 11
28819.50458839153
 21
20004.50691552537
 31
0.0
  0
LINE
  5
1D596
330
1F
100
AcDbEntity
  8
S0CO3
100
AcDbLine
 10
18669.50458839108
 20
19177.51729614819
 30
0.0
 11
18669.50458839108
 21
20004.50691552537
 31
0.0
  0
TEXT
  5
1D597
330
1F
100
AcDbEntity
  8
S0TX2
 62
     2
100
AcDbText
 10
27389.08847627326
 20
16007.51291935098
 30
0.0
 40
200.0
  1
FUEL OIL
  7
18
100
AcDbText
  0
LINE
  5
1D598
330
1F
100
AcDbEntity
  8
S0CE1
100
AcDbLine
 10
27321.48394109948
 20
15169.60652728544
 30
0.0
 11
28819.50458839174
 21
16777.51729614821
 31
0.0
  0
LINE
  5
1D599
330
1F
100
AcDbEntity
  8
S0CE1
100
AcDbLine
 10
27321.4839410995
 20
16777.51729614825
 30
0.0
 11
28819.50458839184
 21
15221.46193282644
 31
0.0
  0
LINE
  5
1D59A
330
1F
100
AcDbEntity
  8
S0CO3
100
AcDbLine
 10
25821.48394109988
 20
15117.65570445271
 30
0.0
 11
25821.48394109985
 21
16777.51729614825
 31
0.0
  0
LINE
  5
1D59B
330
1F
100
AcDbEntity
  8
S0CO3
100
AcDbLine
 10
23321.48394109954
 20
16227.5172961482
 30
0.0
 11
23321.4839410995
 21
19177.51729614821
 31
0.0
  0
TEXT
  5
1D59C
330
1F
100
AcDbEntity
  8
S0TX2
 62
     2
100
AcDbText
 10
23953.65309572611
 20
15732.75552296026
 30
0.0
 40
200.0
  1
FRESH W.
  7
18
100
AcDbText
  0
LINE
  5
1D59F
330
1F
100
AcDbEntity
  8
S0CO3
100
AcDbLine
 10
23321.48394109958
 20
16777.51729614825
 30
0.0
 11
28821.48394110011
 21
16777.51729614821
 31
0.0
  0
LINE
  5
1D5A1
330
1F
100
AcDbEntity
  8
S0CO3
100
AcDbLine
 10
32821.48394109964
 20
15359.87023732467
 30
0.0
 11
32821.48394109963
 21
19177.51729614817
 31
0.0
  0
LINE
  5
1D5A2
330
1F
100
AcDbEntity
  8
S0CE1
100
AcDbLine
 10
33821.4839410995
 20
16001.46925956216
 30
0.0
 11
33821.4839410995
 21
17042.5172961482
 31
0.0
  0
LINE
  5
1D5A3
330
1F
100
AcDbEntity
  8
S0CO3
100
AcDbLine
 10
31321.48394109959
 20
16777.51729614821
 30
0.0
 11
32821.48394109967
 21
16777.51729614821
 31
0.0
  0
LINE
  5
1D5A4
330
1F
100
AcDbEntity
  8
S0CE1
100
AcDbLine
 10
31321.48394109953
 20
16777.51729614821
 30
0.0
 11
32821.48394109964
 21
15359.87023732467
 31
0.0
  0
LINE
  5
1D5A5
330
1F
100
AcDbEntity
  8
S0CE1
100
AcDbLine
 10
31321.48394109956
 20
15307.96712313783
 30
0.0
 11
32821.48394109964
 21
16777.51729614821
 31
0.0
  0
LINE
  5
1D5A6
330
1F
100
AcDbEntity
  8
S0CE1
100
AcDbLine
 10
30417.13438328982
 20
16040.42364158849
 30
0.0
 11
30745.39977307447
 21
16040.42364158843
 31
0.0
  0
LINE
  5
1D5A7
330
1F
100
AcDbEntity
  8
S0CE1
100
AcDbLine
 10
30417.13438328982
 20
15991.75294731157
 30
0.0
 11
30745.39977307447
 21
15991.75294731163
 31
0.0
  0
LINE
  5
1D5A8
330
1F
100
AcDbEntity
  8
S0DA1
100
AcDbLine
 10
28821.48394110011
 20
16777.51729614821
 30
0.0
 11
31321.48394109953
 21
16777.51729614821
 31
0.0
  0
LINE
  5
1D5A9
330
1F
100
AcDbEntity
  8
S0CE1
100
AcDbLine
 10
29621.48394109982
 20
15186.53470024516
 30
0.0
 11
29719.53022800672
 21
15102.41186686503
 31
0.0
  0
LINE
  5
1D5AA
330
1F
100
AcDbEntity
  8
S0CE1
100
AcDbLine
 10
29621.48394109982
 20
15249.14359372607
 30
0.0
 11
29621.48394109982
 21
15186.53470024516
 31
0.0
  0
LINE
  5
1D5AB
330
1F
100
AcDbEntity
  8
S0CE1
100
AcDbLine
 10
29021.48394109985
 20
15163.61485319026
 30
0.0
 11
28918.36821152402
 21
15074.76484541048
 31
0.0
  0
LINE
  5
1D5AC
330
1F
100
AcDbEntity
  8
S0CE1
100
AcDbLine
 10
29021.48394109985
 20
15228.38234805132
 30
0.0
 11
29021.48394109985
 21
15163.61485319026
 31
0.0
  0
LINE
  5
1D5AD
330
1F
100
AcDbEntity
  8
S0CE1
100
AcDbLine
 10
29621.4839410997
 20
16191.08829445003
 30
0.0
 11
29621.48394109976
 21
17019.80611142413
 31
0.0
  0
LINE
  5
1D5AE
330
1F
100
AcDbEntity
  8
S0CE1
100
AcDbLine
 10
29527.80376858445
 20
17019.80611142417
 30
0.0
 11
29527.80376858445
 21
17571.08829445009
 31
0.0
  0
LINE
  5
1D5AF
330
1F
100
AcDbEntity
  8
S0CE1
100
AcDbLine
 10
29559.74014439956
 20
17571.08829445009
 30
0.0
 11
29559.74014439953
 21
17600.88338980211
 31
0.0
  0
LINE
  5
1D5B0
330
1F
100
AcDbEntity
  8
S0CE1
100
AcDbLine
 10
29559.74014439956
 20
17630.67848515407
 30
0.0
 11
29559.74014439953
 21
17600.88338980205
 31
0.0
  0
LINE
  5
1D5B1
330
1F
100
AcDbEntity
  8
S0CE1
100
AcDbLine
 10
29559.74014439956
 20
17630.67848515407
 30
0.0
 11
29083.22773779979
 21
17630.67848515407
 31
0.0
  0
LINE
  5
1D5B2
330
1F
100
AcDbEntity
  8
S0CE1
100
AcDbLine
 10
29083.22773779979
 20
17630.67848515407
 30
0.0
 11
29083.22773779982
 21
17600.88338980205
 31
0.0
  0
LINE
  5
1D5B3
330
1F
100
AcDbEntity
  8
S0CE1
100
AcDbLine
 10
29115.16411361489
 20
17019.80611142414
 30
0.0
 11
29115.16411361489
 21
17571.08829445009
 31
0.0
  0
LINE
  5
1D5B4
330
1F
100
AcDbEntity
  8
S0CE1
100
AcDbLine
 10
29083.22773779979
 20
17571.08829445009
 30
0.0
 11
29083.22773779982
 21
17600.88338980211
 31
0.0
  0
LINE
  5
1D5B5
330
1F
100
AcDbEntity
  8
S0CE1
100
AcDbLine
 10
29621.4839410997
 20
17019.80611142418
 30
0.0
 11
29527.80376858445
 21
17019.80611142417
 31
0.0
  0
LINE
  5
1D5B6
330
1F
100
AcDbEntity
  8
S0CE1
100
AcDbLine
 10
29671.48394109973
 20
15841.08829445003
 30
0.0
 11
29865.03444056348
 21
15841.08829445003
 31
0.0
  0
LINE
  5
1D5B7
330
1F
100
AcDbEntity
  8
S0CE1
100
AcDbLine
 10
29865.03444056348
 20
15841.08829445003
 30
0.0
 11
30301.893502181
 21
15891.08829445003
 31
0.0
  0
LINE
  5
1D5B8
330
1F
100
AcDbEntity
  8
S0CE1
100
AcDbLine
 10
29865.03444056348
 20
16191.08829445003
 30
0.0
 11
30301.893502181
 21
16141.08829445003
 31
0.0
  0
LINE
  5
1D5B9
330
1F
100
AcDbEntity
  8
S0CE1
100
AcDbLine
 10
29671.48394109973
 20
16191.08829445003
 30
0.0
 11
29865.03444056348
 21
16191.08829445003
 31
0.0
  0
LINE
  5
1D5BA
330
1F
100
AcDbEntity
  8
S0CE1
100
AcDbLine
 10
29021.48394109977
 20
16191.08829445009
 30
0.0
 11
29021.4839410997
 21
17019.80611142413
 31
0.0
  0
LINE
  5
1D5BB
330
1F
100
AcDbEntity
  8
S0CE1
100
AcDbLine
 10
29671.48394109973
 20
16191.08829445003
 30
0.0
 11
29621.4839410997
 21
16191.08829445003
 31
0.0
  0
LINE
  5
1D5BC
330
1F
100
AcDbEntity
  8
S0CE1
100
AcDbLine
 10
29671.48394109979
 20
15841.08829445006
 30
0.0
 11
29621.48394109979
 21
15841.08829445006
 31
0.0
  0
LINE
  5
1D5BD
330
1F
100
AcDbEntity
  8
S0CE1
100
AcDbLine
 10
29621.48394109982
 20
15249.14359372607
 30
0.0
 11
29621.48394109979
 21
15841.08829445006
 31
0.0
  0
LINE
  5
1D5BE
330
1F
100
AcDbEntity
  8
S0CE1
100
AcDbLine
 10
29021.48394109985
 20
15228.38234805132
 30
0.0
 11
29021.48394109982
 21
15841.08829445006
 31
0.0
  0
LINE
  5
1D5BF
330
1F
100
AcDbEntity
  8
S0CE1
100
AcDbLine
 10
30417.13438328982
 20
15891.08829445003
 30
0.0
 11
30417.13438328979
 21
16141.08829445003
 31
0.0
  0
LINE
  5
1D5C0
330
1F
100
AcDbEntity
  8
S0CE1
100
AcDbLine
 10
30301.893502181
 20
16141.08829445003
 30
0.0
 11
30417.13438328979
 21
16141.08829445003
 31
0.0
  0
LINE
  5
1D5C1
330
1F
100
AcDbEntity
  8
S0CE1
100
AcDbLine
 10
30301.893502181
 20
15891.08829445003
 30
0.0
 11
30417.13438328982
 21
15891.08829445003
 31
0.0
  0
LINE
  5
1D5C2
330
1F
100
AcDbEntity
  8
S0CE1
100
AcDbLine
 10
30745.3997730745
 20
15766.08829444997
 30
0.0
 11
30745.3997730745
 21
16266.08829445003
 31
0.0
  0
LINE
  5
1D5C3
330
1F
100
AcDbEntity
  8
S0CE1
100
AcDbLine
 10
30745.3997730745
 20
15766.08829444997
 30
0.0
 11
30771.4839410995
 21
15766.08829445
 31
0.0
  0
LINE
  5
1D5C4
330
1F
100
AcDbEntity
  8
S0CE1
100
AcDbLine
 10
30771.4839410995
 20
15766.08829445
 30
0.0
 11
30771.4839410995
 21
16266.08829445003
 31
0.0
  0
LINE
  5
1D5C5
330
1F
100
AcDbEntity
  8
S0CE1
100
AcDbLine
 10
30745.3997730745
 20
16266.08829445003
 30
0.0
 11
30771.4839410995
 21
16266.08829445003
 31
0.0
  0
TEXT
  5
1D5C7
330
1F
100
AcDbEntity
  8
I0CO2
100
AcDbText
 10
36193.8275028387
 20
13866.53193770836
 30
0.0
 40
135.0
  1
F.P.
  7
18
100
AcDbText
  0
LINE
  5
1D5C8
330
1F
100
AcDbEntity
  8
S0CE1
100
AcDbLine
 10
33306.4839410995
 20
16527.5172961482
 30
0.0
 11
34336.4839410995
 21
16527.5172961482
 31
0.0
  0
LINE
  5
1D5C9
330
1F
100
AcDbEntity
  8
S0CO3
100
AcDbLine
 10
30571.4839410995
 20
19177.51729614816
 30
0.0
 11
34999.50458839115
 21
19177.51729614819
 31
0.0
  0
LINE
  5
1D5CB
330
1F
100
AcDbEntity
  8
S0CO3
100
AcDbLine
 10
31321.48394109956
 20
15307.96712313783
 30
0.0
 11
31321.48394109953
 21
16777.51729614821
 31
0.0
  0
LINE
  5
1D5CD
330
1F
100
AcDbEntity
  8
S0CE1
100
AcDbLine
 10
36221.4839410995
 20
15477.5172961482
 30
0.0
 11
34202.67259366537
 21
15407.66223222314
 31
0.0
  0
CIRCLE
  5
1D5CE
330
1F
100
AcDbEntity
  8
S0CO3
100
AcDbCircle
 10
33821.4839410995
 20
16527.5172961482
 30
0.0
 40
515.0
  0
TEXT
  5
1D5D0
330
1F
100
AcDbEntity
  8
S0CO5
100
AcDbText
 10
33179.94935535127
 20
12961.94704956887
 30
0.0
 40
351.5625
  1
PROFILE
  7
25
100
AcDbText
  0
LINE
  5
1D5D1
330
1F
100
AcDbEntity
  8
S0CO3
100
AcDbLine
 10
32833.70517378387
 20
12907.69392483125
 30
0.0
 11
35683.25242597947
 21
12907.69392483125
 31
0.0
  0
LINE
  5
1D5D2
330
1F
100
AcDbEntity
  8
S0CO3
100
AcDbLine
 10
32833.70517378387
 20
12846.1774278825
 30
0.0
 11
35683.25242597947
 21
12846.1774278825
 31
0.0
  0
LINE
  5
1D5D3
330
1F
100
AcDbEntity
  8
S0CO3
100
AcDbLine
 10
27321.48394109953
 20
16777.51729614827
 30
0.0
 11
27321.48394109948
 21
15169.60652728544
 31
0.0
  0
LINE
  5
1D5D4
330
1F
100
AcDbEntity
  8
S0CO3
100
AcDbLine
 10
31321.48394109953
 20
16777.51729614821
 30
0.0
 11
31321.48394109951
 21
19177.51729614817
 31
0.0
  0
LINE
  5
1D5D5
330
1F
100
AcDbEntity
  8
S0CE1
100
AcDbLine
 10
28971.48394109973
 20
16191.08829445009
 30
0.0
 11
28971.48394109979
 21
15841.08829445006
 31
0.0
  0
LINE
  5
1D5D6
330
1F
100
AcDbEntity
  8
S0CE1
100
AcDbLine
 10
29115.16411361489
 20
17571.08829445009
 30
0.0
 11
29083.22773779979
 21
17571.08829445009
 31
0.0
  0
LINE
  5
1D5D7
330
1F
100
AcDbEntity
  8
S0CE1
100
AcDbLine
 10
29559.74014439956
 20
17571.08829445009
 30
0.0
 11
29527.80376858445
 21
17571.08829445009
 31
0.0
  0
LINE
  5
1D5D8
330
1F
100
AcDbEntity
  8
S0CE1
100
AcDbLine
 10
29021.48394109977
 20
16191.08829445008
 30
0.0
 11
28971.48394109973
 21
16191.08829445009
 31
0.0
  0
LINE
  5
1D5D9
330
1F
100
AcDbEntity
  8
S0CE1
100
AcDbLine
 10
29021.48394109982
 20
15841.08829445006
 30
0.0
 11
28971.48394109979
 21
15841.08829445006
 31
0.0
  0
LINE
  5
1D5DA
330
1F
100
AcDbEntity
  8
S0CE1
100
AcDbLine
 10
29115.16411361489
 20
17019.80611142414
 30
0.0
 11
29021.48394109967
 21
17019.80611142413
 31
0.0
  0
LINE
  5
1D5DB
330
1F
100
AcDbEntity
  8
S0CE1
100
AcDbLine
 10
27321.48394109953
 20
16777.51729614827
 30
0.0
 11
25821.48394109988
 21
15117.65570445271
 31
0.0
  0
LINE
  5
1D5DC
330
1F
100
AcDbEntity
  8
S0CE1
100
AcDbLine
 10
25821.48394109985
 20
16777.51729614823
 30
0.0
 11
27321.48394109948
 21
15169.60652728544
 31
0.0
  0
TEXT
  5
1D5DD
330
1F
100
AcDbEntity
  8
S0TX2
 62
     2
100
AcDbText
 10
25915.40787605456
 20
15905.99717675791
 30
0.0
 40
200.0
  1
DRY TK
  7
18
100
AcDbText
  0
LINE
  5
1D5DE
330
1F
100
AcDbEntity
  8
S0CO3
100
AcDbLine
 10
30571.4839410995
 20
19177.51729614816
 30
0.0
 11
30571.4839410995
 21
20004.50691552537
 31
0.0
  0
LINE
  5
1D5DF
330
1F
100
AcDbEntity
  8
S0CO3
100
AcDbLine
 10
12319.50458839102
 20
16054.50691552536
 30
0.0
 11
16319.50458839122
 21
16054.50691552536
 31
0.0
  0
LINE
  5
1D5E0
330
1F
100
AcDbEntity
  8
S0CE1
100
AcDbLine
 10
12319.50458839102
 20
16054.50691552536
 30
0.0
 11
16319.50458839119
 21
14788.93598126931
 31
0.0
  0
LINE
  5
1D5E1
330
1F
100
AcDbEntity
  8
S0CE1
100
AcDbLine
 10
12319.50458839105
 20
14650.52767677104
 30
0.0
 11
16319.50458839116
 21
16054.50691552533
 31
0.0
  0
LINE
  5
1D5E2
330
1F
100
AcDbEntity
  8
S0CO3
100
AcDbLine
 10
12319.50458839105
 20
14650.52767677104
 30
0.0
 11
12319.50458839102
 21
16054.50691552536
 31
0.0
  0
LINE
  5
1D5E3
330
1F
100
AcDbEntity
  8
S0CO3
100
AcDbLine
 10
16319.50458839119
 20
14788.93598126931
 30
0.0
 11
16319.50458839116
 21
16054.50691552536
 31
0.0
  0
LINE
  5
1D5E4
330
1F
100
AcDbEntity
  8
S0CO3
100
AcDbLine
 10
11069.50458839111
 20
14457.18531070264
 30
0.0
 11
10938.74287883237
 21
14632.45244892675
 31
0.0
  0
ARC
  5
1D5E5
330
1F
100
AcDbEntity
  8
S0CO1
100
AcDbCircle
 10
20376.48199448441
 20
65326.44152121254
 30
0.0
 40
50864.78522903904
100
AcDbArc
 50
259.4741497161658
 51
261.1455525634967
  0
ARC
  5
1D5E6
330
1F
100
AcDbEntity
  8
S0CO1
100
AcDbCircle
 10
16271.71591202533
 20
38977.21054292952
 30
0.0
 40
24197.74419081745
100
AcDbArc
 50
261.1456611651946
 51
264.6594505667076
  0
ARC
  5
1D5E7
330
1F
100
AcDbEntity
  8
S0CO1
100
AcDbCircle
 10
16010.54862686802
 20
36180.02672280114
 30
0.0
 40
21388.39452191841
100
AcDbArc
 50
264.6586066494365
 51
268.3460739709488
  0
ARC
  5
1D5E8
330
1F
100
AcDbEntity
  8
S0CO1
100
AcDbCircle
 10
16018.89887881397
 20
36489.85716352123
 30
0.0
 40
21698.33690192647
100
AcDbArc
 50
268.3476469294176
 51
270.2531755050492
  0
LINE
  5
1D5E9
330
1F
100
AcDbEntity
  8
S0DA1
100
AcDbLine
 10
11319.50458839105
 20
14650.52767677104
 30
0.0
 11
11319.50458839102
 21
16054.50691552536
 31
0.0
  0
LINE
  5
1D5EA
330
1F
100
AcDbEntity
  8
S0DA1
100
AcDbLine
 10
11319.50458839102
 20
16054.50691552536
 30
0.0
 11
12319.50458839102
 21
16054.50691552536
 31
0.0
  0
TEXT
  5
1D5EB
330
1F
100
AcDbEntity
  8
S0TX2
 62
     2
100
AcDbText
 10
13561.59961359767
 20
15264.03875604476
 30
0.0
 40
200.0
  1
FUEL OIL
  7
18
100
AcDbText
  0
LINE
  5
1D5EC
330
1F
100
AcDbEntity
  8
S0CE1
100
AcDbLine
 10
10549.8613960413
 20
16554.50691552536
 30
0.0
 11
10549.8613960413
 21
18704.50691552537
 31
0.0
  0
LINE
  5
1D5ED
330
1F
100
AcDbEntity
  8
S0CE1
100
AcDbLine
 10
12049.8613960413
 20
16554.50691552536
 30
0.0
 11
12049.8613960413
 21
18704.50691552537
 31
0.0
  0
LINE
  5
1D5EE
330
1F
100
AcDbEntity
  8
S0CE1
100
AcDbLine
 10
10549.8613960413
 20
18704.50691552536
 30
0.0
 11
12049.8613960413
 21
18704.50691552537
 31
0.0
  0
LINE
  5
1D5EF
330
1F
100
AcDbEntity
  8
S0CE1
100
AcDbLine
 10
10549.8613960413
 20
16554.50691552536
 30
0.0
 11
12049.8613960413
 21
16554.50691552536
 31
0.0
  0
LINE
  5
1D5F0
330
1F
100
AcDbEntity
  8
S0CE1
100
AcDbLine
 10
10549.8613960413
 20
18704.50691552536
 30
0.0
 11
12049.8613960413
 21
16554.50691552536
 31
0.0
  0
LINE
  5
1D5F1
330
1F
100
AcDbEntity
  8
S0CE1
100
AcDbLine
 10
12049.8613960413
 20
18704.50691552537
 30
0.0
 11
10549.8613960413
 21
16554.50691552536
 31
0.0
  0
TEXT
  5
1D5F2
330
1F
100
AcDbEntity
  8
S0TX2
 62
     2
100
AcDbText
 10
10622.02484485399
 20
17963.97983836505
 30
0.0
 40
200.0
  1
FUEL OIL
  7
18
100
AcDbText
  0
TEXT
  5
1D5F3
330
1F
100
AcDbEntity
  8
S0TX2
 62
     2
100
AcDbText
 10
10622.02484485399
 20
17613.25738247801
 30
0.0
 40
200.0
  1
SERVICE
  7
18
100
AcDbText
  0
TEXT
  5
1D5F4
330
1F
100
AcDbEntity
  8
S0TX2
 62
     2
100
AcDbText
 10
10622.02484485399
 20
17255.88565549295
 30
0.0
 40
200.0
  1
TK
  7
18
100
AcDbText
  0
DIMENSION
  5
1D5F5
330
1F
100
AcDbEntity
  8
S0CO1
100
AcDbDimension
280
     0
  2
*D13
 10
21069.50458839108
 20
12819.51343048695
 30
0.0
 11
18569.50458839108
 21
12936.18009715362
 31
0.0
 70
    32
  1
<> Lengthening
 71
     5
 42
5000.0
 73
     0
 74
     0
 75
     0
  3
STANDARD
100
AcDbAlignedDimension
 13
16069.50458839108
 23
14428.32774981523
 33
0.0
 14
21069.50458839108
 24
14428.32774981523
 34
0.0
100
AcDbRotatedDimension
  0
LWPOLYLINE
  5
1D60B
330
1F
100
AcDbEntity
  8
0
 62
     6
420
 15401195
100
AcDbPolyline
 90
        4
 70
     0
 43
50.0
 10
21069.50458839108
 20
12536.90303730755
 10
21069.50458839108
 20
18896.77965080528
 10
16669.50458839119
 20
18896.77965080528
 10
16671.50458839108
 20
19324.67379055712
  0
INSERT
  5
1D627
330
1F
100
AcDbEntity
  8
S0CO3
100
AcDbBlockReference
  2
A$C10F6703F
 10
6704.504588391199
 20
17472.93373113152
 30
0.0
 41
0.7
 42
0.7
 43
0.7
  0
LINE
  5
1DA1F
330
1F
100
AcDbEntity
  8
S0CO3
100
AcDbLine
 10
19319.50458839117
 20
16227.51729614816
 30
0.0
 11
23321.48394109954
 21
16227.5172961482
 31
0.0
  0
LINE
  5
1DA20
330
1F
100
AcDbEntity
  8
S0CO3
100
AcDbLine
 10
21319.50458839112
 20
14961.94636189213
 30
0.0
 11
21319.50458839113
 21
16227.51729614819
 31
0.0
  0
LINE
  5
1DA21
330
1F
100
AcDbEntity
  8
S0CO3
100
AcDbLine
 10
16281.75794559454
 20
16054.50691552536
 30
0.0
 11
19319.50458839118
 21
16054.50691552534
 31
0.0
  0
LINE
  5
1DA23
330
1F
100
AcDbEntity
  8
S0CE1
100
AcDbLine
 10
16281.75794559434
 20
16054.50691552534
 30
0.0
 11
20281.75794559452
 21
14927.34428576757
 31
0.0
  0
LINE
  5
1DA24
330
1F
100
AcDbEntity
  8
S0CE1
100
AcDbLine
 10
16281.75794559451
 20
14788.93598126928
 30
0.0
 11
20281.75794559443
 21
16227.51729614817
 31
0.0
  0
LINE
  5
1DA26
330
1F
100
AcDbEntity
  8
S0CO3
100
AcDbLine
 10
20319.5045883911
 20
14927.34428576758
 30
0.0
 11
20319.50458839102
 21
16227.51729614817
 31
0.0
  0
LINE
  5
1DA27
330
1F
100
AcDbEntity
  8
S0CO3
100
AcDbLine
 10
19319.50458839112
 20
19177.51729614821
 30
0.0
 11
19319.50458839118
 21
16054.50691552533
 31
0.0
  0
MTEXT
  5
1DA28
330
1F
100
AcDbEntity
  8
S0TX2
 62
     2
100
AcDbMText
 10
20521.76299281942
 20
15828.85051114153
 30
0.0
 40
200.0
 41
3494.191796547064
 46
0.0
 71
     1
 72
     5
  1
Dry\Ptk.
  7
18
 73
     1
 44
1.0
101
Embedded Object
 70
     1
 10
1.0
 20
0.0
 30
0.0
 11
20521.76299281942
 21
15828.85051114153
 31
0.0
 40
3494.191796547064
 41
0.0
 42
419.047619047619
 43
533.3333333333333
 71
     2
 72
     1
 44
3494.191796547064
 45
1000.0
 73
     0
 74
     0
 46
0.0
  0
LINE
  5
1DA29
330
1F
100
AcDbEntity
  8
S0CE1
100
AcDbLine
 10
21319.50458839115
 20
14961.94636189213
 30
0.0
 11
25819.50458839144
 21
16777.51729614826
 31
0.0
  0
LINE
  5
1DA2A
330
1F
100
AcDbEntity
  8
S0CE1
100
AcDbLine
 10
21319.50458839115
 20
16227.5172961482
 30
0.0
 11
25819.5045883915
 21
15117.65570445271
 31
0.0
  0
INSERT
  5
1DA51
330
1F
100
AcDbEntity
  8
0
100
AcDbBlockReference
  2
A2
 10
-1765.755049999861
 20
-706.3020200000027
 30
0.0
  0
LINE
  5
1DEE2
330
1F
100
AcDbEntity
  8
S0DA1
100
AcDbLine
 10
10938.74287883237
 20
14603.59488803935
 30
0.0
 11
10319.50458839112
 21
15433.59415472601
 31
0.0
  0
LINE
  5
1DEE3
330
1F
100
AcDbEntity
  8
S0CO3
100
AcDbLine
 10
6319.504588627053
 20
14441.66891783812
 30
0.0
 11
6319.504588627053
 21
19004.50691550028
 31
0.0
  0
LINE
  5
1E138
330
1F
100
AcDbEntity
  8
S0CE1
100
AcDbLine
 10
12319.50458839073
 20
2859.530831295131
 30
0.0
 11
13319.50458839085
 21
4509.530831295146
 31
0.0
  0
LINE
  5
1E139
330
1F
100
AcDbEntity
  8
S0CE1
100
AcDbLine
 10
12319.50458839073
 20
4509.530831295146
 30
0.0
 11
13319.50458839085
 21
2859.530831295131
 31
0.0
  0
LINE
  5
1E13A
330
1F
100
AcDbEntity
  8
S0CE1
100
AcDbLine
 10
11319.50458839091
 20
8259.530831295116
 30
0.0
 11
13319.504588391
 21
9909.530831295102
 31
0.0
  0
TEXT
  5
1E13B
330
1F
100
AcDbEntity
  8
S0TX2
 62
     2
100
AcDbText
 10
13718.54860570105
 20
7459.769398042546
 30
0.0
 40
200.0
  1
No 6 p
  7
18
100
AcDbText
  0
TEXT
  5
1E13C
330
1F
100
AcDbEntity
  8
S0TX2
 62
     2
100
AcDbText
 10
13654.58146835037
 20
5461.294146736727
 30
0.0
 40
200.0
  1
No 6 sb
  7
18
100
AcDbText
  0
LINE
  5
1E13D
330
1F
100
AcDbEntity
  8
S0CE1
100
AcDbLine
 10
12319.50458839094
 20
6384.530831295101
 30
0.0
 11
16319.504588391
 21
4509.530831295117
 31
0.0
  0
LINE
  5
1E13E
330
1F
100
AcDbEntity
  8
S0CE1
100
AcDbLine
 10
12319.50458839078
 20
4509.530831295101
 30
0.0
 11
16319.50458839097
 21
6384.530831295101
 31
0.0
  0
LINE
  5
1E13F
330
1F
100
AcDbEntity
  8
S0CE1
100
AcDbLine
 10
12319.50458839094
 20
6384.530831295101
 30
0.0
 11
16319.504588391
 21
8259.530831295087
 31
0.0
  0
LINE
  5
1E140
330
1F
100
AcDbEntity
  8
S0CE1
100
AcDbLine
 10
12319.50458839097
 20
8259.530831295101
 30
0.0
 11
16319.50458839112
 21
6384.530831295254
 31
0.0
  0
LINE
  5
1E141
330
1F
100
AcDbEntity
  8
S0CE1
100
AcDbLine
 10
11319.50458839091
 20
9909.530831295088
 30
0.0
 11
13319.504588391
 21
8259.530831295116
 31
0.0
  0
LINE
  5
1E142
330
1F
100
AcDbEntity
  8
S0CO3
100
AcDbLine
 10
16319.504588391
 20
4509.530831295117
 30
0.0
 11
11319.50458839132
 21
4509.530831295087
 31
0.0
  0
LINE
  5
1E143
330
1F
100
AcDbEntity
  8
S0CO3
100
AcDbLine
 10
15319.504588391
 20
9909.530831295116
 30
0.0
 11
11319.50458839138
 21
9909.530831295088
 31
0.0
  0
LINE
  5
1E144
330
1F
100
AcDbEntity
  8
S0CO3
100
AcDbLine
 10
15319.50458839126
 20
2859.530831295087
 30
0.0
 11
11319.50458839138
 21
2859.530831295051
 31
0.0
  0
LINE
  5
1E145
330
1F
100
AcDbEntity
  8
S0CO3
100
AcDbLine
 10
16319.504588391
 20
8259.530831295087
 30
0.0
 11
11319.50458839132
 21
8259.530831295101
 31
0.0
  0
LINE
  5
1E147
330
1F
100
AcDbEntity
  8
S0CE1
100
AcDbLine
 10
1319.504588390999
 20
11184.53083129508
 30
0.0
 11
18319.50458839091
 21
11184.53083129507
 31
0.0
  0
LINE
  5
1E148
330
1F
100
AcDbEntity
  8
S0CE1
100
AcDbLine
 10
1319.504588391028
 20
1584.530831295116
 30
0.0
 11
18319.5045883903
 21
1584.530831295087
 31
0.0
  0
LINE
  5
1E149
330
1F
100
AcDbEntity
  8
S0CE1
100
AcDbLine
 10
2948.205766681793
 20
9084.530831295102
 30
0.0
 11
9805.656678623208
 21
9084.530831295131
 31
0.0
  0
LINE
  5
1E14A
330
1F
100
AcDbEntity
  8
S0CE1
100
AcDbLine
 10
2948.205766681793
 20
3684.530831295102
 30
0.0
 11
10006.30626800846
 21
3684.530831295073
 31
0.0
  0
LINE
  5
1E14B
330
1F
100
AcDbEntity
  8
S0CE1
100
AcDbLine
 10
6319.504588390969
 20
2584.530831295117
 30
0.0
 11
3319.50458839097
 21
1584.530831295116
 31
0.0
  0
LINE
  5
1E14C
330
1F
100
AcDbEntity
  8
S0CO3
100
AcDbLine
 10
3319.50458839097
 20
2584.530831295117
 30
0.0
 11
6319.504588390969
 21
2584.530831295117
 31
0.0
  0
LINE
  5
1E14D
330
1F
100
AcDbEntity
  8
S0CE1
100
AcDbLine
 10
3319.50458839097
 20
2584.530831295131
 30
0.0
 11
6319.504588390969
 21
1584.530831295116
 31
0.0
  0
LINE
  5
1E14E
330
1F
100
AcDbEntity
  8
S0CO3
100
AcDbLine
 10
3319.50458839097
 20
10184.53083129507
 30
0.0
 11
6319.504588390969
 21
10184.53083129507
 31
0.0
  0
LINE
  5
1E14F
330
1F
100
AcDbEntity
  8
S0CE1
100
AcDbLine
 10
6319.504588390969
 20
11184.53083129507
 30
0.0
 11
3319.50458839097
 21
10184.53083129507
 31
0.0
  0
LINE
  5
1E150
330
1F
100
AcDbEntity
  8
S0CE1
100
AcDbLine
 10
3319.50458839097
 20
11184.5308312951
 30
0.0
 11
6319.504588390969
 21
10184.53083129507
 31
0.0
  0
LINE
  5
1E151
330
1F
100
AcDbEntity
  8
S0CE1
100
AcDbLine
 10
1319.504588390999
 20
11184.53083129508
 30
0.0
 11
1318.907821041932
 21
9807.260047666343
 31
0.0
  0
LINE
  5
1E152
330
1F
100
AcDbEntity
  8
S0CO3
100
AcDbLine
 10
3319.504588390999
 20
11184.53083129513
 30
0.0
 11
3319.504588390941
 21
6384.530831295101
 31
0.0
  0
CIRCLE
  5
1E153
330
1F
100
AcDbEntity
  8
I0CO2
100
AcDbCircle
 10
2319.504588390999
 20
9084.530831295074
 30
0.0
 40
345.9195255239028
  0
TEXT
  5
1E154
330
1F
100
AcDbEntity
  8
S0TX2
 62
     2
100
AcDbText
 10
1647.608925677028
 20
7750.760234425522
 30
0.0
 40
200.0
  1
gear
  7
18
100
AcDbText
  0
TEXT
  5
1E155
330
1F
100
AcDbEntity
  8
S0TX2
 62
     2
100
AcDbText
 10
1647.608925677028
 20
8039.923602547794
 30
0.0
 40
200.0
  1
Steering 
  7
18
100
AcDbText
  0
LINE
  5
1E156
330
1F
100
AcDbEntity
  8
S0CE1
100
AcDbLine
 10
1419.504588391057
 20
5284.530831295072
 30
0.0
 11
2541.243718825754
 21
5284.530831295102
 31
0.0
  0
LINE
  5
1E157
330
1F
100
AcDbEntity
  8
S0CE1
100
AcDbLine
 10
1419.504588391057
 20
7484.530831295116
 30
0.0
 11
2541.24371882587
 21
7484.530831295102
 31
0.0
  0
LINE
  5
1E158
330
1F
100
AcDbEntity
  8
S0CE1
100
AcDbLine
 10
1319.504588391028
 20
1584.530831295116
 30
0.0
 11
1318.907821041946
 21
2961.801614923846
 31
0.0
  0
LINE
  5
1E159
330
1F
100
AcDbEntity
  8
S0CO3
100
AcDbLine
 10
1318.508042573892
 20
2961.801614923846
 30
0.0
 11
1319.50458839094
 21
6384.530831295131
 31
0.0
  0
LINE
  5
1E15A
330
1F
100
AcDbEntity
  8
S0CE1
100
AcDbLine
 10
1419.504588391086
 20
5184.530831295073
 30
0.0
 11
1419.504588391115
 21
5184.530831295073
 31
0.0
  0
ARC
  5
1E15B
330
1F
100
AcDbEntity
  8
S0CE1
100
AcDbCircle
 10
1419.504588391057
 20
5184.530831295073
 30
0.0
 40
100.0
100
AcDbArc
 50
90.0
 51
180.0
  0
ARC
  5
1E15C
330
1F
100
AcDbEntity
  8
S0CE1
100
AcDbCircle
 10
1419.504588391057
 20
7584.530831295116
 30
0.0
 40
100.0
100
AcDbArc
 50
180.0
 51
270.0
  0
LINE
  5
1E15D
330
1F
100
AcDbEntity
  8
S0CO3
100
AcDbLine
 10
1318.508042573892
 20
9807.260047666343
 30
0.0
 11
1319.50458839094
 21
6384.530831295101
 31
0.0
  0
LINE
  5
1E15E
330
1F
100
AcDbEntity
  8
S0CO3
100
AcDbLine
 10
3319.504588390999
 20
1584.530831295102
 30
0.0
 11
3319.504588390999
 21
6384.530831295101
 31
0.0
  0
LWPOLYLINE
  5
1E15F
330
1F
100
AcDbEntity
  8
U0CO1
100
AcDbPolyline
 90
        4
 70
     1
 43
0.0
 10
2682.433648062238
 20
3471.047495145387
 10
3282.433648062238
 20
3471.047495145387
 10
3282.433648062238
 20
2671.047495145387
 10
2682.433648062238
 20
2671.047495145387
  0
CIRCLE
  5
1E160
330
1F
100
AcDbEntity
  8
I0CO2
100
AcDbCircle
 10
2319.504588390999
 20
3684.530831295102
 30
0.0
 40
345.9195255239028
  0
LINE
  5
1E162
330
1F
100
AcDbEntity
  8
S0CE1
100
AcDbLine
 10
2541.243718825754
 20
5284.530831295102
 30
0.0
 11
2541.24371882587
 21
7484.530831295102
 31
0.0
  0
LINE
  5
1E164
330
1F
100
AcDbEntity
  8
S0CO3
100
AcDbLine
 10
6319.504588390969
 20
2584.530831295117
 30
0.0
 11
6319.504588390969
 21
10184.53083129507
 31
0.0
  0
LINE
  5
1E165
330
1F
100
AcDbEntity
  8
S0CO3
100
AcDbLine
 10
7819.50458839094
 20
1584.530831295087
 30
0.0
 11
7819.504588390998
 21
11184.5308312951
 31
0.0
  0
LINE
  5
1E166
330
1F
100
AcDbEntity
  8
S0CE1
100
AcDbLine
 10
6319.504588390999
 20
1584.530831295102
 30
0.0
 11
7819.504588390998
 21
11184.5308312951
 31
0.0
  0
LINE
  5
1E167
330
1F
100
AcDbEntity
  8
S0CE1
100
AcDbLine
 10
6319.504588390999
 20
11184.5308312951
 30
0.0
 11
7819.50458839094
 21
1584.530831295087
 31
0.0
  0
TEXT
  5
1E168
330
1F
100
AcDbEntity
  8
S0TX2
 62
     2
100
AcDbText
 10
10183.34697844089
 20
7168.416622189813
 30
0.0
 40
200.0
  1
Engine room
  7
18
100
AcDbText
  0
LINE
  5
1E169
330
1F
100
AcDbEntity
  8
S0CO3
100
AcDbLine
 10
6319.504588391028
 20
2584.530831295117
 30
0.0
 11
6319.504588390999
 21
1584.530831295102
 31
0.0
  0
LINE
  5
1E16A
330
1F
100
AcDbEntity
  8
S0CO3
100
AcDbLine
 10
12319.50458839113
 20
2859.530831295058
 30
0.0
 11
12319.50458839097
 21
8259.530831295101
 31
0.0
  0
LINE
  5
1E16B
330
1F
100
AcDbEntity
  8
S0CO3
100
AcDbLine
 10
13319.50458839091
 20
4509.530831295131
 30
0.0
 11
13319.50458839085
 21
2859.530831295073
 31
0.0
  0
TEXT
  5
1E16C
330
1F
100
AcDbEntity
  8
S0TX2
 62
     2
100
AcDbText
 10
12381.77029598321
 20
3374.068762769639
 30
0.0
 40
200.0
  1
Sludge
  7
18
100
AcDbText
  0
TEXT
  5
1E16D
330
1F
100
AcDbEntity
  8
S0TX2
 62
     2
100
AcDbText
 10
11930.86844462072
 20
8754.111490616917
 30
0.0
 40
200.0
  1
Bilge
  7
18
100
AcDbText
  0
LINE
  5
1E16E
330
1F
100
AcDbEntity
  8
S0CO3
100
AcDbLine
 10
6319.504588391028
 20
10184.53083129507
 30
0.0
 11
6319.504588390999
 21
11184.5308312951
 31
0.0
  0
LINE
  5
1E17A
330
1F
100
AcDbEntity
  8
S0CO3
100
AcDbLine
 10
16319.50458839129
 20
1765.905831295117
 30
0.0
 11
16319.50458839095
 21
11003.15583129509
 31
0.0
  0
LINE
  5
1E17B
330
1F
100
AcDbEntity
  8
S0CE1
100
AcDbLine
 10
15319.50458839097
 20
2859.530831295087
 30
0.0
 11
13319.50458839103
 21
4509.530831295101
 31
0.0
  0
LINE
  5
1E17C
330
1F
100
AcDbEntity
  8
S0CE1
100
AcDbLine
 10
13319.50458839103
 20
2859.530831295087
 30
0.0
 11
15319.50458839097
 21
4509.530831295101
 31
0.0
  0
TEXT
  5
1E17D
330
1F
100
AcDbEntity
  8
S0TX2
 62
     2
100
AcDbText
 10
13673.21691163138
 20
3339.981531673002
 30
0.0
 40
200.0
  1
Black sew
  7
18
100
AcDbText
  0
LINE
  5
1E17E
330
1F
100
AcDbEntity
  8
S0CE1
100
AcDbLine
 10
13319.50458839103
 20
9909.530831295102
 30
0.0
 11
15319.50458839097
 21
8259.530831295101
 31
0.0
  0
LINE
  5
1E17F
330
1F
100
AcDbEntity
  8
S0CE1
100
AcDbLine
 10
15319.50458839097
 20
9909.530831295102
 30
0.0
 11
13319.50458839103
 21
8259.530831295101
 31
0.0
  0
TEXT
  5
1E180
330
1F
100
AcDbEntity
  8
S0TX2
 62
     2
100
AcDbText
 10
13656.63608813496
 20
8743.403922419522
 30
0.0
 40
200.0
  1
Grey sew
  7
18
100
AcDbText
  0
LINE
  5
1E181
330
1F
100
AcDbEntity
  8
S0CO3
100
AcDbLine
 10
13319.50458839103
 20
9909.530831295102
 30
0.0
 11
13319.504588391
 21
8259.530831295116
 31
0.0
  0
LWPOLYLINE
  5
1E1B0
330
1F
100
AcDbEntity
  8
S0CO3
100
AcDbPolyline
 90
        4
 70
     0
 43
0.0
 10
9752.903609180322
 20
9909.530831295102
 42
-0.0167602085359675
 10
10065.77265439093
 20
10110.9226772951
 42
-0.011782
 10
10319.50458839094
 20
10254.4663782951
 42
-0.0040369155498874
 10
10419.50460971053
 20
10306.93578826757
 42
-0.0040369155498874
  0
LWPOLYLINE
  5
1E1B1
330
1F
100
AcDbEntity
  8
S0CO3
100
AcDbPolyline
 90
        7
 70
     0
 43
0.0
 10
9752.903609180336
 20
2859.530831295095
 42
0.0167602085359672
 10
10065.77265439093
 20
2658.138985295103
 42
0.011782
 10
10319.50458839094
 20
2514.595284295101
 42
0.005104
 10
10446.07783039092
 20
2448.527169295107
 42
0.003045
 10
10573.70966639094
 20
2384.530831295102
 42
0.005216
 10
10695.38935439094
 20
2326.013985295103
 42
0.014416890704419
 10
10803.10501899528
 20
2279.327845192682
 42
0.014416890704419
  0
LINE
  5
1E1B8
330
1F
100
AcDbEntity
  8
S0CE1
100
AcDbLine
 10
12319.50458839076
 20
2859.530831295131
 30
0.0
 11
11319.50458839065
 21
4509.530831295146
 31
0.0
  0
LINE
  5
1E1B9
330
1F
100
AcDbEntity
  8
S0CE1
100
AcDbLine
 10
12138.3146410384
 20
4491.419600290472
 30
0.0
 11
11138.31464103828
 21
2841.419600290457
 31
0.0
  0
TEXT
  5
1E1BA
330
1F
100
AcDbEntity
  8
S0TX2
 62
     2
100
AcDbText
 10
11370.75100452241
 20
3243.642602094617
 30
0.0
 40
200.0
  1
oil
  7
18
100
AcDbText
  0
TEXT
  5
1E1BB
330
1F
100
AcDbEntity
  8
S0TX2
 62
     2
100
AcDbText
 10
11368.72623786191
 20
3492.051389517518
 30
0.0
 40
200.0
  1
Waste 
  7
18
100
AcDbText
  0
LWPOLYLINE
  5
1E1BD
330
1F
100
AcDbEntity
  8
S0CO3
100
AcDbPolyline
 90
        4
 70
     1
 43
0.0
 10
7769.50458839097
 20
8209.530831295117
 10
7869.50458839097
 20
8209.530831295117
 10
7869.50458839097
 20
8309.530831295116
 10
7769.50458839097
 20
8309.530831295116
  0
LWPOLYLINE
  5
1E1BE
330
1F
100
AcDbEntity
  8
S0CO3
100
AcDbPolyline
 90
        4
 70
     1
 43
0.0
 10
11769.50458839097
 20
8209.530831295117
 10
11869.50458839097
 20
8209.530831295117
 10
11869.50458839097
 20
8309.530831295116
 10
11769.50458839097
 20
8309.530831295116
  0
LWPOLYLINE
  5
1E1BF
330
1F
100
AcDbEntity
  8
S0CO3
100
AcDbPolyline
 90
        4
 70
     1
 43
0.0
 10
16269.50458839116
 20
8209.530831295117
 10
16369.50458839116
 20
8209.530831295117
 10
16369.50458839116
 20
8309.530831295116
 10
16269.50458839116
 20
8309.530831295116
  0
LWPOLYLINE
  5
1E1C0
330
1F
100
AcDbEntity
  8
S0CO3
100
AcDbPolyline
 90
        4
 70
     1
 43
0.0
 10
7769.50458839097
 20
4559.530831295087
 10
7869.50458839097
 20
4559.530831295087
 10
7869.50458839097
 20
4459.530831295087
 10
7769.50458839097
 20
4459.530831295087
  0
LWPOLYLINE
  5
1E1C1
330
1F
100
AcDbEntity
  8
S0CO3
100
AcDbPolyline
 90
        4
 70
     1
 43
0.0
 10
11769.50458839097
 20
4559.530831295087
 10
11869.50458839097
 20
4559.530831295087
 10
11869.50458839097
 20
4459.530831295087
 10
11769.50458839097
 20
4459.530831295087
  0
LWPOLYLINE
  5
1E1C2
330
1F
100
AcDbEntity
  8
S0CO3
100
AcDbPolyline
 90
        4
 70
     1
 43
0.0
 10
16269.50458839116
 20
4559.530831295087
 10
16369.50458839116
 20
4559.530831295087
 10
16369.50458839116
 20
4459.530831295087
 10
16269.50458839116
 20
4459.530831295087
  0
POLYLINE
  5
1E1C3
330
1F
100
AcDbEntity
  8
S0PH1
100
AcDb2dPolyline
 66
     1
 10
0.0
 20
0.0
 30
0.0
 70
     4
 75
     6
  0
VERTEX
  5
1E1C4
330
1E1C3
100
AcDbEntity
  8
S0PH1
100
AcDbVertex
100
AcDb2dVertex
 10
7319.504100390935
 20
9905.737374295096
 30
0.0
 70
    16
  0
VERTEX
  5
1E1C5
330
1E1C3
100
AcDbEntity
  8
S0PH1
100
AcDbVertex
100
AcDb2dVertex
 10
7319.504100390935
 20
9905.73737429511
 30
0.0
 70
     8
  0
VERTEX
  5
1E1C6
330
1E1C3
100
AcDbEntity
  8
S0PH1
100
AcDbVertex
100
AcDb2dVertex
 10
7137.771614727426
 20
9889.004247989193
 30
0.0
 70
     8
  0
VERTEX
  5
1E1C7
330
1E1C3
100
AcDbEntity
  8
S0PH1
100
AcDbVertex
100
AcDb2dVertex
 10
6975.54903061092
 20
9872.908614823558
 30
0.0
 70
     8
  0
VERTEX
  5
1E1C8
330
1E1C3
100
AcDbEntity
  8
S0PH1
100
AcDbVertex
100
AcDb2dVertex
 10
6830.462534098341
 20
9857.345399960316
 30
0.0
 70
     8
  0
VERTEX
  5
1E1C9
330
1E1C3
100
AcDbEntity
  8
S0PH1
100
AcDbVertex
100
AcDb2dVertex
 10
6700.138311246563
 20
9842.209528561573
 30
0.0
 70
     8
  0
VERTEX
  5
1E1CA
330
1E1C3
100
AcDbEntity
  8
S0PH1
100
AcDbVertex
100
AcDb2dVertex
 10
6582.202548112466
 20
9827.395925789453
 30
0.0
 70
     8
  0
VERTEX
  5
1E1CB
330
1E1C3
100
AcDbEntity
  8
S0PH1
100
AcDbVertex
100
AcDb2dVertex
 10
6474.281430752956
 20
9812.799516806052
 30
0.0
 70
     8
  0
VERTEX
  5
1E1CC
330
1E1C3
100
AcDbEntity
  8
S0PH1
100
AcDbVertex
100
AcDb2dVertex
 10
6374.001145224938
 20
9798.315226773507
 30
0.0
 70
     8
  0
VERTEX
  5
1E1CD
330
1E1C3
100
AcDbEntity
  8
S0PH1
100
AcDbVertex
100
AcDb2dVertex
 10
6278.987877585263
 20
9783.837980853895
 30
0.0
 70
     8
  0
VERTEX
  5
1E1CE
330
1E1C3
100
AcDbEntity
  8
S0PH1
100
AcDbVertex
100
AcDb2dVertex
 10
6187.246082112346
 20
9769.274089528808
 30
0.0
 70
     8
  0
VERTEX
  5
1E1CF
330
1E1C3
100
AcDbEntity
  8
S0PH1
100
AcDbVertex
100
AcDb2dVertex
 10
6098.293285970424
 20
9754.575404557479
 30
0.0
 70
     8
  0
VERTEX
  5
1E1D0
330
1E1C3
100
AcDbEntity
  8
S0PH1
100
AcDbVertex
100
AcDb2dVertex
 10
6012.02528454527
 20
9739.705163018669
 30
0.0
 70
     8
  0
VERTEX
  5
1E1D1
330
1E1C3
100
AcDbEntity
  8
S0PH1
100
AcDbVertex
100
AcDb2dVertex
 10
5928.337873222605
 20
9724.626601991047
 30
0.0
 70
     8
  0
VERTEX
  5
1E1D2
330
1E1C3
100
AcDbEntity
  8
S0PH1
100
AcDbVertex
100
AcDb2dVertex
 10
5847.126847388201
 20
9709.30295855333
 30
0.0
 70
     8
  0
VERTEX
  5
1E1D3
330
1E1C3
100
AcDbEntity
  8
S0PH1
100
AcDbVertex
100
AcDb2dVertex
 10
5768.288002427777
 20
9693.697469784247
 30
0.0
 70
     8
  0
VERTEX
  5
1E1D4
330
1E1C3
100
AcDbEntity
  8
S0PH1
100
AcDbVertex
100
AcDb2dVertex
 10
5691.717133727106
 20
9677.773372762509
 30
0.0
 70
     8
  0
VERTEX
  5
1E1D5
330
1E1C3
100
AcDbEntity
  8
S0PH1
100
AcDbVertex
100
AcDb2dVertex
 10
5617.310036671923
 20
9661.493904566807
 30
0.0
 70
     8
  0
VERTEX
  5
1E1D6
330
1E1C3
100
AcDbEntity
  8
S0PH1
100
AcDbVertex
100
AcDb2dVertex
 10
5544.741838789828
 20
9644.751841905142
 30
0.0
 70
     8
  0
VERTEX
  5
1E1D7
330
1E1C3
100
AcDbEntity
  8
S0PH1
100
AcDbVertex
100
AcDb2dVertex
 10
5472.804996175916
 20
9627.158120002576
 30
0.0
 70
     8
  0
VERTEX
  5
1E1D8
330
1E1C3
100
AcDbEntity
  8
S0PH1
100
AcDbVertex
100
AcDb2dVertex
 10
5400.071297067123
 20
9608.253213713448
 30
0.0
 70
     8
  0
VERTEX
  5
1E1D9
330
1E1C3
100
AcDbEntity
  8
S0PH1
100
AcDbVertex
100
AcDb2dVertex
 10
5325.112529700382
 20
9587.577597892094
 30
0.0
 70
     8
  0
VERTEX
  5
1E1DA
330
1E1C3
100
AcDbEntity
  8
S0PH1
100
AcDbVertex
100
AcDb2dVertex
 10
5246.500482312644
 20
9564.671747392836
 30
0.0
 70
     8
  0
VERTEX
  5
1E1DB
330
1E1C3
100
AcDbEntity
  8
S0PH1
100
AcDbVertex
100
AcDb2dVertex
 10
5162.806943140858
 20
9539.076137070042
 30
0.0
 70
     8
  0
VERTEX
  5
1E1DC
330
1E1C3
100
AcDbEntity
  8
S0PH1
100
AcDbVertex
100
AcDb2dVertex
 10
5072.603700421932
 20
9510.331241778033
 30
0.0
 70
     8
  0
VERTEX
  5
1E1DD
330
1E1C3
100
AcDbEntity
  8
S0PH1
100
AcDbVertex
100
AcDb2dVertex
 10
4974.462542392845
 20
9477.977536371145
 30
0.0
 70
     8
  0
VERTEX
  5
1E1DE
330
1E1C3
100
AcDbEntity
  8
S0PH1
100
AcDbVertex
100
AcDb2dVertex
 10
4867.241480771751
 20
9441.654017422079
 30
0.0
 70
     8
  0
VERTEX
  5
1E1DF
330
1E1C3
100
AcDbEntity
  8
S0PH1
100
AcDbVertex
100
AcDb2dVertex
 10
4750.943421201744
 20
9401.393768376882
 30
0.0
 70
     8
  0
VERTEX
  5
1E1E0
330
1E1C3
100
AcDbEntity
  8
S0PH1
100
AcDbVertex
100
AcDb2dVertex
 10
4625.857492807139
 20
9357.328394400006
 30
0.0
 70
     8
  0
VERTEX
  5
1E1E1
330
1E1C3
100
AcDbEntity
  8
S0PH1
100
AcDbVertex
100
AcDb2dVertex
 10
4492.272824712265
 20
9309.589500655864
 30
0.0
 70
     8
  0
VERTEX
  5
1E1E2
330
1E1C3
100
AcDbEntity
  8
S0PH1
100
AcDbVertex
100
AcDb2dVertex
 10
4350.478546041435
 20
9258.308692308878
 30
0.0
 70
     8
  0
VERTEX
  5
1E1E3
330
1E1C3
100
AcDbEntity
  8
S0PH1
100
AcDbVertex
100
AcDb2dVertex
 10
4200.763785918979
 20
9203.617574523473
 30
0.0
 70
     8
  0
VERTEX
  5
1E1E4
330
1E1C3
100
AcDbEntity
  8
S0PH1
100
AcDbVertex
100
AcDb2dVertex
 10
4043.417673469208
 20
9145.647752464071
 30
0.0
 70
     8
  0
VERTEX
  5
1E1E5
330
1E1C3
100
AcDbEntity
  8
S0PH1
100
AcDbVertex
100
AcDb2dVertex
 10
3878.72933781644
 20
9084.530831295102
 30
0.0
 70
     8
  0
VERTEX
  5
1E1E6
330
1E1C3
100
AcDbEntity
  8
S0PH1
100
AcDbVertex
100
AcDb2dVertex
 10
6806.760879720568
 20
9860.172313436407
 30
0.0
 70
    16
  0
VERTEX
  5
1E1E7
330
1E1C3
100
AcDbEntity
  8
S0PH1
100
AcDbVertex
100
AcDb2dVertex
 10
6248.127035502468
 20
9784.883641919828
 30
0.0
 70
    16
  0
VERTEX
  5
1E1E8
330
1E1C3
100
AcDbEntity
  8
S0PH1
100
AcDbVertex
100
AcDb2dVertex
 10
5595.341321672087
 20
9665.676668249369
 30
0.0
 70
    16
  0
VERTEX
  5
1E1E9
330
1E1C3
100
AcDbEntity
  8
S0PH1
100
AcDbVertex
100
AcDb2dVertex
 10
5074.36789784069
 20
9521.373112483539
 30
0.0
 70
    16
  0
VERTEX
  5
1E1EA
330
1E1C3
100
AcDbEntity
  8
S0PH1
100
AcDbVertex
100
AcDb2dVertex
 10
4327.43086016173
 20
9251.588437523409
 30
0.0
 70
    16
  0
VERTEX
  5
1E1EB
330
1E1C3
100
AcDbEntity
  8
S0PH1
100
AcDbVertex
100
AcDb2dVertex
 10
3878.72933781644
 20
9084.530831295102
 30
0.0
 70
    16
  0
SEQEND
  5
1E1EC
330
1E1C3
100
AcDbEntity
  8
S0PH1
  0
LWPOLYLINE
  5
1E1ED
330
1F
100
AcDbEntity
  8
S0PH1
100
AcDbPolyline
 90
       32
 70
   128
 43
0.0
 10
7319.504100390907
 20
9905.737374295096
 10
7319.504100390935
 20
9905.737374295096
 10
7443.028514390936
 20
9907.666329295105
 10
7506.387401390944
 20
9908.345284295101
 10
7569.495311390936
 20
9908.812569295108
 10
7694.747264390935
 20
9909.351876295106
 10
7819.50458839094
 20
9909.530831295102
 10
7944.848826390945
 20
9909.530831295102
 10
8069.639842390934
 20
9909.530831295102
 10
8194.865428390949
 20
9909.530831295102
 10
8319.504588390939
 20
9909.530831295102
 10
8444.906443390944
 20
9909.530831295102
 10
8569.708201390946
 20
9909.530831295102
 10
8694.909373390933
 20
9909.530831295102
 10
8819.504588390939
 20
9909.530831295102
 10
8944.889354390943
 20
9909.530831295102
 10
9069.672068390945
 20
9909.530831295102
 10
9194.87470539094
 20
9909.530831295102
 10
9319.504588390939
 20
9909.530831295102
 10
9444.776561390936
 20
9909.530831295102
 10
9569.505565390944
 20
9909.530831295102
 10
9819.504588390941
 20
9909.530831295102
 10
9944.703318390944
 20
9909.530831295102
 10
10069.43720539094
 20
9909.530831295102
 10
10319.50458839094
 20
9909.530831295102
 10
10569.37958839094
 20
9909.530831295102
 10
10694.65400239094
 20
9909.530831295102
 10
10819.50458839094
 20
9909.530831295102
 10
10957.89423639093
 20
9909.530831295102
 10
11096.40595539094
 20
9909.530831295102
 10
11207.93036939094
 20
9909.530831295102
 10
11319.50458839138
 20
9909.530831295102
  0
POLYLINE
  5
1E1EE
330
1F
100
AcDbEntity
  8
S0PH1
100
AcDb2dPolyline
 66
     1
 10
0.0
 20
0.0
 30
0.0
 70
     4
 75
     6
  0
VERTEX
  5
1E1EF
330
1E1EE
100
AcDbEntity
  8
S0PH1
100
AcDbVertex
100
AcDb2dVertex
 10
7319.504100390935
 20
8263.32428829513
 30
0.0
 70
    16
  0
VERTEX
  5
1E1F0
330
1E1EE
100
AcDbEntity
  8
S0PH1
100
AcDbVertex
100
AcDb2dVertex
 10
7319.504100390935
 20
8263.324288295123
 30
0.0
 70
     8
  0
VERTEX
  5
1E1F1
330
1E1EE
100
AcDbEntity
  8
S0PH1
100
AcDbVertex
100
AcDb2dVertex
 10
7137.771614727426
 20
8280.05741460104
 30
0.0
 70
     8
  0
VERTEX
  5
1E1F2
330
1E1EE
100
AcDbEntity
  8
S0PH1
100
AcDbVertex
100
AcDb2dVertex
 10
6975.54903061092
 20
8296.153047766676
 30
0.0
 70
     8
  0
VERTEX
  5
1E1F3
330
1E1EE
100
AcDbEntity
  8
S0PH1
100
AcDbVertex
100
AcDb2dVertex
 10
6830.462534098341
 20
8311.716262629918
 30
0.0
 70
     8
  0
VERTEX
  5
1E1F4
330
1E1EE
100
AcDbEntity
  8
S0PH1
100
AcDbVertex
100
AcDb2dVertex
 10
6700.138311246563
 20
8326.85213402866
 30
0.0
 70
     8
  0
VERTEX
  5
1E1F5
330
1E1EE
100
AcDbEntity
  8
S0PH1
100
AcDbVertex
100
AcDb2dVertex
 10
6582.202548112466
 20
8341.665736800781
 30
0.0
 70
     8
  0
VERTEX
  5
1E1F6
330
1E1EE
100
AcDbEntity
  8
S0PH1
100
AcDbVertex
100
AcDb2dVertex
 10
6474.281430752956
 20
8356.262145784182
 30
0.0
 70
     8
  0
VERTEX
  5
1E1F7
330
1E1EE
100
AcDbEntity
  8
S0PH1
100
AcDbVertex
100
AcDb2dVertex
 10
6374.001145224938
 20
8370.746435816727
 30
0.0
 70
     8
  0
VERTEX
  5
1E1F8
330
1E1EE
100
AcDbEntity
  8
S0PH1
100
AcDbVertex
100
AcDb2dVertex
 10
6278.987877585263
 20
8385.223681736338
 30
0.0
 70
     8
  0
VERTEX
  5
1E1F9
330
1E1EE
100
AcDbEntity
  8
S0PH1
100
AcDbVertex
100
AcDb2dVertex
 10
6187.246082112346
 20
8399.787573061425
 30
0.0
 70
     8
  0
VERTEX
  5
1E1FA
330
1E1EE
100
AcDbEntity
  8
S0PH1
100
AcDbVertex
100
AcDb2dVertex
 10
6098.293285970424
 20
8414.486258032754
 30
0.0
 70
     8
  0
VERTEX
  5
1E1FB
330
1E1EE
100
AcDbEntity
  8
S0PH1
100
AcDbVertex
100
AcDb2dVertex
 10
6012.02528454527
 20
8429.356499571564
 30
0.0
 70
     8
  0
VERTEX
  5
1E1FC
330
1E1EE
100
AcDbEntity
  8
S0PH1
100
AcDbVertex
100
AcDb2dVertex
 10
5928.337873222605
 20
8444.435060599186
 30
0.0
 70
     8
  0
VERTEX
  5
1E1FD
330
1E1EE
100
AcDbEntity
  8
S0PH1
100
AcDbVertex
100
AcDb2dVertex
 10
5847.126847388201
 20
8459.758704036904
 30
0.0
 70
     8
  0
VERTEX
  5
1E1FE
330
1E1EE
100
AcDbEntity
  8
S0PH1
100
AcDbVertex
100
AcDb2dVertex
 10
5768.288002427777
 20
8475.364192805988
 30
0.0
 70
     8
  0
VERTEX
  5
1E1FF
330
1E1EE
100
AcDbEntity
  8
S0PH1
100
AcDbVertex
100
AcDb2dVertex
 10
5691.717133727106
 20
8491.288289827725
 30
0.0
 70
     8
  0
VERTEX
  5
1E200
330
1E1EE
100
AcDbEntity
  8
S0PH1
100
AcDbVertex
100
AcDb2dVertex
 10
5617.310036671923
 20
8507.567758023425
 30
0.0
 70
     8
  0
VERTEX
  5
1E201
330
1E1EE
100
AcDbEntity
  8
S0PH1
100
AcDbVertex
100
AcDb2dVertex
 10
5544.741838789828
 20
8524.309820685092
 30
0.0
 70
     8
  0
VERTEX
  5
1E202
330
1E1EE
100
AcDbEntity
  8
S0PH1
100
AcDbVertex
100
AcDb2dVertex
 10
5472.804996175916
 20
8541.903542587657
 30
0.0
 70
     8
  0
VERTEX
  5
1E203
330
1E1EE
100
AcDbEntity
  8
S0PH1
100
AcDbVertex
100
AcDb2dVertex
 10
5400.071297067123
 20
8560.808448876786
 30
0.0
 70
     8
  0
VERTEX
  5
1E204
330
1E1EE
100
AcDbEntity
  8
S0PH1
100
AcDbVertex
100
AcDb2dVertex
 10
5325.112529700382
 20
8581.484064698139
 30
0.0
 70
     8
  0
VERTEX
  5
1E205
330
1E1EE
100
AcDbEntity
  8
S0PH1
100
AcDbVertex
100
AcDb2dVertex
 10
5246.500482312644
 20
8604.389915197396
 30
0.0
 70
     8
  0
VERTEX
  5
1E206
330
1E1EE
100
AcDbEntity
  8
S0PH1
100
AcDbVertex
100
AcDb2dVertex
 10
5162.806943140858
 20
8629.98552552019
 30
0.0
 70
     8
  0
VERTEX
  5
1E207
330
1E1EE
100
AcDbEntity
  8
S0PH1
100
AcDbVertex
100
AcDb2dVertex
 10
5072.603700421932
 20
8658.730420812201
 30
0.0
 70
     8
  0
VERTEX
  5
1E208
330
1E1EE
100
AcDbEntity
  8
S0PH1
100
AcDbVertex
100
AcDb2dVertex
 10
4974.462542392845
 20
8691.084126219088
 30
0.0
 70
     8
  0
VERTEX
  5
1E209
330
1E1EE
100
AcDbEntity
  8
S0PH1
100
AcDbVertex
100
AcDb2dVertex
 10
4867.241480771751
 20
8727.407645168154
 30
0.0
 70
     8
  0
VERTEX
  5
1E20A
330
1E1EE
100
AcDbEntity
  8
S0PH1
100
AcDbVertex
100
AcDb2dVertex
 10
4750.943421201744
 20
8767.667894213351
 30
0.0
 70
     8
  0
VERTEX
  5
1E20B
330
1E1EE
100
AcDbEntity
  8
S0PH1
100
AcDbVertex
100
AcDb2dVertex
 10
4625.857492807139
 20
8811.733268190227
 30
0.0
 70
     8
  0
VERTEX
  5
1E20C
330
1E1EE
100
AcDbEntity
  8
S0PH1
100
AcDbVertex
100
AcDb2dVertex
 10
4492.272824712265
 20
8859.472161934368
 30
0.0
 70
     8
  0
VERTEX
  5
1E20D
330
1E1EE
100
AcDbEntity
  8
S0PH1
100
AcDbVertex
100
AcDb2dVertex
 10
4350.478546041435
 20
8910.752970281356
 30
0.0
 70
     8
  0
VERTEX
  5
1E20E
330
1E1EE
100
AcDbEntity
  8
S0PH1
100
AcDbVertex
100
AcDb2dVertex
 10
4200.763785918979
 20
8965.44408806676
 30
0.0
 70
     8
  0
VERTEX
  5
1E20F
330
1E1EE
100
AcDbEntity
  8
S0PH1
100
AcDbVertex
100
AcDb2dVertex
 10
4043.417673469208
 20
9023.41391012616
 30
0.0
 70
     8
  0
VERTEX
  5
1E210
330
1E1EE
100
AcDbEntity
  8
S0PH1
100
AcDbVertex
100
AcDb2dVertex
 10
3878.72933781644
 20
9084.530831295131
 30
0.0
 70
     8
  0
VERTEX
  5
1E211
330
1E1EE
100
AcDbEntity
  8
S0PH1
100
AcDbVertex
100
AcDb2dVertex
 10
6806.760879720568
 20
8308.889349153826
 30
0.0
 70
    16
  0
VERTEX
  5
1E212
330
1E1EE
100
AcDbEntity
  8
S0PH1
100
AcDbVertex
100
AcDb2dVertex
 10
6248.127035502468
 20
8384.178020670406
 30
0.0
 70
    16
  0
VERTEX
  5
1E213
330
1E1EE
100
AcDbEntity
  8
S0PH1
100
AcDbVertex
100
AcDb2dVertex
 10
5595.341321672087
 20
8503.384994340864
 30
0.0
 70
    16
  0
VERTEX
  5
1E214
330
1E1EE
100
AcDbEntity
  8
S0PH1
100
AcDbVertex
100
AcDb2dVertex
 10
5074.36789784069
 20
8647.688550106693
 30
0.0
 70
    16
  0
VERTEX
  5
1E215
330
1E1EE
100
AcDbEntity
  8
S0PH1
100
AcDbVertex
100
AcDb2dVertex
 10
4327.43086016173
 20
8917.473225066824
 30
0.0
 70
    16
  0
VERTEX
  5
1E216
330
1E1EE
100
AcDbEntity
  8
S0PH1
100
AcDbVertex
100
AcDb2dVertex
 10
3878.72933781644
 20
9084.530831295131
 30
0.0
 70
    16
  0
SEQEND
  5
1E217
330
1E1EE
100
AcDbEntity
  8
S0PH1
  0
LWPOLYLINE
  5
1E218
330
1F
100
AcDbEntity
  8
S0PH1
100
AcDbPolyline
 90
       32
 70
   128
 43
0.0
 10
7319.504100390907
 20
8263.32428829513
 10
7319.504100390935
 20
8263.32428829513
 10
7443.028514390936
 20
8261.395333295128
 10
7506.387401390944
 20
8260.716378295132
 10
7569.495311390936
 20
8260.249093295135
 10
7694.747264390935
 20
8259.709786295127
 10
7819.50458839094
 20
8259.530831295132
 10
7944.848826390945
 20
8259.530831295132
 10
8069.639842390934
 20
8259.530831295132
 10
8194.865428390949
 20
8259.530831295132
 10
8319.504588390939
 20
8259.530831295132
 10
8444.906443390944
 20
8259.530831295132
 10
8569.708201390946
 20
8259.530831295132
 10
8694.909373390933
 20
8259.530831295132
 10
8819.504588390939
 20
8259.530831295132
 10
8944.889354390943
 20
8259.530831295132
 10
9069.672068390945
 20
8259.530831295132
 10
9194.87470539094
 20
8259.530831295132
 10
9319.504588390939
 20
8259.530831295132
 10
9444.776561390936
 20
8259.530831295132
 10
9569.505565390944
 20
8259.530831295132
 10
9819.504588390941
 20
8259.530831295132
 10
9944.703318390944
 20
8259.530831295132
 10
10069.43720539094
 20
8259.530831295132
 10
10319.50458839094
 20
8259.530831295132
 10
10569.37958839094
 20
8259.530831295132
 10
10694.65400239094
 20
8259.530831295132
 10
10819.50458839094
 20
8259.530831295132
 10
10957.89423639093
 20
8259.530831295132
 10
11096.40595539094
 20
8259.530831295132
 10
11207.93036939094
 20
8259.530831295132
 10
11319.50458839177
 20
8259.530831295132
  0
POLYLINE
  5
1E219
330
1F
100
AcDbEntity
  8
S0PH1
100
AcDb2dPolyline
 66
     1
 10
0.0
 20
0.0
 30
0.0
 70
     4
 75
     6
  0
VERTEX
  5
1E21A
330
1E219
100
AcDbEntity
  8
S0PH1
100
AcDbVertex
100
AcDb2dVertex
 10
7319.504100390935
 20
2863.324288295095
 30
0.0
 70
    16
  0
VERTEX
  5
1E21B
330
1E219
100
AcDbEntity
  8
S0PH1
100
AcDbVertex
100
AcDb2dVertex
 10
7319.504100390935
 20
2863.324288295095
 30
0.0
 70
     8
  0
VERTEX
  5
1E21C
330
1E219
100
AcDbEntity
  8
S0PH1
100
AcDbVertex
100
AcDb2dVertex
 10
7137.771614727426
 20
2880.057414601012
 30
0.0
 70
     8
  0
VERTEX
  5
1E21D
330
1E219
100
AcDbEntity
  8
S0PH1
100
AcDbVertex
100
AcDb2dVertex
 10
6975.54903061092
 20
2896.153047766638
 30
0.0
 70
     8
  0
VERTEX
  5
1E21E
330
1E219
100
AcDbEntity
  8
S0PH1
100
AcDbVertex
100
AcDb2dVertex
 10
6830.462534098341
 20
2911.716262629882
 30
0.0
 70
     8
  0
VERTEX
  5
1E21F
330
1E219
100
AcDbEntity
  8
S0PH1
100
AcDbVertex
100
AcDb2dVertex
 10
6700.138311246563
 20
2926.852134028624
 30
0.0
 70
     8
  0
VERTEX
  5
1E220
330
1E219
100
AcDbEntity
  8
S0PH1
100
AcDbVertex
100
AcDb2dVertex
 10
6582.202548112466
 20
2941.665736800751
 30
0.0
 70
     8
  0
VERTEX
  5
1E221
330
1E219
100
AcDbEntity
  8
S0PH1
100
AcDbVertex
100
AcDb2dVertex
 10
6474.281430752956
 20
2956.262145784145
 30
0.0
 70
     8
  0
VERTEX
  5
1E222
330
1E219
100
AcDbEntity
  8
S0PH1
100
AcDbVertex
100
AcDb2dVertex
 10
6374.001145224938
 20
2970.746435816698
 30
0.0
 70
     8
  0
VERTEX
  5
1E223
330
1E219
100
AcDbEntity
  8
S0PH1
100
AcDbVertex
100
AcDb2dVertex
 10
6278.987877585263
 20
2985.223681736301
 30
0.0
 70
     8
  0
VERTEX
  5
1E224
330
1E219
100
AcDbEntity
  8
S0PH1
100
AcDbVertex
100
AcDb2dVertex
 10
6187.246082112346
 20
2999.787573061396
 30
0.0
 70
     8
  0
VERTEX
  5
1E225
330
1E219
100
AcDbEntity
  8
S0PH1
100
AcDbVertex
100
AcDb2dVertex
 10
6098.293285970424
 20
3014.48625803271
 30
0.0
 70
     8
  0
VERTEX
  5
1E226
330
1E219
100
AcDbEntity
  8
S0PH1
100
AcDbVertex
100
AcDb2dVertex
 10
6012.02528454527
 20
3029.356499571535
 30
0.0
 70
     8
  0
VERTEX
  5
1E227
330
1E219
100
AcDbEntity
  8
S0PH1
100
AcDbVertex
100
AcDb2dVertex
 10
5928.337873222605
 20
3044.435060599157
 30
0.0
 70
     8
  0
VERTEX
  5
1E228
330
1E219
100
AcDbEntity
  8
S0PH1
100
AcDbVertex
100
AcDb2dVertex
 10
5847.126847388201
 20
3059.758704036867
 30
0.0
 70
     8
  0
VERTEX
  5
1E229
330
1E219
100
AcDbEntity
  8
S0PH1
100
AcDbVertex
100
AcDb2dVertex
 10
5768.288002427777
 20
3075.364192805944
 30
0.0
 70
     8
  0
VERTEX
  5
1E22A
330
1E219
100
AcDbEntity
  8
S0PH1
100
AcDbVertex
100
AcDb2dVertex
 10
5691.717133727106
 20
3091.288289827695
 30
0.0
 70
     8
  0
VERTEX
  5
1E22B
330
1E219
100
AcDbEntity
  8
S0PH1
100
AcDbVertex
100
AcDb2dVertex
 10
5617.310036671923
 20
3107.56775802339
 30
0.0
 70
     8
  0
VERTEX
  5
1E22C
330
1E219
100
AcDbEntity
  8
S0PH1
100
AcDbVertex
100
AcDb2dVertex
 10
5544.741838789828
 20
3124.309820685056
 30
0.0
 70
     8
  0
VERTEX
  5
1E22D
330
1E219
100
AcDbEntity
  8
S0PH1
100
AcDbVertex
100
AcDb2dVertex
 10
5472.804996175916
 20
3141.903542587621
 30
0.0
 70
     8
  0
VERTEX
  5
1E22E
330
1E219
100
AcDbEntity
  8
S0PH1
100
AcDbVertex
100
AcDb2dVertex
 10
5400.071297067123
 20
3160.808448876756
 30
0.0
 70
     8
  0
VERTEX
  5
1E22F
330
1E219
100
AcDbEntity
  8
S0PH1
100
AcDbVertex
100
AcDb2dVertex
 10
5325.112529700382
 20
3181.484064698111
 30
0.0
 70
     8
  0
VERTEX
  5
1E230
330
1E219
100
AcDbEntity
  8
S0PH1
100
AcDbVertex
100
AcDb2dVertex
 10
5246.500482312644
 20
3204.389915197353
 30
0.0
 70
     8
  0
VERTEX
  5
1E231
330
1E219
100
AcDbEntity
  8
S0PH1
100
AcDbVertex
100
AcDb2dVertex
 10
5162.806943140858
 20
3229.985525520162
 30
0.0
 70
     8
  0
VERTEX
  5
1E232
330
1E219
100
AcDbEntity
  8
S0PH1
100
AcDbVertex
100
AcDb2dVertex
 10
5072.603700421932
 20
3258.730420812172
 30
0.0
 70
     8
  0
VERTEX
  5
1E233
330
1E219
100
AcDbEntity
  8
S0PH1
100
AcDbVertex
100
AcDb2dVertex
 10
4974.462542392845
 20
3291.084126219052
 30
0.0
 70
     8
  0
VERTEX
  5
1E234
330
1E219
100
AcDbEntity
  8
S0PH1
100
AcDbVertex
100
AcDb2dVertex
 10
4867.241480771751
 20
3327.407645168125
 30
0.0
 70
     8
  0
VERTEX
  5
1E235
330
1E219
100
AcDbEntity
  8
S0PH1
100
AcDbVertex
100
AcDb2dVertex
 10
4750.943421201744
 20
3367.667894213315
 30
0.0
 70
     8
  0
VERTEX
  5
1E236
330
1E219
100
AcDbEntity
  8
S0PH1
100
AcDbVertex
100
AcDb2dVertex
 10
4625.857492807139
 20
3411.733268190197
 30
0.0
 70
     8
  0
VERTEX
  5
1E237
330
1E219
100
AcDbEntity
  8
S0PH1
100
AcDbVertex
100
AcDb2dVertex
 10
4492.272824712265
 20
3459.47216193434
 30
0.0
 70
     8
  0
VERTEX
  5
1E238
330
1E219
100
AcDbEntity
  8
S0PH1
100
AcDbVertex
100
AcDb2dVertex
 10
4350.478546041435
 20
3510.752970281327
 30
0.0
 70
     8
  0
VERTEX
  5
1E239
330
1E219
100
AcDbEntity
  8
S0PH1
100
AcDbVertex
100
AcDb2dVertex
 10
4200.763785918979
 20
3565.444088066732
 30
0.0
 70
     8
  0
VERTEX
  5
1E23A
330
1E219
100
AcDbEntity
  8
S0PH1
100
AcDbVertex
100
AcDb2dVertex
 10
4043.417673469208
 20
3623.413910126132
 30
0.0
 70
     8
  0
VERTEX
  5
1E23B
330
1E219
100
AcDbEntity
  8
S0PH1
100
AcDbVertex
100
AcDb2dVertex
 10
3878.72933781644
 20
3684.530831295102
 30
0.0
 70
     8
  0
VERTEX
  5
1E23C
330
1E219
100
AcDbEntity
  8
S0PH1
100
AcDbVertex
100
AcDb2dVertex
 10
6806.760879720568
 20
2908.889349153789
 30
0.0
 70
    16
  0
VERTEX
  5
1E23D
330
1E219
100
AcDbEntity
  8
S0PH1
100
AcDbVertex
100
AcDb2dVertex
 10
6248.127035502468
 20
2984.17802067037
 30
0.0
 70
    16
  0
VERTEX
  5
1E23E
330
1E219
100
AcDbEntity
  8
S0PH1
100
AcDbVertex
100
AcDb2dVertex
 10
5595.341321672087
 20
3103.384994340828
 30
0.0
 70
    16
  0
VERTEX
  5
1E23F
330
1E219
100
AcDbEntity
  8
S0PH1
100
AcDbVertex
100
AcDb2dVertex
 10
5074.36789784069
 20
3247.688550106658
 30
0.0
 70
    16
  0
VERTEX
  5
1E240
330
1E219
100
AcDbEntity
  8
S0PH1
100
AcDbVertex
100
AcDb2dVertex
 10
4327.43086016173
 20
3517.473225066788
 30
0.0
 70
    16
  0
VERTEX
  5
1E241
330
1E219
100
AcDbEntity
  8
S0PH1
100
AcDbVertex
100
AcDb2dVertex
 10
3878.72933781644
 20
3684.530831295102
 30
0.0
 70
    16
  0
SEQEND
  5
1E242
330
1E219
100
AcDbEntity
  8
S0PH1
  0
POLYLINE
  5
1E243
330
1F
100
AcDbEntity
  8
S0PH1
100
AcDb2dPolyline
 66
     1
 10
0.0
 20
0.0
 30
0.0
 70
     4
 75
     6
  0
VERTEX
  5
1E244
330
1E243
100
AcDbEntity
  8
S0PH1
100
AcDbVertex
100
AcDb2dVertex
 10
7319.504100390935
 20
4505.737374295065
 30
0.0
 70
    16
  0
VERTEX
  5
1E245
330
1E243
100
AcDbEntity
  8
S0PH1
100
AcDbVertex
100
AcDb2dVertex
 10
7319.504100390935
 20
4505.737374295065
 30
0.0
 70
     8
  0
VERTEX
  5
1E246
330
1E243
100
AcDbEntity
  8
S0PH1
100
AcDbVertex
100
AcDb2dVertex
 10
7137.771614727426
 20
4489.004247989163
 30
0.0
 70
     8
  0
VERTEX
  5
1E247
330
1E243
100
AcDbEntity
  8
S0PH1
100
AcDbVertex
100
AcDb2dVertex
 10
6975.54903061092
 20
4472.908614823529
 30
0.0
 70
     8
  0
VERTEX
  5
1E248
330
1E243
100
AcDbEntity
  8
S0PH1
100
AcDbVertex
100
AcDb2dVertex
 10
6830.462534098341
 20
4457.345399960286
 30
0.0
 70
     8
  0
VERTEX
  5
1E249
330
1E243
100
AcDbEntity
  8
S0PH1
100
AcDbVertex
100
AcDb2dVertex
 10
6700.138311246563
 20
4442.209528561543
 30
0.0
 70
     8
  0
VERTEX
  5
1E24A
330
1E243
100
AcDbEntity
  8
S0PH1
100
AcDbVertex
100
AcDb2dVertex
 10
6582.202548112466
 20
4427.395925789424
 30
0.0
 70
     8
  0
VERTEX
  5
1E24B
330
1E243
100
AcDbEntity
  8
S0PH1
100
AcDbVertex
100
AcDb2dVertex
 10
6474.281430752956
 20
4412.799516806022
 30
0.0
 70
     8
  0
VERTEX
  5
1E24C
330
1E243
100
AcDbEntity
  8
S0PH1
100
AcDbVertex
100
AcDb2dVertex
 10
6374.001145224938
 20
4398.315226773469
 30
0.0
 70
     8
  0
VERTEX
  5
1E24D
330
1E243
100
AcDbEntity
  8
S0PH1
100
AcDbVertex
100
AcDb2dVertex
 10
6278.987877585263
 20
4383.837980853867
 30
0.0
 70
     8
  0
VERTEX
  5
1E24E
330
1E243
100
AcDbEntity
  8
S0PH1
100
AcDbVertex
100
AcDb2dVertex
 10
6187.246082112346
 20
4369.274089528764
 30
0.0
 70
     8
  0
VERTEX
  5
1E24F
330
1E243
100
AcDbEntity
  8
S0PH1
100
AcDbVertex
100
AcDb2dVertex
 10
6098.293285970424
 20
4354.57540455745
 30
0.0
 70
     8
  0
VERTEX
  5
1E250
330
1E243
100
AcDbEntity
  8
S0PH1
100
AcDbVertex
100
AcDb2dVertex
 10
6012.02528454527
 20
4339.705163018625
 30
0.0
 70
     8
  0
VERTEX
  5
1E251
330
1E243
100
AcDbEntity
  8
S0PH1
100
AcDbVertex
100
AcDb2dVertex
 10
5928.337873222605
 20
4324.626601991004
 30
0.0
 70
     8
  0
VERTEX
  5
1E252
330
1E243
100
AcDbEntity
  8
S0PH1
100
AcDbVertex
100
AcDb2dVertex
 10
5847.126847388201
 20
4309.3029585533
 30
0.0
 70
     8
  0
VERTEX
  5
1E253
330
1E243
100
AcDbEntity
  8
S0PH1
100
AcDbVertex
100
AcDb2dVertex
 10
5768.288002427777
 20
4293.697469784215
 30
0.0
 70
     8
  0
VERTEX
  5
1E254
330
1E243
100
AcDbEntity
  8
S0PH1
100
AcDbVertex
100
AcDb2dVertex
 10
5691.717133727106
 20
4277.773372762473
 30
0.0
 70
     8
  0
VERTEX
  5
1E255
330
1E243
100
AcDbEntity
  8
S0PH1
100
AcDbVertex
100
AcDb2dVertex
 10
5617.310036671923
 20
4261.493904566778
 30
0.0
 70
     8
  0
VERTEX
  5
1E256
330
1E243
100
AcDbEntity
  8
S0PH1
100
AcDbVertex
100
AcDb2dVertex
 10
5544.741838789828
 20
4244.751841905112
 30
0.0
 70
     8
  0
VERTEX
  5
1E257
330
1E243
100
AcDbEntity
  8
S0PH1
100
AcDbVertex
100
AcDb2dVertex
 10
5472.804996175916
 20
4227.158120002546
 30
0.0
 70
     8
  0
VERTEX
  5
1E258
330
1E243
100
AcDbEntity
  8
S0PH1
100
AcDbVertex
100
AcDb2dVertex
 10
5400.071297067123
 20
4208.253213713418
 30
0.0
 70
     8
  0
VERTEX
  5
1E259
330
1E243
100
AcDbEntity
  8
S0PH1
100
AcDbVertex
100
AcDb2dVertex
 10
5325.112529700382
 20
4187.57759789205
 30
0.0
 70
     8
  0
VERTEX
  5
1E25A
330
1E243
100
AcDbEntity
  8
S0PH1
100
AcDbVertex
100
AcDb2dVertex
 10
5246.500482312644
 20
4164.671747392808
 30
0.0
 70
     8
  0
VERTEX
  5
1E25B
330
1E243
100
AcDbEntity
  8
S0PH1
100
AcDbVertex
100
AcDb2dVertex
 10
5162.806943140858
 20
4139.076137070013
 30
0.0
 70
     8
  0
VERTEX
  5
1E25C
330
1E243
100
AcDbEntity
  8
S0PH1
100
AcDbVertex
100
AcDb2dVertex
 10
5072.603700421932
 20
4110.331241778004
 30
0.0
 70
     8
  0
VERTEX
  5
1E25D
330
1E243
100
AcDbEntity
  8
S0PH1
100
AcDbVertex
100
AcDb2dVertex
 10
4974.462542392845
 20
4077.977536371116
 30
0.0
 70
     8
  0
VERTEX
  5
1E25E
330
1E243
100
AcDbEntity
  8
S0PH1
100
AcDbVertex
100
AcDb2dVertex
 10
4867.241480771751
 20
4041.654017422042
 30
0.0
 70
     8
  0
VERTEX
  5
1E25F
330
1E243
100
AcDbEntity
  8
S0PH1
100
AcDbVertex
100
AcDb2dVertex
 10
4750.943421201744
 20
4001.393768376853
 30
0.0
 70
     8
  0
VERTEX
  5
1E260
330
1E243
100
AcDbEntity
  8
S0PH1
100
AcDbVertex
100
AcDb2dVertex
 10
4625.857492807139
 20
3957.328394399978
 30
0.0
 70
     8
  0
VERTEX
  5
1E261
330
1E243
100
AcDbEntity
  8
S0PH1
100
AcDbVertex
100
AcDb2dVertex
 10
4492.272824712265
 20
3909.589500655835
 30
0.0
 70
     8
  0
VERTEX
  5
1E262
330
1E243
100
AcDbEntity
  8
S0PH1
100
AcDbVertex
100
AcDb2dVertex
 10
4350.478546041435
 20
3858.308692308849
 30
0.0
 70
     8
  0
VERTEX
  5
1E263
330
1E243
100
AcDbEntity
  8
S0PH1
100
AcDbVertex
100
AcDb2dVertex
 10
4200.763785918979
 20
3803.617574523443
 30
0.0
 70
     8
  0
VERTEX
  5
1E264
330
1E243
100
AcDbEntity
  8
S0PH1
100
AcDbVertex
100
AcDb2dVertex
 10
4043.417673469208
 20
3745.647752464043
 30
0.0
 70
     8
  0
VERTEX
  5
1E265
330
1E243
100
AcDbEntity
  8
S0PH1
100
AcDbVertex
100
AcDb2dVertex
 10
3878.72933781644
 20
3684.530831295073
 30
0.0
 70
     8
  0
VERTEX
  5
1E266
330
1E243
100
AcDbEntity
  8
S0PH1
100
AcDbVertex
100
AcDb2dVertex
 10
6806.760879720568
 20
4460.172313436379
 30
0.0
 70
    16
  0
VERTEX
  5
1E267
330
1E243
100
AcDbEntity
  8
S0PH1
100
AcDbVertex
100
AcDb2dVertex
 10
6248.127035502468
 20
4384.883641919798
 30
0.0
 70
    16
  0
VERTEX
  5
1E268
330
1E243
100
AcDbEntity
  8
S0PH1
100
AcDbVertex
100
AcDb2dVertex
 10
5595.341321672087
 20
4265.67666824934
 30
0.0
 70
    16
  0
VERTEX
  5
1E269
330
1E243
100
AcDbEntity
  8
S0PH1
100
AcDbVertex
100
AcDb2dVertex
 10
5074.36789784069
 20
4121.37311248351
 30
0.0
 70
    16
  0
VERTEX
  5
1E26A
330
1E243
100
AcDbEntity
  8
S0PH1
100
AcDbVertex
100
AcDb2dVertex
 10
4327.43086016173
 20
3851.588437523381
 30
0.0
 70
    16
  0
VERTEX
  5
1E26B
330
1E243
100
AcDbEntity
  8
S0PH1
100
AcDbVertex
100
AcDb2dVertex
 10
3878.72933781644
 20
3684.530831295073
 30
0.0
 70
    16
  0
SEQEND
  5
1E26C
330
1E243
100
AcDbEntity
  8
S0PH1
  0
LWPOLYLINE
  5
1E26D
330
1F
100
AcDbEntity
  8
S0PH1
100
AcDbPolyline
 90
       32
 70
   128
 43
0.0
 10
7319.504100390907
 20
4505.737374295065
 10
7319.504100390935
 20
4505.737374295065
 10
7443.028514390936
 20
4507.666329295068
 10
7506.387401390944
 20
4508.345284295072
 10
7569.495311390936
 20
4508.812569295063
 10
7694.747264390935
 20
4509.351876295069
 10
7819.50458839094
 20
4509.530831295072
 10
7944.848826390945
 20
4509.530831295072
 10
8069.639842390934
 20
4509.530831295072
 10
8194.865428390949
 20
4509.530831295072
 10
8319.504588390939
 20
4509.530831295072
 10
8444.906443390944
 20
4509.530831295072
 10
8569.708201390946
 20
4509.530831295072
 10
8694.909373390933
 20
4509.530831295072
 10
8819.504588390939
 20
4509.530831295072
 10
8944.889354390943
 20
4509.530831295072
 10
9069.672068390945
 20
4509.530831295072
 10
9194.87470539094
 20
4509.530831295072
 10
9319.504588390939
 20
4509.530831295072
 10
9444.776561390936
 20
4509.530831295072
 10
9569.505565390944
 20
4509.530831295072
 10
9819.504588390941
 20
4509.530831295072
 10
9944.703318390944
 20
4509.530831295072
 10
10069.43720539094
 20
4509.530831295072
 10
10319.50458839094
 20
4509.530831295072
 10
10569.37958839094
 20
4509.530831295072
 10
10694.65400239094
 20
4509.530831295072
 10
10819.50458839094
 20
4509.530831295072
 10
10957.89423639093
 20
4509.530831295072
 10
11096.40595539094
 20
4509.530831295072
 10
11207.93036939094
 20
4509.530831295072
 10
11319.50458839177
 20
4509.530831295072
  0
LWPOLYLINE
  5
1E26E
330
1F
100
AcDbEntity
  8
S0PH1
100
AcDbPolyline
 90
       32
 70
   128
 43
0.0
 10
7319.504100390907
 20
2863.324288295102
 10
7319.504100390935
 20
2863.324288295102
 10
7443.028514390936
 20
2861.395333295099
 10
7506.387401390944
 20
2860.716378295103
 10
7569.495311390936
 20
2860.249093295104
 10
7694.747264390935
 20
2859.709786295098
 10
7819.50458839094
 20
2859.530831295102
 10
7944.848826390945
 20
2859.530831295102
 10
8069.639842390934
 20
2859.530831295102
 10
8194.865428390949
 20
2859.530831295102
 10
8319.504588390939
 20
2859.530831295102
 10
8444.906443390944
 20
2859.530831295102
 10
8569.708201390946
 20
2859.530831295102
 10
8694.909373390933
 20
2859.530831295102
 10
8819.504588390939
 20
2859.530831295102
 10
8944.889354390943
 20
2859.530831295102
 10
9069.672068390945
 20
2859.530831295102
 10
9194.87470539094
 20
2859.530831295102
 10
9319.504588390939
 20
2859.530831295102
 10
9444.776561390936
 20
2859.530831295102
 10
9569.505565390944
 20
2859.530831295102
 10
9819.504588390941
 20
2859.530831295102
 10
9944.703318390944
 20
2859.530831295102
 10
10069.43720539094
 20
2859.530831295102
 10
10319.50458839094
 20
2859.530831295102
 10
10569.37958839094
 20
2859.530831295102
 10
10694.65400239094
 20
2859.530831295102
 10
10819.50458839094
 20
2859.530831295102
 10
10957.89423639093
 20
2859.530831295102
 10
11096.40595539094
 20
2859.530831295102
 10
11207.93036939094
 20
2859.530831295102
 10
11319.5045883919
 20
2859.530831295102
  0
LINE
  5
1E26F
330
1F
100
AcDbEntity
  8
S0CO3
100
AcDbLine
 10
11319.50458839132
 20
4509.530831295087
 30
0.0
 11
11319.50458839138
 21
2859.530831295051
 31
0.0
  0
LINE
  5
1E270
330
1F
100
AcDbEntity
  8
S0CO3
100
AcDbLine
 10
11319.50458839132
 20
8259.530831295101
 30
0.0
 11
11319.50458839138
 21
9909.530831295088
 31
0.0
  0
LINE
  5
1E271
330
1F
100
AcDbEntity
  8
S0CO3
100
AcDbLine
 10
15319.50458839105
 20
8259.530831295094
 30
0.0
 11
15319.50458839099
 21
9909.530831295102
 31
0.0
  0
TEXT
  5
1E279
330
1F
100
AcDbEntity
  8
S0TX2
 62
     2
100
AcDbText
 10
11930.86844462072
 20
9099.703133685741
 30
0.0
 40
200.0
  1
No 10
  7
18
100
AcDbText
  0
TEXT
  5
1E27A
330
1F
100
AcDbEntity
  8
S0TX2
 62
     2
100
AcDbText
 10
13656.63608813496
 20
9088.995565488344
 30
0.0
 40
200.0
  1
No 7 p
  7
18
100
AcDbText
  0
TEXT
  5
1E27B
330
1F
100
AcDbEntity
  8
S0TX2
 62
     2
100
AcDbText
 10
13718.54860570105
 20
7183.296044172507
 30
0.0
 40
200.0
  1
Fuel oil
  7
18
100
AcDbText
  0
TEXT
  5
1E27C
330
1F
100
AcDbEntity
  8
S0TX2
 62
     2
100
AcDbText
 10
12640.01489512495
 20
5184.820792866688
 30
0.0
 40
200.0
  1
Fuel oil settling tank
  7
18
100
AcDbText
  0
TEXT
  5
1E27D
330
1F
100
AcDbEntity
  8
S0TX2
 62
     2
100
AcDbText
 10
12381.77029598321
 20
3771.499172006276
 30
0.0
 40
200.0
  1
No 8
  7
18
100
AcDbText
  0
TEXT
  5
1E27E
330
1F
100
AcDbEntity
  8
S0TX2
 62
     2
100
AcDbText
 10
13686.52519766338
 20
3737.411940909639
 30
0.0
 40
200.0
  1
No 7 sb
  7
18
100
AcDbText
  0
TEXT
  5
1E27F
330
1F
100
AcDbEntity
  8
S0TX2
 62
     2
100
AcDbText
 10
11368.72623786191
 20
3785.804266418527
 30
0.0
 40
200.0
  1
No 9
  7
18
100
AcDbText
  0
TEXT
  5
1E280
330
1F
100
AcDbEntity
  8
S0TX2
 62
     2
100
AcDbText
 10
4252.633658835758
 20
2161.856022772386
 30
0.0
 40
200.0
  1
No 13 sb
  7
18
100
AcDbText
  0
TEXT
  5
1E281
330
1F
100
AcDbEntity
  8
S0TX2
 62
     2
100
AcDbText
 10
4252.633658835758
 20
10781.53226603466
 30
0.0
 40
200.0
  1
No 13 p
  7
18
100
AcDbText
  0
LWPOLYLINE
  5
1E28B
330
1F
100
AcDbEntity
  8
S0CE1
100
AcDbPolyline
 90
        5
 70
   128
 43
0.0
 10
4319.504588390941
 20
10761.6695032951
 42
0.00518
 10
4068.882151390943
 20
10698.73444429511
 42
0.004323
 10
3819.504588390941
 20
10631.04303829509
 42
0.004121
 10
3568.904124390939
 20
10558.4370812951
 42
0.003982
 10
3319.504588390986
 20
10481.81891729512
 42
1748733598259932
  0
LINE
  5
1E28C
330
1F
100
AcDbEntity
  8
S0CE1
100
AcDbLine
 10
4319.50458839094
 20
6384.530831295101
 30
0.0
 11
4319.50458839094
 21
10761.66950329509
 31
0.0
  0
LWPOLYLINE
  5
1E28D
330
1F
100
AcDbEntity
  8
S0CE1
100
AcDbPolyline
 90
       10
 70
   128
 43
0.0
 10
3319.504588390986
 20
10481.81891729512
 42
0.0020270000000006
 10
3168.947825390941
 20
10433.5650112951
 10
3018.642711390939
 20
10384.5308312951
 10
2919.056773390935
 20
10351.8753132951
 10
2819.504588390941
 20
10319.11066529509
 10
2569.659984390944
 20
10236.4038782951
 42
-0.002338
 10
2319.504588390941
 20
10154.6402062951
 42
-0.001364
 10
2069.184337390944
 20
10074.86066529509
 42
0.005314
 10
1819.504588390941
 20
9993.099435295102
 42
0.0141911042158815
 10
1318.907821041933
 20
9807.260047666343
  0
LWPOLYLINE
  5
1E28E
330
1F
100
AcDbEntity
  8
S0CE1
100
AcDbPolyline
 90
        5
 70
   128
 43
0.0
 10
4319.504588390941
 20
2007.392159295101
 42
-0.00518
 10
4068.882151390943
 20
2070.327218295104
 42
-0.004323
 10
3819.504588390941
 20
2138.018624295102
 42
-0.004121
 10
3568.904124390939
 20
2210.624581295102
 42
-0.003982
 10
3319.504588390986
 20
2287.242745295087
 42
-1748733598259932
  0
LINE
  5
1E28F
330
1F
100
AcDbEntity
  8
S0CE1
100
AcDbLine
 10
4319.50458839094
 20
6384.530831295101
 30
0.0
 11
4319.50458839094
 21
2007.392159295101
 31
0.0
  0
LWPOLYLINE
  5
1E290
330
1F
100
AcDbEntity
  8
S0CE1
100
AcDbPolyline
 90
       33
 70
     0
 43
0.0
 10
6319.504588390941
 20
10777.91217929509
 42
0.008404
 10
6091.243602390947
 20
10710.00934729509
 42
0.008214
 10
5865.343699390934
 20
10634.5308312951
 42
0.001693
 10
5819.504588390941
 20
10618.19831129509
 42
0.004992
 10
5694.008983390936
 20
10571.5581752951
 42
0.005075
 10
5569.504588390941
 20
10522.4214562951
 42
0.004669
 10
5444.116649390934
 20
10470.08405429509
 42
0.002615
 10
5319.504588390941
 20
10415.92609529509
 10
5284.103465390938
 20
10400.2708212951
 10
5248.728953390942
 20
10384.5308312951
 42
0.001339
 10
5159.016307390942
 20
10344.1939172951
 42
0.001402
 10
5069.504588390941
 20
10303.3941122951
 42
0.001697
 10
4944.376414390943
 20
10245.3946012951
 10
4819.504588390941
 20
10186.84308729509
 10
4763.997752390941
 20
10160.7258992951
 10
4708.524119390939
 20
10134.5308312951
 42
0.001154
 10
4638.878856390941
 20
10101.36261829509
 42
0.002892
 10
4569.504588390941
 20
10067.63117329511
 42
0.005679
 10
4443.869822390939
 20
10003.8577352951
 42
0.004085
 10
4319.504588390941
 20
9937.643624295095
 42
0.002884
 10
4223.010447390938
 20
9884.530831295101
 42
0.002249
 10
4146.072581390945
 20
9841.151192295097
 42
0.001977
 10
4069.504588390941
 20
9797.119942295097
 42
0.003051
 10
3944.073192390942
 20
9723.306222295091
 42
0.002714
 10
3819.504588390941
 20
9648.055489295098
 10
3808.461253390947
 20
9641.295968295096
 10
3797.429393390944
 20
9634.530831295101
 42
0.001998
 10
3683.076243390948
 20
9563.727120295101
 42
0.003494
 10
3569.504588390941
 20
9491.672677295101
 42
0.002604
 10
3487.849192390939
 20
9438.458565295098
 42
0.001775
 10
3406.663768390944
 20
9384.530831295101
 10
3363.092112390944
 20
9355.3003622951
 10
3319.504588390971
 20
9326.093331295117
  0
LWPOLYLINE
  5
1E291
330
1F
100
AcDbEntity
  8
S0CE1
100
AcDbPolyline
 90
       33
 70
     0
 43
0.0
 10
6319.504588390941
 20
1991.149483295107
 42
-0.008404
 10
6091.243602390947
 20
2059.052315295106
 42
-0.008214
 10
5865.343699390934
 20
2134.530831295102
 42
-0.001693
 10
5819.504588390941
 20
2150.863351295106
 42
-0.004992
 10
5694.008983390936
 20
2197.5034872951
 42
-0.005075
 10
5569.504588390941
 20
2246.640206295102
 42
-0.004669
 10
5444.116649390934
 20
2298.977608295107
 42
-0.002615
 10
5319.504588390941
 20
2353.135567295103
 10
5284.103465390938
 20
2368.7908412951
 10
5248.728953390942
 20
2384.530831295102
 42
-0.001339
 10
5159.016307390942
 20
2424.867745295101
 42
-0.001402
 10
5069.504588390941
 20
2465.667550295104
 42
-0.001697
 10
4944.376414390943
 20
2523.667061295106
 10
4819.504588390941
 20
2582.218575295105
 10
4763.997752390941
 20
2608.335763295101
 10
4708.524119390939
 20
2634.530831295102
 42
-0.001154
 10
4638.878856390941
 20
2667.699044295107
 42
-0.002892
 10
4569.504588390941
 20
2701.430489295104
 42
-0.005679
 10
4443.869822390939
 20
2765.203927295101
 42
-0.004085
 10
4319.504588390941
 20
2831.418038295102
 42
-0.002884
 10
4223.010447390938
 20
2884.530831295102
 42
-0.002249
 10
4146.072581390945
 20
2927.910470295101
 42
-0.001977
 10
4069.504588390941
 20
2971.941720295101
 42
-0.003051
 10
3944.073192390942
 20
3045.755440295099
 42
-0.002714
 10
3819.504588390941
 20
3121.006173295107
 10
3808.461253390947
 20
3127.7656942951
 10
3797.429393390944
 20
3134.530831295102
 42
-0.001998
 10
3683.076243390948
 20
3205.334542295103
 42
-0.003494
 10
3569.504588390941
 20
3277.388985295104
 42
-0.002604
 10
3487.849192390939
 20
3330.603097295105
 42
-0.001775
 10
3406.663768390944
 20
3384.530831295102
 10
3363.092112390944
 20
3413.761300295104
 10
3319.504588390971
 20
3442.96833129508
  0
LWPOLYLINE
  5
1E292
330
1F
100
AcDbEntity
  8
S0CE1
100
AcDbPolyline
 90
       10
 70
   128
 43
0.0
 10
3319.504588390986
 20
2287.242745295087
 42
-0.0020270000000006
 10
3168.947825390941
 20
2335.4966512951
 10
3018.642711390939
 20
2384.530831295102
 10
2919.056773390935
 20
2417.186349295102
 10
2819.504588390941
 20
2449.950997295098
 10
2569.659984390944
 20
2532.657784295101
 42
0.002338
 10
2319.504588390941
 20
2614.421456295102
 42
0.001364
 10
2069.184337390944
 20
2694.200997295098
 42
-0.005314
 10
1819.504588390941
 20
2775.962227295102
 42
-0.0141911042158815
 10
1318.907821041933
 20
2961.801614923854
  0
LWPOLYLINE
  5
1E293
330
1F
100
AcDbEntity
  8
S0CO3
100
AcDbPolyline
 90
        4
 70
     1
 43
0.0
 10
9769.504588390971
 20
8209.530831295117
 10
9869.50458839097
 20
8209.530831295117
 10
9869.50458839097
 20
8309.530831295116
 10
9769.504588390971
 20
8309.530831295116
  0
LWPOLYLINE
  5
1E294
330
1F
100
AcDbEntity
  8
S0CO3
100
AcDbPolyline
 90
        4
 70
     1
 43
0.0
 10
9769.504588390971
 20
4559.530831295087
 10
9869.50458839097
 20
4559.530831295087
 10
9869.50458839097
 20
4459.530831295087
 10
9769.504588390971
 20
4459.530831295087
  0
LINE
  5
1E295
330
1F
100
AcDbEntity
  8
S0CO3
100
AcDbLine
 10
15319.50458839126
 20
2859.53083129484
 30
0.0
 11
15319.5045883912
 21
4509.530831295117
 31
0.0
  0
LINE
  5
1E296
330
1F
100
AcDbEntity
  8
S0CO3
100
AcDbLine
 10
12319.50458839103
 20
6384.530831295138
 30
0.0
 11
16319.50458839094
 21
6384.530831295087
 31
0.0
  0
LINE
  5
1E297
330
1F
100
AcDbEntity
  8
S0CO3
100
AcDbLine
 10
3319.504588390999
 20
11184.53083129508
 30
0.0
 11
7819.504588390998
 21
11184.53083129508
 31
0.0
  0
LINE
  5
1E298
330
1F
100
AcDbEntity
  8
S0CO3
100
AcDbLine
 10
3319.504588390963
 20
1584.530831295109
 30
0.0
 11
7819.50458839094
 21
1584.530831295087
 31
0.0
  0
TEXT
  5
1E299
330
1F
100
AcDbEntity
  8
S0TX2
 62
     2
100
AcDbText
 10
6387.58272671642
 20
8264.29425460277
 30
0.0
 40
200.0
  1
Roll
  7
18
100
AcDbText
  0
TEXT
  5
1E29A
330
1F
100
AcDbEntity
  8
S0TX2
 62
     2
100
AcDbText
 10
6387.58272671642
 20
8618.330313877835
 30
0.0
 40
200.0
  1
No 12
  7
18
100
AcDbText
  0
LWPOLYLINE
  5
1E29B
330
1F
100
AcDbEntity
  8
S0CO3
100
AcDbPolyline
 90
        4
 70
     1
 43
0.0
 10
10419.50460971053
 20
10184.53080086274
 10
11919.50460971052
 20
10184.53080086274
 10
11919.50460971052
 20
10884.53080086272
 10
10419.50460971053
 20
10884.53080086272
  0
LWPOLYLINE
  5
1E29C
330
1F
100
AcDbEntity
  8
S0CO3
100
AcDbPolyline
 90
        4
 70
     1
 43
0.0
 10
10803.10501899528
 20
2584.530868855422
 10
12303.10501899528
 20
2584.530868855422
 10
12303.10501899528
 20
1884.530868855436
 10
10803.10501899528
 20
1884.530868855436
  0
LINE
  5
1E29D
330
1F
100
AcDbEntity
  8
S0CE1
100
AcDbLine
 10
10419.50460971053
 20
10884.53080086272
 30
0.0
 11
11919.50460971052
 21
10184.53080086274
 31
0.0
  0
LINE
  5
1E29E
330
1F
100
AcDbEntity
  8
S0CE1
100
AcDbLine
 10
10419.50460971053
 20
10184.53080086274
 30
0.0
 11
11919.50460971052
 21
10884.53080086272
 31
0.0
  0
LINE
  5
1E29F
330
1F
100
AcDbEntity
  8
S0CE1
100
AcDbLine
 10
10803.10501899528
 20
2584.530868855422
 30
0.0
 11
12303.10501899528
 21
1884.530868855436
 31
0.0
  0
LINE
  5
1E2A0
330
1F
100
AcDbEntity
  8
S0CE1
100
AcDbLine
 10
12303.10501899528
 20
2584.530868855422
 30
0.0
 11
10803.10501899528
 21
1884.530868855436
 31
0.0
  0
TEXT
  5
1E2A3
330
1F
100
AcDbEntity
  8
S0TX2
 62
     2
100
AcDbText
 10
10492.33809273056
 20
10583.74900153959
 30
0.0
 40
200.0
  1
No 11 p
  7
18
100
AcDbText
  0
TEXT
  5
1E2A4
330
1F
100
AcDbEntity
  8
S0TX2
 62
     2
100
AcDbText
 10
10492.33809273056
 20
10307.27564766956
 30
0.0
 40
200.0
  1
FO serv
  7
18
100
AcDbText
  0
TEXT
  5
1E2A5
330
1F
100
AcDbEntity
  8
S0TX2
 62
     2
100
AcDbText
 10
10824.42826101921
 20
2253.432220362498
 30
0.0
 40
200.0
  1
No 11 sb
  7
18
100
AcDbText
  0
TEXT
  5
1E2A6
330
1F
100
AcDbEntity
  8
S0TX2
 62
     2
100
AcDbText
 10
10824.42826101921
 20
1976.958866492459
 30
0.0
 40
200.0
  1
FO serv
  7
18
100
AcDbText
  0
TEXT
  5
1E2A7
330
1F
100
AcDbEntity
  8
S0TX2
 62
     2
100
AcDbText
 10
6387.58272671642
 20
7900.732060052011
 30
0.0
 40
200.0
  1
Damp tk
  7
18
100
AcDbText
  0
TEXT
  5
1E2A9
330
1F
100
AcDbEntity
  8
S0TX2
 62
     2
100
AcDbText
 10
3939.607996560175
 20
7015.50854146228
 30
0.0
 40
200.0
  1
Cargo hold
  7
18
100
AcDbText
  0
LINE
  5
1E5B8
330
1F
100
AcDbEntity
  8
S0CE1
100
AcDbLine
 10
4097.921688460817
 20
6384.530831295167
 30
0.0
 11
36607.0797952752
 21
6384.530831295167
 31
0.0
  0
LINE
  5
1E5B9
330
1F
100
AcDbEntity
  8
S0CE1
100
AcDbLine
 10
1319.504588390999
 20
11184.53083129508
 30
0.0
 11
23319.50458839091
 21
11184.53083129506
 31
0.0
  0
LINE
  5
1E5BA
330
1F
100
AcDbEntity
  8
S0CE1
100
AcDbLine
 10
1319.504588391028
 20
1584.530831295109
 30
0.0
 11
23319.5045883903
 21
1584.53083129508
 31
0.0
  0
LINE
  5
1E5E1
330
1F
100
AcDbEntity
  8
S0CE1
100
AcDbLine
 10
27319.50458839094
 20
6384.530831295066
 30
0.0
 11
31319.50458839094
 21
8516.079415295099
 31
0.0
  0
LINE
  5
1E5E2
330
1F
100
AcDbEntity
  8
S0CE1
100
AcDbLine
 10
31319.50458839094
 20
6834.530831295139
 30
0.0
 11
27319.50458839094
 21
10108.34845829509
 31
0.0
  0
LINE
  5
1E5E3
330
1F
100
AcDbEntity
  8
S0CE1
100
AcDbLine
 10
23319.504588391
 20
7784.530831295139
 30
0.0
 11
27319.50458839103
 21
10108.34845829506
 31
0.0
  0
LINE
  5
1E5E4
330
1F
100
AcDbEntity
  8
S0CE1
100
AcDbLine
 10
23319.50458839094
 20
10996.85895629509
 30
0.0
 11
27319.50458839103
 21
7784.530831295095
 31
0.0
  0
LINE
  5
1E5E5
330
1F
100
AcDbEntity
  8
S0CO3
100
AcDbLine
 10
27319.50458839091
 20
7784.530831295066
 30
0.0
 11
27319.50458839074
 21
10108.34845829515
 31
0.0
  0
LINE
  5
1E5E6
330
1F
100
AcDbEntity
  8
S0CO3
100
AcDbLine
 10
23319.50458839091
 20
11184.53083129506
 30
0.0
 11
23319.50458839095
 21
7784.530831295139
 31
0.0
  0
TEXT
  5
1E5E7
330
1F
100
AcDbEntity
  8
S0TX2
 62
     2
100
AcDbText
 10
22985.7153418176
 20
7076.454246132548
 30
0.0
 40
200.0
  1
Fresh water
  7
18
100
AcDbText
  0
LINE
  5
1E5EA
330
1F
100
AcDbEntity
  8
S0CO3
100
AcDbLine
 10
27319.50458839103
 20
4984.530831295095
 30
0.0
 11
23319.504588391
 21
4984.530831295051
 31
0.0
  0
LINE
  5
1E5EB
330
1F
100
AcDbEntity
  8
S0CO3
100
AcDbLine
 10
25819.50458839091
 20
7784.530831295153
 30
0.0
 11
23319.504588391
 21
7784.530831295139
 31
0.0
  0
LINE
  5
1E5F4
330
1F
100
AcDbEntity
  8
S0CE1
100
AcDbLine
 10
25819.50458839103
 20
4984.530831295066
 30
0.0
 11
27319.50458839091
 21
6884.530831295094
 31
0.0
  0
LINE
  5
1E5F5
330
1F
100
AcDbEntity
  8
S0CE1
100
AcDbLine
 10
25819.50458839094
 20
6884.530831295094
 30
0.0
 11
27319.50458839103
 21
4984.530831295095
 31
0.0
  0
LINE
  5
1E5F6
330
1F
100
AcDbEntity
  8
S0CO3
100
AcDbLine
 10
27319.50458839111
 20
2660.713204295171
 30
0.0
 11
27319.50458839094
 21
6884.530831295094
 31
0.0
  0
LINE
  5
1E5F7
330
1F
100
AcDbEntity
  8
S0CO3
100
AcDbLine
 10
25819.50458839103
 20
4984.530831295066
 30
0.0
 11
25819.50458839094
 21
6884.53083129508
 31
0.0
  0
TEXT
  5
1E5F8
330
1F
100
AcDbEntity
  8
S0TX2
 62
     2
100
AcDbText
 10
24692.34147502407
 20
3738.184922607601
 30
0.0
 40
200.0
  1
No 3 sb
  7
18
100
AcDbText
  0
TEXT
  5
1E5F9
330
1F
100
AcDbEntity
  8
S0TX2
 62
     2
100
AcDbText
 10
25930.12450512238
 20
5659.930174593785
 30
0.0
 40
200.0
  1
Dry tank
  7
18
100
AcDbText
  0
LINE
  5
1E5FA
330
1F
100
AcDbEntity
  8
S0CO3
100
AcDbLine
 10
25819.50458839094
 20
6884.53083129508
 30
0.0
 11
27319.50458839094
 21
6884.530831295094
 31
0.0
  0
LINE
  5
1E5FB
330
1F
100
AcDbEntity
  8
S0CO3
100
AcDbLine
 10
25819.50458839094
 20
7784.530831295125
 30
0.0
 11
27319.50458839094
 21
7784.530831295095
 31
0.0
  0
LINE
  5
1E5FC
330
1F
100
AcDbEntity
  8
S0CO3
100
AcDbLine
 10
25819.50458839094
 20
6884.530831295094
 30
0.0
 11
25819.50458839091
 21
7784.530831295125
 31
0.0
  0
LINE
  5
1E5FD
330
1F
100
AcDbEntity
  8
S0CO3
100
AcDbLine
 10
27319.50458839091
 20
6884.530831295094
 30
0.0
 11
27319.50458839091
 21
7784.530831295066
 31
0.0
  0
TEXT
  5
1E5FE
330
1F
100
AcDbEntity
  8
S0TX2
 62
     2
100
AcDbText
 10
24765.25034033054
 20
9226.957901957664
 30
0.0
 40
200.0
  1
No 3 p
  7
18
100
AcDbText
  0
LINE
  5
1E5FF
330
1F
100
AcDbEntity
  8
S0CO3
100
AcDbLine
 10
32435.38979809691
 20
2744.125338824553
 30
0.0
 11
35736.65506294108
 21
2744.125338824553
 31
0.0
  0
LINE
  5
1E600
330
1F
100
AcDbEntity
  8
S0CO3
100
AcDbLine
 10
32435.38979809691
 20
2682.608841875801
 30
0.0
 11
35736.65506294108
 21
2682.608841875801
 31
0.0
  0
TEXT
  5
1E601
330
1F
100
AcDbEntity
  8
S0CO5
100
AcDbText
 10
32645.97426097655
 20
2798.378463562171
 30
0.0
 40
351.5625
  1
TANK TOP
  7
25
100
AcDbText
  0
LINE
  5
1E602
330
1F
100
AcDbEntity
  8
S0CE1
100
AcDbLine
 10
31319.50458839093
 20
4252.982247295091
 30
0.0
 11
32819.50458839094
 21
7931.911324295099
 31
0.0
  0
LINE
  5
1E603
330
1F
100
AcDbEntity
  8
S0CE1
100
AcDbLine
 10
31319.50458839093
 20
8516.079415295099
 30
0.0
 11
32819.50458839094
 21
4837.150338295083
 31
0.0
  0
LINE
  5
1E604
330
1F
100
AcDbEntity
  8
S0CO3
100
AcDbLine
 10
31319.50458839094
 20
5934.530831295095
 30
0.0
 11
31319.50458839094
 21
4252.982247295091
 31
0.0
  0
LINE
  5
1E605
330
1F
100
AcDbEntity
  8
S0CO3
100
AcDbLine
 10
28819.50458839097
 20
5934.530831295066
 30
0.0
 11
31319.50458839094
 21
5934.530831295051
 31
0.0
  0
LINE
  5
1E606
330
1F
100
AcDbEntity
  8
S0CO3
100
AcDbLine
 10
28819.50458839094
 20
6834.530831295094
 30
0.0
 11
31319.50458839094
 21
6834.530831295094
 31
0.0
  0
LINE
  5
1E607
330
1F
100
AcDbEntity
  8
S0CE1
100
AcDbLine
 10
30415.15503058127
 20
6360.195484156648
 30
0.0
 11
30743.42042036591
 21
6360.195484156676
 31
0.0
  0
LINE
  5
1E608
330
1F
100
AcDbEntity
  8
S0CE1
100
AcDbLine
 10
30415.15503058127
 20
6408.866178433541
 30
0.0
 11
30743.42042036591
 21
6408.866178433513
 31
0.0
  0
LINE
  5
1E609
330
1F
100
AcDbEntity
  8
S0CO3
100
AcDbLine
 10
28819.50458839097
 20
5934.530831295066
 30
0.0
 11
28819.50458839091
 21
6834.530831295094
 31
0.0
  0
CIRCLE
  5
1E60A
330
1F
100
AcDbEntity
  8
S0CE1
100
AcDbCircle
 10
29319.50458839094
 20
6384.530831295094
 30
0.0
 40
375.0
  0
LINE
  5
1E60B
330
1F
100
AcDbEntity
  8
S0CE1
100
AcDbLine
 10
29319.50458839097
 20
5934.530831295095
 30
0.0
 11
29319.50458839091
 21
6834.530831295125
 31
0.0
  0
LINE
  5
1E60C
330
1F
100
AcDbEntity
  8
U0CO2
100
AcDbLine
 10
29464.50458839091
 20
6264.530831295094
 30
0.0
 11
29544.50458839091
 21
6264.530831295094
 31
0.0
  0
LINE
  5
1E60D
330
1F
100
AcDbEntity
  8
U0CO2
100
AcDbLine
 10
29544.50458839091
 20
6264.530831295094
 30
0.0
 11
29544.50458839091
 21
6464.530831295125
 31
0.0
  0
LINE
  5
1E60E
330
1F
100
AcDbEntity
  8
U0CO2
100
AcDbLine
 10
29464.50458839091
 20
6464.530831295125
 30
0.0
 11
29544.50458839091
 21
6464.530831295125
 31
0.0
  0
LINE
  5
1E60F
330
1F
100
AcDbEntity
  8
U0CO2
100
AcDbLine
 10
29094.50458839094
 20
6264.530831295094
 30
0.0
 11
29174.50458839094
 21
6264.530831295094
 31
0.0
  0
LINE
  5
1E610
330
1F
100
AcDbEntity
  8
U0CO2
100
AcDbLine
 10
29094.50458839091
 20
6264.530831295124
 30
0.0
 11
29094.50458839091
 21
6464.530831295125
 31
0.0
  0
LINE
  5
1E611
330
1F
100
AcDbEntity
  8
U0CO2
100
AcDbLine
 10
29094.50458839091
 20
6464.530831295125
 30
0.0
 11
29174.50458839094
 21
6464.530831295125
 31
0.0
  0
CIRCLE
  5
1E612
330
1F
100
AcDbEntity
  8
U0CO2
100
AcDbCircle
 10
29319.50458839094
 20
6384.530831295094
 30
0.0
 40
90.0
  0
LINE
  5
1E613
330
1F
100
AcDbEntity
  8
S0CE1
100
AcDbLine
 10
29319.50458839094
 20
6714.530831295109
 30
0.0
 11
29994.50458839094
 21
6714.530831295094
 31
0.0
  0
LINE
  5
1E614
330
1F
100
AcDbEntity
  8
S0CE1
100
AcDbLine
 10
29319.504588391
 20
6054.530831295109
 30
0.0
 11
29994.50458839094
 21
6054.530831295095
 31
0.0
  0
ARC
  5
1E615
330
1F
100
AcDbEntity
  8
S0CE1
100
AcDbCircle
 10
29994.50458839094
 20
6384.530831295094
 30
0.0
 40
330.0
100
AcDbArc
 50
270.0
 51
90.0
  0
LINE
  5
1E616
330
1F
100
AcDbEntity
  8
S0CE1
100
AcDbLine
 10
30299.91414947244
 20
6259.530831295094
 30
0.0
 11
30415.15503058127
 21
6259.53083129508
 31
0.0
  0
LINE
  5
1E617
330
1F
100
AcDbEntity
  8
S0CE1
100
AcDbLine
 10
30299.91414947244
 20
6509.530831295094
 30
0.0
 11
30415.15503058124
 21
6509.53083129508
 31
0.0
  0
LINE
  5
1E618
330
1F
100
AcDbEntity
  8
S0CE1
100
AcDbLine
 10
30415.15503058127
 20
6259.53083129508
 30
0.0
 11
30415.15503058124
 21
6509.53083129508
 31
0.0
  0
TEXT
  5
1E619
330
1F
100
AcDbEntity
  8
S0TX2
 62
     2
100
AcDbText
 10
28839.88671013714
 20
5094.782812177058
 30
0.0
 40
200.0
  1
No 2 sb
  7
18
100
AcDbText
  0
TEXT
  5
1E61A
330
1F
100
AcDbEntity
  8
S0TX2
 62
     2
100
AcDbText
 10
28812.04964927334
 20
7574.458285750647
 30
0.0
 40
200.0
  1
Fuel oil
  7
18
100
AcDbText
  0
LINE
  5
1E61B
330
1F
100
AcDbEntity
  8
S0CO3
100
AcDbLine
 10
31319.50458839094
 20
6834.530831295094
 30
0.0
 11
31319.50458839094
 21
8516.079415295099
 31
0.0
  0
LINE
  5
1E61C
330
1F
100
AcDbEntity
  8
S0CO3
100
AcDbLine
 10
31319.50458839094
 20
5934.530831295051
 30
0.0
 11
31319.50458839094
 21
6834.530831295094
 31
0.0
  0
LINE
  5
1E61D
330
1F
100
AcDbEntity
  8
S0CE1
100
AcDbLine
 10
30743.42042036594
 20
6634.530831295109
 30
0.0
 11
30769.50458839094
 21
6634.530831295109
 31
0.0
  0
LINE
  5
1E61E
330
1F
100
AcDbEntity
  8
S0CE1
100
AcDbLine
 10
30769.50458839094
 20
6134.530831295066
 30
0.0
 11
30769.50458839094
 21
6634.530831295109
 31
0.0
  0
LINE
  5
1E61F
330
1F
100
AcDbEntity
  8
S0CE1
100
AcDbLine
 10
30743.42042036594
 20
6134.530831295052
 30
0.0
 11
30769.50458839094
 21
6134.530831295066
 31
0.0
  0
LINE
  5
1E620
330
1F
100
AcDbEntity
  8
S0CE1
100
AcDbLine
 10
30743.42042036594
 20
6134.530831295052
 30
0.0
 11
30743.42042036594
 21
6634.530831295109
 31
0.0
  0
LINE
  5
1E621
330
1F
100
AcDbEntity
  8
S0CO3
100
AcDbLine
 10
32819.50458839114
 20
4105.827493072735
 30
0.0
 11
32819.50458839094
 21
8663.23416951757
 31
0.0
  0
LWPOLYLINE
  5
1E624
330
1F
100
AcDbEntity
  8
S0CE1
100
AcDbPolyline
 90
       31
 70
   128
 43
0.0
 10
34999.50458839094
 20
6384.530831295094
 10
34999.50458839094
 20
6434.530831295095
 42
0.006613
 10
34907.18036939094
 20
6584.530831295094
 42
0.015262
 10
34679.50458839094
 20
6920.589242295085
 42
0.021822
 10
34319.50458839094
 20
7375.419015295091
 42
0.018542
 10
33984.86201039094
 20
7734.530831295095
 42
0.017615
 10
33642.86982239094
 20
8052.101510295091
 42
0.017453
 10
33279.50458839094
 20
8344.942208295092
 42
0.018682
 10
32828.60419739094
 20
8657.424386295097
 42
0.01108
 10
32359.91083839094
 20
8942.530831295094
 42
0.002294
 10
32234.96552639094
 20
9014.026436295099
 42
0.00167
 10
32109.45380739094
 20
9084.530831295095
 10
32052.51826039094
 20
9116.156075295091
 10
31995.50458839094
 20
9147.637276295093
 42
0.006599
 10
31474.41865139095
 20
9425.664864295089
 42
0.011709
 10
30943.50458839094
 20
9684.42975729509
 42
0.005479
 10
30713.44599439094
 20
9786.941720295088
 42
0.005153
 10
30481.23310439094
 20
9884.530831295094
 42
0.01486
 10
29760.49286939094
 20
10154.04792129509
 42
0.011968
 10
29026.34052639095
 20
10384.53083129509
 42
0.005337
 10
28647.32099439094
 20
10489.26032329509
 42
0.003498
 10
28266.50458839094
 20
10587.2818082951
 42
0.006889
 10
27577.78583839094
 20
10749.37946429509
 42
0.012589
 10
26883.27607239094
 20
10884.53083129509
 42
0.00591
 10
26546.00263539094
 20
10937.30133929509
 42
0.002299
 10
26207.90693239094
 20
10984.53083129509
 42
0.003441
 10
25608.58661939094
 20
11061.23542129509
 42
0.007398
 10
25007.74286939094
 20
11124.92633929509
 42
0.009377
 10
24405.14326039094
 20
11168.42731529509
 42
0.013328
 10
23801.18622939094
 20
11184.53083129509
 10
23319.50458839091
 20
11184.53083129509
  0
LWPOLYLINE
  5
1E625
330
1F
100
AcDbEntity
  8
S0CE1
100
AcDbPolyline
 90
       31
 70
   128
 43
0.0
 10
34999.50458839094
 20
6384.530831295094
 10
34999.50458839094
 20
6334.530831295094
 42
-0.006613
 10
34907.18036939094
 20
6184.530831295095
 42
-0.015262
 10
34679.50458839094
 20
5848.472420295096
 42
-0.021822
 10
34319.50458839094
 20
5393.642647295099
 42
-0.018542
 10
33984.86201039094
 20
5034.530831295095
 42
-0.017615
 10
33642.86982239094
 20
4716.960152295097
 42
-0.017453
 10
33279.50458839094
 20
4424.119454295097
 42
-0.018682
 10
32828.60419739094
 20
4111.637276295092
 42
-0.01108
 10
32359.91083839094
 20
3826.530831295095
 42
-0.002294
 10
32234.96552639094
 20
3755.035226295091
 42
-0.00167
 10
32109.45380739094
 20
3684.530831295095
 10
32052.51826039094
 20
3652.905587295092
 10
31995.50458839094
 20
3621.424386295097
 42
-0.006599
 10
31474.41865139095
 20
3343.396798295092
 42
-0.011709
 10
30943.50458839094
 20
3084.631905295093
 42
-0.005479
 10
30713.44599439094
 20
2982.119942295096
 42
-0.005153
 10
30481.23310439094
 20
2884.530831295095
 42
-0.01486
 10
29760.49286939094
 20
2615.013741295094
 42
-0.011968
 10
29026.34052639095
 20
2384.530831295095
 42
-0.005337
 10
28647.32099439094
 20
2279.801339295096
 42
-0.003498
 10
28266.50458839094
 20
2181.779854295092
 42
-0.006889
 10
27577.78583839094
 20
2019.682198295093
 42
-0.012589
 10
26883.27607239094
 20
1884.530831295094
 42
-0.00591
 10
26546.00263539094
 20
1831.760323295093
 42
-0.002299
 10
26207.90693239094
 20
1784.530831295095
 42
-0.003441
 10
25608.58661939094
 20
1707.826241295093
 42
-0.007398
 10
25007.74286939094
 20
1644.135323295093
 42
-0.009377
 10
24405.14326039094
 20
1600.634347295098
 42
-0.013328
 10
23801.18622939094
 20
1584.530831295095
 10
23319.50458839091
 20
1584.530831295095
  0
LINE
  5
1E626
330
1F
100
AcDbEntity
  8
S0CE1
100
AcDbLine
 10
23319.50458839094
 20
1772.202706295094
 30
0.0
 11
27319.50458839103
 21
4984.530831295095
 31
0.0
  0
LINE
  5
1E627
330
1F
100
AcDbEntity
  8
S0CE1
100
AcDbLine
 10
23319.504588391
 20
4984.530831295051
 30
0.0
 11
27319.50458839103
 21
2660.713204295127
 31
0.0
  0
LINE
  5
1E628
330
1F
100
AcDbEntity
  8
S0CE1
100
AcDbLine
 10
31319.50458839094
 20
5934.530831295051
 30
0.0
 11
27319.50458839094
 21
2660.713204295098
 31
0.0
  0
LINE
  5
1E629
330
1F
100
AcDbEntity
  8
S0CE1
100
AcDbLine
 10
27319.50458839094
 20
6384.530831295124
 30
0.0
 11
31319.50458839094
 21
4252.982247295091
 31
0.0
  0
TEXT
  5
1E62E
330
1F
100
AcDbEntity
  8
S0TX2
 62
     2
100
AcDbText
 10
31625.65313724208
 20
7430.509904073639
 30
0.0
 40
200.0
  1
No 1
  7
18
100
AcDbText
  0
TEXT
  5
1E6E4
330
1F
100
AcDbEntity
  8
S0TX2
 62
     2
100
AcDbText
 10
28825.96817970521
 20
7975.255568668014
 30
0.0
 40
200.0
  1
No 2 p
  7
18
100
AcDbText
  0
TEXT
  5
1E6E5
330
1F
100
AcDbEntity
  8
S0TX2
 62
     2
100
AcDbText
 10
28812.04964927334
 20
4677.151160838053
 30
0.0
 40
200.0
  1
Fuel oil
  7
18
100
AcDbText
  0
TEXT
  5
1E6E7
330
1F
100
AcDbEntity
  8
S0TX2
 62
     2
100
AcDbText
 10
23366.03111888271
 20
7370.207123033586
 30
0.0
 40
200.0
  1
No 5
  7
18
100
AcDbText
  0
TEXT
  5
1E6E8
330
1F
100
AcDbEntity
  8
S0TX2
 62
     2
100
AcDbText
 10
26041.47454982415
 20
5967.595700845064
 30
0.0
 40
200.0
  1
No 4
  7
18
100
AcDbText
  0
LWPOLYLINE
  5
1E6F4
330
1F
100
AcDbEntity
  8
S0CE1
100
AcDbPolyline
 90
       21
 70
   128
 43
0.0
 10
36519.43036939094
 20
6384.530831295094
 10
36519.43036939094
 20
6434.530831295095
 42
0.090984
 10
36319.50458839094
 20
6702.129159295094
 42
0.036628
 10
36206.74091639094
 20
6792.289254295095
 42
0.026745
 10
36083.50068239094
 20
6867.479348295091
 42
0.021833
 10
35953.47919739094
 20
6930.390389295091
 42
0.011986
 10
35819.50458839094
 20
6984.371590295094
 42
0.015081
 10
35571.17841639094
 20
7069.12482529509
 42
0.006007
 10
35319.50458839094
 20
7143.333260295098
 42
0.002798
 10
35069.61201039094
 20
7212.260445295091
 42
-0.001221
 10
34819.50458839094
 20
7280.401925295096
 10
34749.47919739094
 20
7299.761178295099
 10
34679.50458839094
 20
7319.330941295091
 42
-0.002834
 10
34452.85224439094
 20
7384.530831295094
 42
-0.001568
 10
34319.50458839094
 20
7424.157052295093
 42
-0.003007
 10
34069.01826039094
 20
7501.094674295091
 42
-0.003273
 10
33819.50458839094
 20
7581.202096295093
 42
-0.003121
 10
33569.05927639095
 20
7665.141671295089
 42
-0.002169
 10
33319.50458839094
 20
7751.730050295098
 42
-0.001934
 10
33069.17255739094
 20
7840.90912729509
 42
-0.001776
 10
32819.50458839094
 20
7931.911324295099
 42
-9460579373356116
  0
LWPOLYLINE
  5
1E6F5
330
1F
100
AcDbEntity
  8
S0CO3
100
AcDbPolyline
 90
       19
 70
   128
 43
0.0
 10
32819.50458839094
 20
7931.911324295099
 42
-0.0049580000000001
 10
32067.08271339094
 20
8217.77118729509
 42
-0.003349
 10
31319.50458839094
 20
8516.079415295099
 42
-0.002287
 10
30569.01435439094
 20
8825.398751295098
 10
29819.50458839094
 20
9137.094308295099
 42
0.001965
 10
29071.39130739095
 20
9443.533028295105
 42
0.004288
 10
28319.50458839094
 20
9740.6018762951
 42
0.003491
 10
27821.03193239094
 20
9928.628976295092
 42
0.004819
 10
27319.50458839094
 20
10108.34845829509
 42
0.005517
 10
26821.58857239094
 20
10275.24298929509
 42
0.007472
 10
26319.50458839094
 20
10429.14093829509
 42
0.008247
 10
25821.82490139095
 20
10564.73590929509
 42
0.010088
 10
25319.50458839094
 20
10681.9849332951
 42
0.009263
 10
24820.76044739094
 20
10778.2266322951
 42
0.004824
 10
24319.50458839094
 20
10860.3770222951
 42
0.001902
 10
24069.64716639094
 20
10897.88532329509
 42
0.002119
 10
23819.50458839094
 20
10933.3701862951
 42
0.002394
 10
23569.68329939093
 20
10966.51911229509
 42
0.003244
 10
23319.50458839094
 20
10996.85895629509
  0
LWPOLYLINE
  5
1E6F6
330
1F
100
AcDbEntity
  8
S0CO3
100
AcDbPolyline
 90
       19
 70
   128
 43
0.0
 10
32819.50458839094
 20
4837.150338295083
 42
0.0049580000000001
 10
32067.08271339094
 20
4551.290475295092
 42
0.003349
 10
31319.50458839094
 20
4252.982247295091
 42
0.002287
 10
30569.01435439094
 20
3943.662911295091
 10
29819.50458839094
 20
3631.967354295092
 42
-0.001965
 10
29071.39130739095
 20
3325.528634295093
 42
-0.004288
 10
28319.50458839094
 20
3028.459786295091
 42
-0.003491
 10
27821.03193239094
 20
2840.432686295091
 42
-0.004819
 10
27319.50458839094
 20
2660.713204295091
 42
-0.005517
 10
26821.58857239094
 20
2493.818673295093
 42
-0.007472
 10
26319.50458839094
 20
2339.920724295094
 42
-0.008247
 10
25821.82490139095
 20
2204.325753295096
 42
-0.010088
 10
25319.50458839094
 20
2087.076729295091
 42
-0.009263
 10
24820.76044739094
 20
1990.835030295093
 42
-0.004824
 10
24319.50458839094
 20
1908.68464029509
 42
-0.001902
 10
24069.64716639094
 20
1871.176339295096
 42
-0.002119
 10
23819.50458839094
 20
1835.691476295091
 42
-0.002394
 10
23569.68329939093
 20
1802.542550295097
 42
-0.003244
 10
23319.50458839094
 20
1772.202706295094
  0
LWPOLYLINE
  5
1E6F7
330
1F
100
AcDbEntity
  8
S0CE1
100
AcDbPolyline
 90
       21
 70
   128
 43
0.0
 10
36519.43036939094
 20
6384.530831295094
 10
36519.43036939094
 20
6334.530831295094
 42
-0.090984
 10
36319.50458839094
 20
6066.932503295095
 42
-0.036628
 10
36206.74091639094
 20
5976.772408295095
 42
-0.026745
 10
36083.50068239094
 20
5901.582314295097
 42
-0.021833
 10
35953.47919739094
 20
5838.671273295098
 42
-0.011986
 10
35819.50458839094
 20
5784.690072295096
 42
-0.015081
 10
35571.17841639094
 20
5699.936837295092
 42
-0.006007
 10
35319.50458839094
 20
5625.728402295091
 42
-0.002798
 10
35069.61201039094
 20
5556.801217295099
 42
0.001221
 10
34819.50458839094
 20
5488.659737295093
 10
34749.47919739094
 20
5469.30048429509
 10
34679.50458839094
 20
5449.730721295098
 42
0.002834
 10
34452.85224439094
 20
5384.530831295094
 42
0.001568
 10
34319.50458839094
 20
5344.904610295095
 42
0.003007
 10
34069.01826039094
 20
5267.966988295098
 42
0.003273
 10
33819.50458839094
 20
5187.859566295098
 42
0.003121
 10
33569.05927639095
 20
5103.919991295093
 42
0.002169
 10
33319.50458839094
 20
5017.331612295093
 42
0.001934
 10
33069.17255739094
 20
4928.152535295092
 42
0.001776
 10
32819.50458839094
 20
4837.150338295083
 42
9460579373356116
  0
ELLIPSE
  5
1E6F8
330
1F
100
AcDbEntity
  8
S0CE1
100
AcDbEllipse
 10
33819.50458839094
 20
7465.028941657751
 30
0.0
 11
-514.9999999999998
 21
203.962798786666
 31
0.0
210
0.0
220
0.0
230
0.9999999999999998
 40
0.1874898693998785
 41
0.0
 42
6.283185307179586
  0
LINE
  5
1E6F9
330
1F
100
AcDbEntity
  8
S0CE1
100
AcDbLine
 10
33304.50458839094
 20
7668.991740444413
 30
0.0
 11
33304.50458839094
 21
5100.069922145777
 31
0.0
  0
LINE
  5
1E6FA
330
1F
100
AcDbEntity
  8
S0CE1
100
AcDbLine
 10
33819.50458839094
 20
7425.730172295101
 30
0.0
 11
33819.50458839094
 21
5396.382760295091
 31
0.0
  0
LINE
  5
1E6FB
330
1F
100
AcDbEntity
  8
S0CE1
100
AcDbLine
 10
34334.50458839094
 20
7261.066142871088
 30
0.0
 11
34334.50458839094
 21
5507.995519719101
 31
0.0
  0
ELLIPSE
  5
1E6FC
330
1F
100
AcDbEntity
  8
S0CE1
100
AcDbEllipse
 10
33819.50458839094
 20
5304.032720932439
 30
0.0
 11
-514.9999999999998
 21
-203.962798786666
 31
0.0
210
0.0
220
0.0
230
-0.9999999999999998
 40
0.1874898693998785
 41
0.0
 42
6.283185307179586
  0
INSERT
  5
1E71D
330
1F
100
AcDbEntity
  8
S0CO1
100
AcDbBlockReference
  2
A$C4F4610A3
 10
2319.504588391123
 20
6384.530831295196
 30
0.0
  0
LWPOLYLINE
  5
1E71E
330
1F
100
AcDbEntity
  8
S0CO3
100
AcDbPolyline
 90
       21
 70
     0
 43
0.0
 10
9752.903609180519
 20
9909.530831295167
 42
-0.0167602085359676
 10
10065.77265439111
 20
10110.92267729516
 42
-0.011782
 10
10319.50458839109
 20
10254.46637829517
 42
-0.005104
 10
10446.0778303911
 20
10320.53449329515
 42
-0.003045
 10
10573.70966639112
 20
10384.53083129517
 42
-0.005216
 10
10695.38935439112
 20
10443.04767729516
 42
-0.016582
 10
10819.50458839109
 20
10496.20465929516
 42
-0.014989
 10
10949.53681539108
 20
10542.42340929516
 42
0.004546
 10
11080.50458839109
 20
10585.91803829516
 42
0.004963
 10
11199.80634639108
 20
10628.07331129515
 42
-0.009734
 10
11319.50458839109
 20
10669.08796029516
 42
-0.023245
 10
11567.69501839111
 20
10736.21979629516
 42
-0.007161
 10
11819.50458839109
 20
10788.14606529516
 42
-0.003831
 10
12069.05732239112
 20
10833.91169029516
 42
-0.006535
 10
12319.50458839109
 20
10874.49860429516
 42
-0.006518
 10
12569.17841639112
 20
10908.29596829516
 42
-0.003916
 10
12819.50458839109
 20
10936.87702229517
 42
-0.003955
 10
13069.27509639108
 20
10961.41852629516
 42
-0.0020507480254285
 10
13147.67311555407
 20
10968.17152808913
 42
-0.0157100858608808
 10
15132.23521530848
 20
11030.54220356261
 10
16069.50458839121
 20
11030.54220356261
  0
LWPOLYLINE
  5
1E71F
330
1F
100
AcDbEntity
  8
S0CO3
100
AcDbPolyline
 90
        3
 70
     0
 43
0.0
 10
16069.50458839121
 20
11030.54220356261
 10
20200.17939572675
 20
11030.54220356261
 42
-0.0081357656365098
 10
21069.55643673094
 20
11013.23211963639
  0
LWPOLYLINE
  5
1E720
330
1F
100
AcDbEntity
  8
S0CO3
100
AcDbPolyline
 90
       11
 70
     0
 43
0.0
 10
21069.55643673094
 20
11013.23211963639
 42
-0.0009357612850499
 10
21169.50458839112
 20
11009.42715906468
 42
-0.001469135588288
 10
21319.5045883911
 20
11003.15583129517
 42
-0.002529
 10
21569.56513539113
 20
10990.68854629516
 42
-0.002289
 10
21819.50458839109
 20
10975.81647629516
 42
-0.002339
 10
22069.59540839108
 20
10958.59772629516
 42
-0.002671
 10
22319.50458839109
 20
10938.88630029517
 42
-0.002774
 10
22569.65204939111
 20
10916.35456129517
 42
-0.002845
 10
22819.50458839109
 20
10891.12311629516
 42
-0.002817
 10
23069.66669739112
 20
10862.92829229517
 42
-0.002609
 10
23319.50458839109
 20
10832.06256929517
  0
LWPOLYLINE
  5
1E721
330
1F
100
AcDbEntity
  8
S0CO3
100
AcDbPolyline
 90
       21
 70
     0
 43
0.0
 10
9752.903609180519
 20
2859.530831295153
 42
0.0167602085359676
 10
10065.77265439111
 20
2658.138985295154
 42
0.011782
 10
10319.50458839109
 20
2514.595284295152
 42
0.005104
 10
10446.0778303911
 20
2448.527169295165
 42
0.003045
 10
10573.70966639112
 20
2384.530831295153
 42
0.005216
 10
10695.38935439112
 20
2326.013985295154
 42
0.016582
 10
10819.50458839109
 20
2272.857003295154
 42
0.014989
 10
10949.53681539108
 20
2226.638253295154
 42
-0.004546
 10
11080.50458839109
 20
2183.14362429516
 42
-0.004963
 10
11199.80634639108
 20
2140.988351295164
 42
0.009734
 10
11319.50458839109
 20
2099.97370229516
 42
0.023245
 10
11567.69501839111
 20
2032.841866295159
 42
0.007161
 10
11819.50458839109
 20
1980.915597295156
 42
0.003831
 10
12069.05732239112
 20
1935.149972295156
 42
0.006535
 10
12319.50458839109
 20
1894.563058295156
 42
0.006518
 10
12569.17841639112
 20
1860.765694295158
 42
0.003916
 10
12819.50458839109
 20
1832.184640295163
 42
0.003955
 10
13069.27509639108
 20
1807.643136295155
 42
0.0020507480254285
 10
13147.67311555407
 20
1800.890134501183
 42
0.0157100858608808
 10
15132.23521530848
 20
1738.51945902771
 10
16069.50458839121
 20
1738.51945902771
  0
LWPOLYLINE
  5
1E722
330
1F
100
AcDbEntity
  8
S0CO3
100
AcDbPolyline
 90
        3
 70
     0
 43
0.0
 10
16069.50458839121
 20
1738.51945902771
 10
20200.17939572675
 20
1738.51945902771
 42
0.0081357656365098
 10
21069.55643673094
 20
1755.829542953943
  0
LWPOLYLINE
  5
1E723
330
1F
100
AcDbEntity
  8
S0CO3
100
AcDbPolyline
 90
       11
 70
     0
 43
0.0
 10
21069.55643673094
 20
1755.829542953943
 42
0.0009357612850499
 10
21169.50458839112
 20
1759.634503525638
 42
0.001469135588288
 10
21319.5045883911
 20
1765.905831295153
 42
0.002529
 10
21569.56513539113
 20
1778.373116295159
 42
0.002289
 10
21819.50458839109
 20
1793.245186295157
 42
0.002339
 10
22069.59540839108
 20
1810.463936295156
 42
0.002671
 10
22319.50458839109
 20
1830.175362295151
 42
0.002774
 10
22569.65204939111
 20
1852.707101295164
 42
0.002845
 10
22819.50458839109
 20
1877.938546295161
 42
0.002817
 10
23069.66669739112
 20
1906.133370295152
 42
0.002609
 10
23319.50458839109
 20
1936.999093295162
  0
LINE
  5
1E739
330
1F
100
AcDbEntity
  8
S0CO3
100
AcDbLine
 10
18319.50458839112
 20
9909.530831295183
 30
0.0
 11
16319.50458839112
 21
9909.530831295183
 31
0.0
  0
LINE
  5
1E73A
330
1F
100
AcDbEntity
  8
S0CO3
100
AcDbLine
 10
20319.50458839115
 20
4509.530831295429
 30
0.0
 11
20319.50458839104
 21
8259.530831295299
 31
0.0
  0
LINE
  5
1E73B
330
1F
100
AcDbEntity
  8
S0CO3
100
AcDbLine
 10
20319.50458839109
 20
8259.530831295094
 30
0.0
 11
16319.50458839106
 21
8259.530831295109
 31
0.0
  0
LINE
  5
1E73C
330
1F
100
AcDbEntity
  8
S0CO3
100
AcDbLine
 10
20319.50458839109
 20
4509.530831295225
 30
0.0
 11
16319.50458839106
 21
4509.530831295211
 31
0.0
  0
LINE
  5
1E73D
330
1F
100
AcDbEntity
  8
S0CO3
100
AcDbLine
 10
21319.50458839121
 20
4509.530831295225
 30
0.0
 11
21319.50458839118
 21
8259.530831295094
 31
0.0
  0
LINE
  5
1E73E
330
1F
100
AcDbEntity
  8
S0CO3
100
AcDbLine
 10
18319.50458839118
 20
8259.530831295153
 30
0.0
 11
18319.50458839112
 21
9909.530831295183
 31
0.0
  0
LINE
  5
1E73F
330
1F
100
AcDbEntity
  8
S0CO3
100
AcDbLine
 10
23319.50458839112
 20
7784.530831295197
 30
0.0
 11
21319.50458839118
 21
8259.530831295094
 31
0.0
  0
LINE
  5
1E740
330
1F
100
AcDbEntity
  8
S0CO3
100
AcDbLine
 10
23319.50458839112
 20
4984.530831295124
 30
0.0
 11
21319.50458839118
 21
4509.530831295225
 31
0.0
  0
LINE
  5
1E741
330
1F
100
AcDbEntity
  8
S0CO3
100
AcDbLine
 10
18319.50458839112
 20
2859.530831295139
 30
0.0
 11
16319.50458839112
 21
2859.530831295153
 31
0.0
  0
LINE
  5
1E742
330
1F
100
AcDbEntity
  8
S0CO3
100
AcDbLine
 10
18319.50458839118
 20
4509.530831295182
 30
0.0
 11
18319.50458839112
 21
2859.530831295139
 31
0.0
  0
LINE
  5
1E743
330
1F
100
AcDbEntity
  8
S0CE1
100
AcDbLine
 10
25819.50458839121
 20
4984.530831295138
 30
0.0
 11
21319.50458839118
 21
8259.530831295094
 31
0.0
  0
LWPOLYLINE
  5
1E744
330
1F
100
AcDbEntity
  8
S0CO3
100
AcDbPolyline
 90
        4
 70
     1
 43
0.0
 10
21269.50458839133
 20
8209.530831295181
 10
21369.50458839133
 20
8209.530831295181
 10
21369.50458839133
 20
8309.530831295182
 10
21269.50458839133
 20
8309.530831295182
  0
LWPOLYLINE
  5
1E745
330
1F
100
AcDbEntity
  8
S0CO3
100
AcDbPolyline
 90
        4
 70
     1
 43
0.0
 10
21269.50458839133
 20
4559.530831295153
 10
21369.50458839133
 20
4559.530831295153
 10
21369.50458839133
 20
4459.530831295153
 10
21269.50458839133
 20
4459.530831295153
  0
LINE
  5
1E746
330
1F
100
AcDbEntity
  8
S0CE1
100
AcDbLine
 10
16319.50458839103
 20
6384.530831295196
 30
0.0
 11
20319.50458839109
 21
4509.530831295225
 31
0.0
  0
LINE
  5
1E747
330
1F
100
AcDbEntity
  8
S0CE1
100
AcDbLine
 10
16319.50458839089
 20
4509.530831295211
 30
0.0
 11
20319.50458839106
 21
6384.530831295196
 31
0.0
  0
LINE
  5
1E748
330
1F
100
AcDbEntity
  8
S0CE1
100
AcDbLine
 10
16319.50458839103
 20
6384.530831295196
 30
0.0
 11
20319.50458839109
 21
8259.530831295197
 31
0.0
  0
LINE
  5
1E749
330
1F
100
AcDbEntity
  8
S0CE1
100
AcDbLine
 10
16319.50458839106
 20
8259.530831295212
 30
0.0
 11
20319.50458839112
 21
6384.530831295226
 31
0.0
  0
TEXT
  5
1E74A
330
1F
100
AcDbEntity
  8
S0TX2
 62
     2
100
AcDbText
 10
16752.23580190922
 20
7033.490508125862
 30
0.0
 40
200.0
  1
New
  7
18
100
AcDbText
  0
TEXT
  5
1E74B
330
1F
100
AcDbEntity
  8
S0TX2
 62
     2
100
AcDbText
 10
16730.56812006024
 20
7731.600412183921
 30
0.0
 40
200.0
  1
No 15p 
  7
18
100
AcDbText
  0
LINE
  5
1E74C
330
1F
100
AcDbEntity
  8
S0PH1
100
AcDbLine
 10
16319.50458839127
 20
8259.530831295109
 30
0.0
 11
18319.50458839112
 21
9909.530831295183
 31
0.0
  0
LINE
  5
1E74D
330
1F
100
AcDbEntity
  8
S0PH1
100
AcDbLine
 10
16319.50458839112
 20
9909.530831295183
 30
0.0
 11
18319.50458839138
 21
8259.530831295197
 31
0.0
  0
LINE
  5
1E74E
330
1F
100
AcDbEntity
  8
S0CE1
100
AcDbLine
 10
25819.50458839121
 20
7784.530831295197
 30
0.0
 11
21319.50458839118
 21
4509.530831295225
 31
0.0
  0
LWPOLYLINE
  5
1E74F
330
1F
100
AcDbEntity
  8
S0CE1
100
AcDbPolyline
 90
        4
 70
     0
 43
0.0
 10
16319.50458839109
 20
11030.54220356261
 10
20475.9162100329
 20
9419.403843926485
 10
21197.55546975126
 20
4002.841281585483
 10
23319.50458839109
 20
1936.999093295162
  0
LWPOLYLINE
  5
1E750
330
1F
100
AcDbEntity
  8
S0CE1
100
AcDbPolyline
 90
        4
 70
     0
 43
0.0
 10
16319.50458839109
 20
1738.51945902771
 10
20343.61449923833
 20
3360.846424330812
 10
21197.55546975126
 20
8766.220381004838
 10
23319.50458839109
 20
10832.06256929517
  0
MTEXT
  5
1E751
102
{ACAD_XDICTIONARY
360
1E752
102
}
330
1F
100
AcDbEntity
  8
S0TX2
 62
     2
100
AcDbMText
 10
16085.38173626781
 20
9163.439453992396
 30
0.0
 40
200.0
 41
2358.414951819344
 46
0.0
 71
     1
 72
     5
  1
\pxqc;Grey water\PNew
  7
18
 73
     1
 44
1.0
101
Embedded Object
 70
     1
 10
1.0
 20
0.0
 30
0.0
 11
16085.38173626781
 21
9163.439453992396
 31
0.0
 40
2358.414951819344
 41
0.0
 42
1609.52380952381
 43
533.3333333333334
 71
     2
 72
     1
 44
2358.414951819344
 45
1000.0
 73
     0
 74
     0
 46
0.0
  0
MTEXT
  5
1E753
102
{ACAD_XDICTIONARY
360
1E754
102
}
330
1F
100
AcDbEntity
  8
S0TX2
 62
     2
100
AcDbMText
 10
16175.97389429332
 20
3645.83646758656
 30
0.0
 40
200.0
 41
2358.414951819344
 46
0.0
 71
     1
 72
     5
  1
\pxqc;Black water\PNew
  7
18
 73
     1
 44
1.0
101
Embedded Object
 70
     1
 10
1.0
 20
0.0
 30
0.0
 11
16175.97389429332
 21
3645.83646758656
 31
0.0
 40
2358.414951819344
 41
0.0
 42
1742.857142857143
 43
533.3333333333334
 71
     2
 72
     1
 44
2358.414951819344
 45
1000.0
 73
     0
 74
     0
 46
0.0
  0
LINE
  5
1E756
330
1F
100
AcDbEntity
  8
S0PH1
100
AcDbLine
 10
16319.50458839127
 20
4509.530831295211
 30
0.0
 11
18319.50458839112
 21
2859.530831295139
 31
0.0
  0
LINE
  5
1E757
330
1F
100
AcDbEntity
  8
S0PH1
100
AcDbLine
 10
16319.50458839112
 20
2859.530831295153
 30
0.0
 11
18319.50458839138
 21
4509.530831295124
 31
0.0
  0
LINE
  5
1E75B
330
1F
100
AcDbEntity
  8
S0CO3
100
AcDbLine
 10
23319.50458839099
 20
4984.530831295043
 30
0.0
 11
23319.50458839103
 21
1584.53083129508
 31
0.0
  0
TEXT
  5
1EBDA
330
1F
100
AcDbEntity
  8
S0TX2
 62
     2
100
AcDbText
 10
16748.93412090024
 20
9570.535093861858
 30
0.0
 40
200.0
  1
No 14 p
  7
18
100
AcDbText
  0
TEXT
  5
1EBDB
330
1F
100
AcDbEntity
  8
S0TX2
 62
     2
100
AcDbText
 10
16688.81719349104
 20
4120.938628749128
 30
0.0
 40
200.0
  1
No 14 sb
  7
18
100
AcDbText
  0
MTEXT
  5
1EC9C
102
{ACAD_XDICTIONARY
360
1F7C5
102
}
330
1F
100
AcDbEntity
  8
S0TX2
100
AcDbMText
 10
35230.6883290906
 20
22249.40931483263
 30
0.0
 40
270.0
 41
22075.60657030667
 46
0.0
 71
     1
 72
     5
  1
\pxql; 
  7
ROMANS
 73
     1
 44
1.0
101
Embedded Object
 70
     1
 10
1.0
 20
0.0
 30
0.0
 11
35230.6883290906
 21
22249.40931483263
 31
0.0
 40
22075.60657030667
 41
0.0
 42
270.0
 43
270.0
 71
     2
 72
     1
 44
22075.60657030667
 45
12.5
 73
     0
 74
     0
 46
0.0
  0
INSERT
  5
1F548
330
1F
100
AcDbEntity
  8
S0CO1
100
AcDbBlockReference
 66
     1
  2
TF-2
 10
57433.74382141629
 20
985.5911611211196
 30
0.0
 41
100.0
 42
100.0
 43
100.0
  0
ATTRIB
  5
1F54C
330
1F548
100
AcDbEntity
  8
0
 62
     4
440
 33554687
100
AcDbText
 10
41054.65207484481
 20
7230.539421387994
 30
0.0
 40
300.0
  1
FF GUNNERUS -LNVZ-
 41
1.5
  7
ROMANS
 72
     4
 11
45083.22350341624
 21
7380.539421387995
 31
0.0
100
AcDbAttribute
280
     0
  2
PROSJ
 70
     0
280
     0
  0
ATTRIB
  5
1F54F
330
1F548
100
AcDbEntity
  8
0
 62
     4
440
 33554687
100
AcDbText
 10
54264.08387024481
 20
7199.470161980944
 30
0.0
 40
220.0
  1
1/1
  7
ROMANS
 72
     4
 11
54573.13148929243
 21
7293.75587626666
 31
0.0
100
AcDbAttribute
280
     0
  2
SHEET
 70
     0
280
     0
  0
ATTRIB
  5
21A1A
330
1F548
100
AcDbEntity
  8
0
 62
     4
440
 33554687
100
AcDbText
 10
43348.29036247512
 20
6617.527084862469
 30
0.0
 40
300.0
  1
TANK PLAN
 41
1.5
  7
ROMANS
 72
     4
 11
45201.86179104655
 21
6767.527084862469
 31
0.0
100
AcDbAttribute
280
     0
  2
DRAWING
 70
     0
280
     0
  0
ATTRIB
  5
21A1B
330
1F548
100
AcDbEntity
  8
0
 62
     4
440
 33554687
100
AcDbText
 10
50887.20993923151
 20
7197.094063908444
 30
0.0
 40
220.0
  1
1:50
  7
ROMANS
 72
     4
 11
51269.59089161246
 21
7307.094063908444
 31
0.0
100
AcDbAttribute
280
     0
  2
SCALE
 70
     0
280
     0
  0
SEQEND
  5
1F55B
330
1F548
100
AcDbEntity
  8
S0CO1
390
F
  0
DIMENSION
  5
1F687
330
1F
100
AcDbEntity
  8
S0CO1
  6
ByBlock
100
AcDbDimension
280
     0
  2
*D19
 10
21069.50458839112
 20
12819.51343048695
 30
0.0
 11
21603.6521501
 21
12918.68933877849
 31
0.0
 70
   160
 71
     5
 42
250.0
 73
     0
 74
     0
 75
     0
  3
STANDARD
100
AcDbAlignedDimension
 13
21319.50458839112
 23
14328.32774981526
 33
0.0
 14
21069.50458839112
 24
13013.33224140515
 34
0.0
100
AcDbRotatedDimension
1001
ACAD
1000
DSTYLE
1002
{
1070
    49
1040
100.0
1070
    50
1040
1.570796326794896
1002
}
  0
DIMENSION
  5
1F688
330
1F
100
AcDbEntity
  8
S0CO1
  6
ByBlock
100
AcDbDimension
280
     0
  2
*D20
 10
16069.50458839112
 20
12819.51343048695
 30
0.0
 11
15545.19706358762
 21
12941.15382375137
 31
0.0
 70
   160
 71
     5
 42
250.0
 73
     0
 74
     0
 75
     0
  3
STANDARD
100
AcDbAlignedDimension
 13
15819.50458839112
 23
14428.32774981523
 33
0.0
 14
16069.50458839112
 24
12840.32295742663
 34
0.0
100
AcDbRotatedDimension
1001
ACAD
1000
DSTYLE
1002
{
1070
    49
1040
100.0
1070
    50
1040
1.570796326794896
1002
}
  0
TEXT
  5
213FB
330
1F
100
AcDbEntity
  8
S0TX2
 62
     2
100
AcDbText
 10
16730.56812006024
 20
7388.602809852208
 30
0.0
 40
200.0
  1
Fuel Oil tank
  7
18
100
AcDbText
  0
TEXT
  5
213FC
330
1F
100
AcDbEntity
  8
S0TX2
 62
     2
100
AcDbText
 10
16752.23580190922
 20
4754.853781028912
 30
0.0
 40
200.0
  1
New
  7
18
100
AcDbText
  0
TEXT
  5
213FD
330
1F
100
AcDbEntity
  8
S0TX2
 62
     2
100
AcDbText
 10
16730.56812006024
 20
5452.963685086972
 30
0.0
 40
200.0
  1
No 15sb 
  7
18
100
AcDbText
  0
TEXT
  5
213FE
330
1F
100
AcDbEntity
  8
S0TX2
 62
     2
100
AcDbText
 10
16730.56812006024
 20
5109.966082755258
 30
0.0
 40
200.0
  1
Fuel Oil tank
  7
18
100
AcDbText
  0
TEXT
  5
213FF
330
1F
100
AcDbEntity
  8
S0TX2
 62
     2
100
AcDbText
 10
16752.23580190922
 20
15127.09009629432
 30
0.0
 40
200.0
  1
New
  7
18
100
AcDbText
  0
TEXT
  5
21400
330
1F
100
AcDbEntity
  8
S0TX2
 62
     2
100
AcDbText
 10
16730.56812006024
 20
15482.20239802067
 30
0.0
 40
200.0
  1
Fuel Oil tank
  7
18
100
AcDbText
  0
TEXT
  5
21483
330
1F
100
AcDbEntity
  8
S0TX2
 62
     2
100
AcDbText
 10
24362.01172518139
 20
8897.94604349745
 30
0.0
 40
200.0
  1
Technical water
  7
18
 72
     1
 11
25542.96410613377
 21
8897.94604349745
 31
0.0
100
AcDbText
  0
TEXT
  5
21484
330
1F
100
AcDbEntity
  8
S0TX2
 62
     2
100
AcDbText
 10
24378.35382837395
 20
3429.573573392358
 30
0.0
 40
200.0
  1
Technical water
  7
18
 72
     1
 11
25559.30620932633
 21
3429.573573392358
 31
0.0
100
AcDbText
  0
MTEXT
  5
21485
330
1F
100
AcDbEntity
  8
S0TX2
 62
     2
100
AcDbMText
 10
32052.0866852492
 20
7036.75039734503
 30
0.0
 40
200.0
 41
1094.65210499661
 46
0.0
 71
     2
 72
     5
  1
Technical water
  7
18
 73
     1
 44
1.0
  0
TEXT
  5
21486
330
1F
100
AcDbEntity
  8
S0TX2
 62
     2
100
AcDbText
 10
3637.682852525614
 20
1823.988815213037
 30
0.0
 40
200.0
  1
Technical water
  7
18
 72
     1
 11
4818.635233477994
 21
1823.988815213037
 31
0.0
100
AcDbText
  0
TEXT
  5
21487
330
1F
100
AcDbEntity
  8
S0TX2
 62
     2
100
AcDbText
 10
3515.443199886359
 20
10508.01499842948
 30
0.0
 40
200.0
  1
Technical water
  7
18
 72
     1
 11
4696.39558083874
 21
10508.01499842948
 31
0.0
100
AcDbText
  0
MTEXT
  5
21489
330
1F
100
AcDbEntity
  8
S0TX2
 62
     2
100
AcDbMText
 10
32061.5155331298
 20
16361.86228895773
 30
0.0
 40
200.0
 41
1094.65210499661
 46
0.0
 71
     2
 72
     5
  1
TECHNICAL WATER
  7
18
 73
     1
 44
1.0
  0
LWPOLYLINE
  5
21544
330
1F
100
AcDbEntity
  8
% rev.A1
100
AcDbPolyline
 90
       29
 70
     1
 43
0.0
 10
24240.99738450284
 20
8728.909146930295
 42
0.52056705
 10
24490.99738450284
 20
8728.909146930295
 42
0.52056705
 10
24740.99738450284
 20
8728.909146930295
 42
0.52056705
 10
24990.99738450285
 20
8728.909146930295
 42
0.52056705
 10
25240.99738450285
 20
8728.909146930295
 42
0.52056705
 10
25490.99738450284
 20
8728.909146930295
 42
0.52056705
 10
25740.99738450284
 20
8728.909146930295
 42
0.52056705
 10
25990.99738450284
 20
8728.909146930295
 42
0.52056705
 10
26240.99738450285
 20
8728.909146930295
 42
0.52056705
 10
26490.99738450285
 20
8728.909146930295
 42
0.52056705
 10
26740.99738450284
 20
8728.909146930295
 42
0.52056705
 10
26910.53673242478
 20
8809.36979900836
 42
0.52056705
 10
26910.53673242478
 20
9059.36979900836
 42
0.52056705
 10
26910.53673242478
 20
9309.36979900836
 42
0.52056705
 10
26910.53673242478
 20
9559.36979900836
 42
0.52056705
 10
26796.01440152465
 20
9694.84746810823
 42
0.52056705
 10
26546.01440152465
 20
9694.84746810823
 42
0.52056705
 10
26296.01440152465
 20
9694.84746810823
 42
0.52056705
 10
26046.01440152465
 20
9694.84746810823
 42
0.52056705
 10
25796.01440152465
 20
9694.84746810823
 42
0.52056705
 10
25546.01440152465
 20
9694.84746810823
 42
0.52056705
 10
25296.01440152465
 20
9694.84746810823
 42
0.52056705
 10
25046.01440152465
 20
9694.84746810823
 42
0.52056705
 10
24796.01440152465
 20
9694.84746810823
 42
0.52056705
 10
24546.01440152465
 20
9694.84746810823
 42
0.52056705
 10
24296.01440152465
 20
9694.84746810823
 42
0.52056705
 10
24240.99738450284
 20
9499.864485130034
 42
0.52056705
 10
24240.99738450284
 20
9249.864485130034
 42
0.52056705
 10
24240.99738450284
 20
8999.864485130034
 42
0.52056705
  0
LWPOLYLINE
  5
21545
330
1F
100
AcDbEntity
  8
% rev.A1
100
AcDbPolyline
 90
       29
 70
     1
 43
0.0
 10
24240.99738450284
 20
3256.476086135445
 42
0.52056705
 10
24490.99738450284
 20
3256.476086135445
 42
0.52056705
 10
24740.99738450284
 20
3256.476086135445
 42
0.52056705
 10
24990.99738450285
 20
3256.476086135445
 42
0.52056705
 10
25240.99738450285
 20
3256.476086135445
 42
0.52056705
 10
25490.99738450284
 20
3256.476086135445
 42
0.52056705
 10
25740.99738450284
 20
3256.476086135445
 42
0.52056705
 10
25990.99738450284
 20
3256.476086135445
 42
0.52056705
 10
26240.99738450285
 20
3256.476086135445
 42
0.52056705
 10
26490.99738450285
 20
3256.476086135445
 42
0.52056705
 10
26740.99738450284
 20
3256.476086135445
 42
0.52056705
 10
26910.53673242478
 20
3336.93673821351
 42
0.52056705
 10
26910.53673242478
 20
3586.93673821351
 42
0.52056705
 10
26910.53673242478
 20
3836.936738213509
 42
0.52056705
 10
26910.53673242478
 20
4086.936738213509
 42
0.52056705
 10
26796.01440152465
 20
4222.414407313379
 42
0.52056705
 10
26546.01440152465
 20
4222.414407313379
 42
0.52056705
 10
26296.01440152465
 20
4222.414407313379
 42
0.52056705
 10
26046.01440152465
 20
4222.414407313379
 42
0.52056705
 10
25796.01440152465
 20
4222.414407313379
 42
0.52056705
 10
25546.01440152465
 20
4222.414407313379
 42
0.52056705
 10
25296.01440152465
 20
4222.414407313379
 42
0.52056705
 10
25046.01440152465
 20
4222.414407313379
 42
0.52056705
 10
24796.01440152465
 20
4222.414407313379
 42
0.52056705
 10
24546.01440152465
 20
4222.414407313379
 42
0.52056705
 10
24296.01440152465
 20
4222.414407313379
 42
0.52056705
 10
24240.99738450284
 20
4027.431424335183
 42
0.52056705
 10
24240.99738450284
 20
3777.431424335184
 42
0.52056705
 10
24240.99738450284
 20
3527.431424335184
 42
0.52056705
  0
LWPOLYLINE
  5
21546
330
1F
100
AcDbEntity
  8
% rev.A1
100
AcDbPolyline
 90
       29
 70
     1
 43
0.0
 10
30765.65485308753
 20
6257.581287129287
 42
0.52056705
 10
31015.65485308753
 20
6257.581287129287
 42
0.52056705
 10
31265.65485308753
 20
6257.581287129287
 42
0.52056705
 10
31515.65485308753
 20
6257.581287129287
 42
0.52056705
 10
31765.65485308753
 20
6257.581287129287
 42
0.52056705
 10
32015.65485308753
 20
6257.581287129287
 42
0.52056705
 10
32265.65485308753
 20
6257.581287129287
 42
0.52056705
 10
32515.65485308753
 20
6257.581287129287
 42
0.52056705
 10
32765.65485308753
 20
6257.581287129287
 42
0.52056705
 10
33015.65485308753
 20
6257.581287129287
 42
0.52056705
 10
33265.65485308753
 20
6257.581287129287
 42
0.52056705
 10
33435.19420100947
 20
6338.041939207353
 42
0.52056705
 10
33435.19420100947
 20
6588.041939207354
 42
0.52056705
 10
33435.19420100947
 20
6838.041939207354
 42
0.52056705
 10
33435.19420100947
 20
7088.041939207354
 42
0.52056705
 10
33320.67187010934
 20
7223.519608307222
 42
0.52056705
 10
33070.67187010933
 20
7223.519608307222
 42
0.52056705
 10
32820.67187010933
 20
7223.519608307222
 42
0.52056705
 10
32570.67187010934
 20
7223.519608307222
 42
0.52056705
 10
32320.67187010934
 20
7223.519608307222
 42
0.52056705
 10
32070.67187010934
 20
7223.519608307222
 42
0.52056705
 10
31820.67187010933
 20
7223.519608307222
 42
0.52056705
 10
31570.67187010933
 20
7223.519608307222
 42
0.52056705
 10
31320.67187010934
 20
7223.519608307222
 42
0.52056705
 10
31070.67187010934
 20
7223.519608307222
 42
0.52056705
 10
30820.67187010934
 20
7223.519608307222
 42
0.52056705
 10
30765.65485308753
 20
7028.536625329026
 42
0.52056705
 10
30765.65485308753
 20
6778.536625329026
 42
0.52056705
 10
30765.65485308753
 20
6528.536625329026
 42
0.52056705
  0
LWPOLYLINE
  5
21547
330
1F
100
AcDbEntity
  8
% rev.A1
100
AcDbPolyline
 90
       29
 70
     1
 43
0.0
 10
3503.370045242249
 20
1638.18223637261
 42
0.52056705
 10
3753.370045242249
 20
1638.18223637261
 42
0.52056705
 10
4003.370045242249
 20
1638.18223637261
 42
0.52056705
 10
4253.370045242249
 20
1638.18223637261
 42
0.52056705
 10
4503.370045242249
 20
1638.18223637261
 42
0.52056705
 10
4753.370045242249
 20
1638.18223637261
 42
0.52056705
 10
5003.370045242249
 20
1638.18223637261
 42
0.52056705
 10
5253.370045242249
 20
1638.18223637261
 42
0.52056705
 10
5503.370045242249
 20
1638.18223637261
 42
0.52056705
 10
5753.370045242249
 20
1638.18223637261
 42
0.52056705
 10
6003.370045242249
 20
1638.18223637261
 42
0.52056705
 10
6172.909393164184
 20
1718.642888450675
 42
0.52056705
 10
6172.909393164184
 20
1968.642888450675
 42
0.52056705
 10
6172.909393164184
 20
2218.642888450675
 42
0.52056705
 10
6172.909393164184
 20
2468.642888450675
 42
0.52056705
 10
6058.387062264053
 20
2604.120557550545
 42
0.52056705
 10
5808.387062264053
 20
2604.120557550545
 42
0.52056705
 10
5558.387062264053
 20
2604.120557550545
 42
0.52056705
 10
5308.387062264053
 20
2604.120557550545
 42
0.52056705
 10
5058.387062264053
 20
2604.120557550545
 42
0.52056705
 10
4808.387062264053
 20
2604.120557550545
 42
0.52056705
 10
4558.387062264053
 20
2604.120557550545
 42
0.52056705
 10
4308.387062264053
 20
2604.120557550545
 42
0.52056705
 10
4058.387062264053
 20
2604.120557550545
 42
0.52056705
 10
3808.387062264053
 20
2604.120557550545
 42
0.52056705
 10
3558.387062264053
 20
2604.120557550545
 42
0.52056705
 10
3503.370045242249
 20
2409.137574572349
 42
0.52056705
 10
3503.370045242249
 20
2159.137574572349
 42
0.52056705
 10
3503.370045242249
 20
1909.137574572349
 42
0.52056705
  0
LWPOLYLINE
  5
21548
330
1F
100
AcDbEntity
  8
% rev.A1
100
AcDbPolyline
 90
       29
 70
     1
 43
0.0
 10
3378.778425280617
 20
10243.37826760305
 42
0.52056705
 10
3628.778425280617
 20
10243.37826760305
 42
0.52056705
 10
3878.778425280616
 20
10243.37826760305
 42
0.52056705
 10
4128.778425280616
 20
10243.37826760305
 42
0.52056705
 10
4378.778425280616
 20
10243.37826760305
 42
0.52056705
 10
4628.778425280616
 20
10243.37826760305
 42
0.52056705
 10
4878.778425280616
 20
10243.37826760305
 42
0.52056705
 10
5128.778425280616
 20
10243.37826760305
 42
0.52056705
 10
5378.778425280616
 20
10243.37826760305
 42
0.52056705
 10
5628.778425280616
 20
10243.37826760305
 42
0.52056705
 10
5878.778425280616
 20
10243.37826760305
 42
0.52056705
 10
6048.317773202551
 20
10323.83891968112
 42
0.52056705
 10
6048.317773202551
 20
10573.83891968112
 42
0.52056705
 10
6048.317773202551
 20
10823.83891968112
 42
0.52056705
 10
6048.317773202551
 20
11073.83891968112
 42
0.52056705
 10
5933.79544230242
 20
11209.31658878099
 42
0.52056705
 10
5683.79544230242
 20
11209.31658878099
 42
0.52056705
 10
5433.79544230242
 20
11209.31658878099
 42
0.52056705
 10
5183.79544230242
 20
11209.31658878099
 42
0.52056705
 10
4933.79544230242
 20
11209.31658878099
 42
0.52056705
 10
4683.79544230242
 20
11209.31658878099
 42
0.52056705
 10
4433.79544230242
 20
11209.31658878099
 42
0.52056705
 10
4183.79544230242
 20
11209.31658878099
 42
0.52056705
 10
3933.79544230242
 20
11209.31658878099
 42
0.52056705
 10
3683.79544230242
 20
11209.31658878099
 42
0.52056705
 10
3433.79544230242
 20
11209.31658878099
 42
0.52056705
 10
3378.778425280617
 20
11014.33360580279
 42
0.52056705
 10
3378.778425280617
 20
10764.33360580279
 42
0.52056705
 10
3378.778425280617
 20
10514.33360580279
 42
0.52056705
  0
LWPOLYLINE
  5
21549
330
1F
100
AcDbEntity
  8
% rev.A1
100
AcDbPolyline
 90
       29
 70
     1
 43
0.0
 10
30819.17995956019
 20
15582.76071874292
 42
0.52056705
 10
31069.17995956019
 20
15582.76071874292
 42
0.52056705
 10
31319.17995956019
 20
15582.76071874292
 42
0.52056705
 10
31569.17995956019
 20
15582.76071874292
 42
0.52056705
 10
31819.17995956019
 20
15582.76071874292
 42
0.52056705
 10
32069.17995956019
 20
15582.76071874292
 42
0.52056705
 10
32319.17995956019
 20
15582.76071874292
 42
0.52056705
 10
32569.17995956019
 20
15582.76071874292
 42
0.52056705
 10
32819.17995956019
 20
15582.76071874292
 42
0.52056705
 10
33069.17995956019
 20
15582.76071874292
 42
0.52056705
 10
33319.17995956019
 20
15582.76071874292
 42
0.52056705
 10
33488.71930748213
 20
15663.22137082099
 42
0.52056705
 10
33488.71930748213
 20
15913.22137082099
 42
0.52056705
 10
33488.71930748213
 20
16163.22137082099
 42
0.52056705
 10
33488.71930748213
 20
16413.22137082099
 42
0.52056705
 10
33374.196976582
 20
16548.69903992086
 42
0.52056705
 10
33124.196976582
 20
16548.69903992086
 42
0.52056705
 10
32874.19697658199
 20
16548.69903992086
 42
0.52056705
 10
32624.196976582
 20
16548.69903992086
 42
0.52056705
 10
32374.196976582
 20
16548.69903992086
 42
0.52056705
 10
32124.196976582
 20
16548.69903992086
 42
0.52056705
 10
31874.196976582
 20
16548.69903992086
 42
0.52056705
 10
31624.19697658199
 20
16548.69903992086
 42
0.52056705
 10
31374.196976582
 20
16548.69903992086
 42
0.52056705
 10
31124.196976582
 20
16548.69903992086
 42
0.52056705
 10
30874.196976582
 20
16548.69903992086
 42
0.52056705
 10
30819.17995956019
 20
16353.71605694266
 42
0.52056705
 10
30819.17995956019
 20
16103.71605694266
 42
0.52056705
 10
30819.17995956019
 20
15853.71605694266
 42
0.52056705
  0
INSERT
  5
2154A
330
1F
100
AcDbEntity
  8
% rev.A1
100
AcDbBlockReference
 66
     1
  2
$REV
 10
25417.62285860639
 20
2671.811194763446
 30
0.0
 41
50.0
 42
50.0
 43
50.0
  0
ATTRIB
  5
2154B
330
2154A
100
AcDbEntity
  8
0
100
AcDbText
 10
25578.33714432068
 20
2753.648762060854
 30
0.0
 40
125.0
  1
A1
  7
ROMANS
 72
     4
 11
25667.6228586064
 21
2816.148762060853
 31
0.0
100
AcDbAttribute
280
     0
  2
REV
 70
     0
280
     0
  0
SEQEND
  5
2154C
330
2154A
100
AcDbEntity
  8
% rev.A1
  0
INSERT
  5
2159F
330
1F
100
AcDbEntity
  8
% rev.A1
100
AcDbBlockReference
 66
     1
  2
$REV
 10
25038.242690018
 20
8165.190403969813
 30
0.0
 41
50.0
 42
50.0
 43
50.0
  0
ATTRIB
  5
215A0
330
2159F
100
AcDbEntity
  8
0
100
AcDbText
 10
25198.95697573228
 20
8247.02797126722
 30
0.0
 40
125.0
  1
A1
  7
ROMANS
 72
     4
 11
25288.242690018
 21
8309.52797126722
 31
0.0
100
AcDbAttribute
280
     0
  2
REV
 70
     0
280
     0
  0
SEQEND
  5
215A1
330
2159F
100
AcDbEntity
  8
% rev.A1
  0
INSERT
  5
215A2
330
1F
100
AcDbEntity
  8
% rev.A1
100
AcDbBlockReference
 66
     1
  2
$REV
 10
31422.0385619399
 20
5708.304634474247
 30
0.0
 41
50.0
 42
50.0
 43
50.0
  0
ATTRIB
  5
215A3
330
215A2
100
AcDbEntity
  8
0
100
AcDbText
 10
31582.75284765419
 20
5790.142201771654
 30
0.0
 40
125.0
  1
A1
  7
ROMANS
 72
     4
 11
31672.03856193991
 21
5852.642201771654
 31
0.0
100
AcDbAttribute
280
     0
  2
REV
 70
     0
280
     0
  0
SEQEND
  5
215A4
330
215A2
100
AcDbEntity
  8
% rev.A1
  0
INSERT
  5
215A5
330
1F
100
AcDbEntity
  8
% rev.A1
100
AcDbBlockReference
 66
     1
  2
$REV
 10
5310.452912074979
 20
1059.791298975091
 30
0.0
 41
50.0
 42
50.0
 43
50.0
  0
ATTRIB
  5
215A6
330
215A5
100
AcDbEntity
  8
0
100
AcDbText
 10
5471.167197789265
 20
1141.628866272498
 30
0.0
 40
125.0
  1
A1
  7
ROMANS
 72
     4
 11
5560.452912074979
 21
1204.128866272498
 31
0.0
100
AcDbAttribute
280
     0
  2
REV
 70
     0
280
     0
  0
SEQEND
  5
215A7
330
215A5
100
AcDbEntity
  8
% rev.A1
  0
INSERT
  5
215A8
330
1F
100
AcDbEntity
  8
% rev.A1
100
AcDbBlockReference
 66
     1
  2
$REV
 10
5182.285100342677
 20
11373.22036473735
 30
0.0
 41
50.0
 42
50.0
 43
50.0
  0
ATTRIB
  5
215A9
330
215A8
100
AcDbEntity
  8
0
100
AcDbText
 10
5342.999386056963
 20
11455.05793203476
 30
0.0
 40
125.0
  1
A1
  7
ROMANS
 72
     4
 11
5432.285100342677
 21
11517.55793203476
 31
0.0
100
AcDbAttribute
280
     0
  2
REV
 70
     0
280
     0
  0
SEQEND
  5
215AA
330
215A8
100
AcDbEntity
  8
% rev.A1
  0
INSERT
  5
215AB
330
1F
100
AcDbEntity
  8
% rev.A1
100
AcDbBlockReference
 66
     1
  2
$REV
 10
30314.3934572897
 20
15390.56081821052
 30
0.0
 41
50.0
 42
50.0
 43
50.0
  0
ATTRIB
  5
215AC
330
215AB
100
AcDbEntity
  8
0
100
AcDbText
 10
30475.10774300398
 20
15472.39838550793
 30
0.0
 40
125.0
  1
A1
  7
ROMANS
 72
     4
 11
30564.3934572897
 21
15534.89838550793
 31
0.0
100
AcDbAttribute
280
     0
  2
REV
 70
     0
280
     0
  0
SEQEND
  5
215AD
330
215AB
100
AcDbEntity
  8
% rev.A1
  0
INSERT
  5
215E0
330
1F
100
AcDbEntity
  8
% rev.A2
100
AcDbBlockReference
 66
     1
  2
$REV
 10
21316.91031829143
 20
10199.90147837963
 30
0.0
 41
50.0
 42
50.0
 43
50.0
  0
ATTRIB
  5
215E1
330
215E0
100
AcDbEntity
  8
0
100
AcDbText
 10
21459.76746114858
 20
10281.73904567704
 30
0.0
 40
125.0
  1
A2
  7
ROMANS
 72
     4
 11
21566.91031829143
 21
10344.23904567704
 31
0.0
100
AcDbAttribute
280
     0
  2
REV
 70
     0
280
     0
  0
SEQEND
  5
215E2
330
215E0
100
AcDbEntity
  8
% rev.A2
  0
LWPOLYLINE
  5
215E4
330
1F
100
AcDbEntity
  8
% rev.A2
100
AcDbPolyline
 90
       11
 70
     1
 43
0.0
 10
20827.91062143765
 20
10206.3923607991
 42
0.52056705
 10
20977.91062143765
 20
10206.3923607991
 42
0.52056705
 10
21127.91062143765
 20
10206.3923607991
 42
0.52056705
 10
21232.41909528623
 20
10251.88388695053
 42
0.52056705
 10
21232.41909528623
 20
10401.88388695052
 42
0.52056705
 10
21232.41909528623
 20
10551.88388695053
 42
0.52056705
 10
21172.72696772343
 20
10642.19175938773
 42
0.52056705
 10
21022.72696772343
 20
10642.19175938773
 42
0.52056705
 10
20872.72696772343
 20
10642.19175938773
 42
0.52056705
 10
20827.91062143765
 20
10537.0081056735
 42
0.52056705
 10
20827.91062143765
 20
10387.0081056735
 42
0.52056705
  0
TEXT
  5
215E6
330
1F
100
AcDbEntity
  8
S0TX2
 62
     2
100
AcDbText
 10
20350.39248554491
 20
2514.357239546771
 30
0.0
 40
200.0
  1
Void
  7
18
100
AcDbText
  0
INSERT
  5
215E7
330
1F
100
AcDbEntity
  8
% rev.A2
100
AcDbBlockReference
 66
     1
  2
$REV
 10
21316.91031829143
 20
2388.405370483046
 30
0.0
 41
50.0
 42
50.0
 43
50.0
  0
ATTRIB
  5
215E8
330
215E7
100
AcDbEntity
  8
0
100
AcDbText
 10
21459.76746114858
 20
2470.242937780453
 30
0.0
 40
125.0
  1
A2
  7
ROMANS
 72
     4
 11
21566.91031829143
 21
2532.742937780453
 31
0.0
100
AcDbAttribute
280
     0
  2
REV
 70
     0
280
     0
  0
SEQEND
  5
215E9
330
215E7
100
AcDbEntity
  8
% rev.A2
  0
LWPOLYLINE
  5
215EB
330
1F
100
AcDbEntity
  8
% rev.A2
100
AcDbPolyline
 90
       34
 70
     1
 43
0.0
 10
19675.01597180136
 20
2014.34924466355
 42
0.52056705
 10
19825.01597180136
 20
2014.34924466355
 42
0.52056705
 10
19975.01597180136
 20
2014.34924466355
 42
0.52056705
 10
20125.01597180136
 20
2014.34924466355
 42
0.52056705
 10
20275.01597180136
 20
2014.34924466355
 42
0.52056705
 10
20425.01597180136
 20
2014.34924466355
 42
0.52056705
 10
20575.01597180136
 20
2014.34924466355
 42
0.52056705
 10
20725.01597180136
 20
2014.34924466355
 42
0.52056705
 10
20875.01597180136
 20
2014.34924466355
 42
0.52056705
 10
21025.01597180136
 20
2014.34924466355
 42
0.52056705
 10
21175.01597180136
 20
2014.34924466355
 42
0.52056705
 10
21267.32063798578
 20
2072.044578479137
 42
0.52056705
 10
21267.32063798578
 20
2222.044578479137
 42
0.52056705
 10
21267.32063798578
 20
2372.044578479137
 42
0.52056705
 10
21267.32063798578
 20
2522.044578479138
 42
0.52056705
 10
21267.32063798578
 20
2672.044578479138
 42
0.52056705
 10
21267.32063798578
 20
2822.044578479138
 42
0.52056705
 10
21249.90604949204
 20
2954.629989985406
 42
0.52056705
 10
21099.90604949204
 20
2954.629989985406
 42
0.52056705
 10
20949.90604949204
 20
2954.629989985406
 42
0.52056705
 10
20799.90604949204
 20
2954.629989985406
 42
0.52056705
 10
20649.90604949204
 20
2954.629989985406
 42
0.52056705
 10
20499.90604949204
 20
2954.629989985406
 42
0.52056705
 10
20349.90604949204
 20
2954.629989985406
 42
0.52056705
 10
20199.90604949204
 20
2954.629989985406
 42
0.52056705
 10
20049.90604949204
 20
2954.629989985406
 42
0.52056705
 10
19899.90604949204
 20
2954.629989985406
 42
0.52056705
 10
19749.90604949204
 20
2954.629989985406
 42
0.52056705
 10
19675.01597180136
 20
2879.520067676087
 42
0.52056705
 10
19675.01597180136
 20
2729.520067676087
 42
0.52056705
 10
19675.01597180136
 20
2579.520067676087
 42
0.52056705
 10
19675.01597180136
 20
2429.520067676087
 42
0.52056705
 10
19675.01597180136
 20
2279.520067676087
 42
0.52056705
 10
19675.01597180136
 20
2129.520067676087
 42
0.52056705
  0
LWPOLYLINE
  5
215ED
330
1F
100
AcDbEntity
  8
% rev.A2
100
AcDbPolyline
 90
       14
 70
     1
 43
0.0
 10
17353.53761833493
 20
5376.164380247006
 42
0.52056705
 10
17503.53761833493
 20
5376.164380247006
 42
0.52056705
 10
17653.53761833493
 20
5376.164380247006
 42
0.52056705
 10
17803.53761833493
 20
5376.164380247006
 42
0.52056705
 10
17953.53761833493
 20
5376.164380247006
 42
0.52056705
 10
18060.04710375628
 20
5419.654894825653
 42
0.52056705
 10
18060.04710375628
 20
5569.654894825653
 42
0.52056705
 10
18060.04710375628
 20
5719.654894825653
 42
0.52056705
 10
17933.01444304446
 20
5742.622234113834
 42
0.52056705
 10
17783.01444304446
 20
5742.622234113834
 42
0.52056705
 10
17633.01444304446
 20
5742.622234113834
 42
0.52056705
 10
17483.01444304446
 20
5742.622234113834
 42
0.52056705
 10
17353.53761833493
 20
5722.099058823369
 42
0.52056705
 10
17353.53761833493
 20
5572.099058823368
 42
0.52056705
  0
INSERT
  5
215EE
330
1F
100
AcDbEntity
  8
% rev.A2
100
AcDbBlockReference
 66
     1
  2
$REV
 10
18116.98913083549
 20
5604.809980657084
 30
0.0
 41
50.0
 42
50.0
 43
50.0
  0
ATTRIB
  5
215EF
330
215EE
100
AcDbEntity
  8
0
100
AcDbText
 10
18259.84627369263
 20
5686.647547954492
 30
0.0
 40
125.0
  1
A2
  7
ROMANS
 72
     4
 11
18366.98913083549
 21
5749.147547954492
 31
0.0
100
AcDbAttribute
280
     0
  2
REV
 70
     0
280
     0
  0
SEQEND
  5
215F0
330
215EE
100
AcDbEntity
  8
% rev.A2
  0
LWPOLYLINE
  5
2168A
330
1F
100
AcDbEntity
  8
% rev.A2
100
AcDbPolyline
 90
       23
 70
     1
 43
0.0
 10
54186.91272848707
 20
11467.41769284078
 42
0.52056705
 10
54336.91272848707
 20
11467.41769284078
 42
0.52056705
 10
54486.91272848708
 20
11467.41769284078
 42
0.52056705
 10
54636.91272848707
 20
11467.41769284078
 42
0.52056705
 10
54786.91272848707
 20
11467.41769284078
 42
0.52056705
 10
54936.91272848708
 20
11467.41769284078
 42
0.52056705
 10
55086.91272848707
 20
11467.41769284078
 42
0.52056705
 10
55236.91272848708
 20
11467.41769284078
 42
0.52056705
 10
55288.17042075609
 20
11566.16000057176
 42
0.52056705
 10
55288.17042075609
 20
11716.16000057176
 42
0.52056705
 10
55288.17042075609
 20
11866.16000057176
 42
0.52056705
 10
55288.17042075609
 20
12016.16000057176
 42
0.52056705
 10
55233.52806044155
 20
12111.51764025722
 42
0.52056705
 10
55083.52806044156
 20
12111.51764025722
 42
0.52056705
 10
54933.52806044156
 20
12111.51764025722
 42
0.52056705
 10
54783.52806044155
 20
12111.51764025722
 42
0.52056705
 10
54633.52806044156
 20
12111.51764025722
 42
0.52056705
 10
54483.52806044156
 20
12111.51764025722
 42
0.52056705
 10
54333.52806044156
 20
12111.51764025722
 42
0.52056705
 10
54186.91272848707
 20
12108.13297221171
 42
0.52056705
 10
54186.91272848707
 20
11958.13297221171
 42
0.52056705
 10
54186.91272848707
 20
11808.13297221171
 42
0.52056705
 10
54186.91272848707
 20
11658.1329722117
 42
0.52056705
  0
INSERT
  5
2168B
330
1F
100
AcDbEntity
  8
% rev.A2
100
AcDbBlockReference
 66
     1
  2
$REV
 10
53381.87425594655
 20
11797.89959706106
 30
0.0
 41
50.0
 42
50.0
 43
50.0
  0
ATTRIB
  5
2168C
330
2168B
100
AcDbEntity
  8
0
100
AcDbText
 10
53524.7313988037
 20
11879.73716435846
 30
0.0
 40
125.0
  1
A2
  7
ROMANS
 72
     4
 11
53631.87425594655
 21
11942.23716435846
 31
0.0
100
AcDbAttribute
280
     0
  2
REV
 70
     0
280
     0
  0
SEQEND
  5
2168D
330
2168B
100
AcDbEntity
  8
% rev.A2
  0
TEXT
  5
21702
330
1F
100
AcDbEntity
  8
S0TX2
 62
     2
100
AcDbText
 10
20350.39248554491
 20
10154.35723954677
 30
0.0
 40
200.0
  1
Void
  7
18
100
AcDbText
  0
MTEXT
  5
21A2B
330
1F
100
AcDbEntity
  8
0
 62
     1
440
 33554687
100
AcDbMText
 10
41500.0
 20
5829.918782508803
 30
0.0
 40
250.0
 41
14020.59546890692
 46
598.663492946815
 71
     1
 72
     1
  1
{\Fromans|c129;O}pen use for research/teaching and other non-commercial activities\P{\Fromans|c129;Commercial use is not permitted without approval} ({\Fromans|c129;CC BY-}NC{\Fromans|c129; 4.0})
  7
ROMANS
 73
     1
 44
1.0
  0
LWPOLYLINE
  5
21A45
330
1F
100
AcDbEntity
  8
S0CO1
100
AcDbPolyline
 90
        4
 70
     1
 43
0.0
 10
48786.13704064745
 20
8673.197941889958
 10
40153.74382141629
 20
8673.197941889958
 10
40153.74382141629
 20
8113.197941889957
 10
48786.13704064745
 20
8113.197941889957
  0
TEXT
  5
21A46
330
1F
100
AcDbEntity
  8
S0TX2
100
AcDbText
 10
42553.51185960329
 20
8338.197941889957
 30
0.0
 40
150.0
  1
BASED ON DWG. 166151A3 Rev1
  7
Romans500
 72
     1
 11
44449.94043103187
 21
8413.197941889958
 31
0.0
100
AcDbText
 73
     2
  0
LWPOLYLINE
  5
21A47
330
1F
100
AcDbEntity
  8
S0CO1
440
 33554687
100
AcDbPolyline
 90
        4
 70
     1
 43
0.0
 10
56913.74382141555
 20
8673.197941889958
 10
48786.13704064745
 20
8673.197941889958
 10
48786.13704064745
 20
8113.197941889957
 10
56913.74382141555
 20
8113.197941889957
  0
TEXT
  5
21A48
330
1F
100
AcDbEntity
  8
S0TX2
440
 33554687
100
AcDbText
 10
51723.32536951248
 20
8324.480076686944
 30
0.0
 40
150.0
  1
DATE: 19/08/2026
  7
Romans500
 72
     1
 11
52830.46822665534
 21
8399.480076686945
 31
0.0
100
AcDbText
 73
     2
  0
MTEXT
  5
21ABD
330
1F
100
AcDbEntity
  8
0
 62
     1
440
 33554687
100
AcDbMText
 10
50800.0
 20
3248.663492946815
 30
0.0
 40
250.0
 41
5995.643165370623
 46
598.663492946815
 71
     1
 72
     1
  1
{\Fromans|c129;This drawing is a derivative work based on the R/V Gunnerus Tank Plan drawing (dwg. 166151A3), courtesy of Polarkonsult, published by NTNU}
  7
ROMANS
 73
     1
 44
1.0
  0
INSERT
  5
21D64
330
1F
100
AcDbEntity
  8
S0CO3
100
AcDbBlockReference
  2
A$C146860D7
 10
55399.69495560458
 20
9490.0
 30
0.0
 41
0.9
 42
0.9
 43
0.9
  0
OLE2FRAME
  5
21D65
330
1F
100
AcDbEntity
  8
S0CO3
100
AcDbOle2Frame
 70
     2
  1
OLE
1001
ACAD
1000
OLEBEGIN
1070
    70
1070
     1
1070
    71
1070
     1
1070
    40
1040
0.0
1070
    41
1040
21692.9221856503
1070
    42
1040
16019.57304343438
1070
    72
1070
     0
1070
     3
1000

1070
    90
1071
        0
1070
    43
1040
0.0
1070
     4
1000

1070
    91
1071
        0
1070
    44
1040
0.0
1000
OLEEND
  0
ENDSEC
  0
SECTION
  2
OBJECTS
  0
DICTIONARY
  5
C
330
0
100
AcDbDictionary
281
     1
  3
ACAD_CIP_PREVIOUS_PRODUCT_INFO
350
1AB71
  3
ACAD_COLOR
350
D77A
  3
ACAD_DETAILVIEWSTYLE
350
1AB6B
  3
ACAD_GROUP
350
D
  3
ACAD_LAST_SAVED_VERSION_INFO
350
21752
  3
ACAD_LAYOUT
350
1A
  3
ACAD_MATERIAL
350
D779
  3
ACAD_MLEADERSTYLE
350
1AB67
  3
ACAD_MLINESTYLE
350
17
  3
ACAD_PLOTSETTINGS
350
19
  3
ACAD_PLOTSTYLENAME
350
E
  3
ACAD_RENDER_ACTIVE_RAPIDRT_SETTINGS
350
2176B
  3
ACAD_RENDER_RAPIDRT_SETTINGS
350
21764
  3
ACAD_SCALELIST
350
1AB55
  3
ACAD_SECTIONVIEWSTYLE
350
1AB69
  3
ACAD_TABLESTYLE
350
D77B
  3
ACAD_VISUALSTYLE
350
1AB3C
  3
ACDB_RECOMPOSE_DATA
350
21DB3
  3
AcDbVariableDictionary
350
D770
  3
AEC_PROPERTY_SET_DEFS
350
21481
  0
DICTIONARY
  5
2B
330
2
100
AcDbDictionary
280
     1
281
     1
  3
ACAD_LAYERSTATES
360
8AE2
  0
DICTIONARY
  5
1AB9F
330
10
100
AcDbDictionary
280
     1
281
     1
  3
ADSK_XREC_LAYER_RECONCILED
360
1ABA0
  0
DICTIONARY
  5
1ABA1
330
8A85
100
AcDbDictionary
280
     1
281
     1
  3
ADSK_XREC_LAYER_RECONCILED
360
1ABA2
  0
DICTIONARY
  5
1ABA3
330
8A86
100
AcDbDictionary
280
     1
281
     1
  3
ADSK_XREC_LAYER_RECONCILED
360
1ABA4
  0
DICTIONARY
  5
1ABA5
330
8A87
100
AcDbDictionary
280
     1
281
     1
  3
ADSK_XREC_LAYER_RECONCILED
360
1ABA6
  0
DICTIONARY
  5
1ABA7
330
8A88
100
AcDbDictionary
280
     1
281
     1
  3
ADSK_XREC_LAYER_RECONCILED
360
1ABA8
  0
DICTIONARY
  5
1ABA9
330
8A89
100
AcDbDictionary
280
     1
281
     1
  3
ADSK_XREC_LAYER_RECONCILED
360
1ABAA
  0
DICTIONARY
  5
1ABAB
330
8A8A
100
AcDbDictionary
280
     1
281
     1
  3
ADSK_XREC_LAYER_RECONCILED
360
1ABAC
  0
DICTIONARY
  5
1ABAD
330
8A8C
100
AcDbDictionary
280
     1
281
     1
  3
ADSK_XREC_LAYER_RECONCILED
360
1ABAE
  0
DICTIONARY
  5
1ABAF
330
8A8E
100
AcDbDictionary
280
     1
281
     1
  3
ADSK_XREC_LAYER_RECONCILED
360
1ABB0
  0
DICTIONARY
  5
1ABB1
330
8A8F
100
AcDbDictionary
280
     1
281
     1
  3
ADSK_XREC_LAYER_RECONCILED
360
1ABB2
  0
DICTIONARY
  5
1ABB3
330
8A90
100
AcDbDictionary
280
     1
281
     1
  3
ADSK_XREC_LAYER_RECONCILED
360
1ABB4
  0
DICTIONARY
  5
1ABB5
330
8A91
100
AcDbDictionary
280
     1
281
     1
  3
ADSK_XREC_LAYER_RECONCILED
360
1ABB6
  0
DICTIONARY
  5
1ABB7
330
8A92
100
AcDbDictionary
280
     1
281
     1
  3
ADSK_XREC_LAYER_RECONCILED
360
1ABB8
  0
DICTIONARY
  5
1ABB9
330
8A98
100
AcDbDictionary
280
     1
281
     1
  3
ADSK_XREC_LAYER_RECONCILED
360
1ABBA
  0
DICTIONARY
  5
1ABBB
330
8A99
100
AcDbDictionary
280
     1
281
     1
  3
ADSK_XREC_LAYER_RECONCILED
360
1ABBC
  0
DICTIONARY
  5
1ABBD
330
8A9A
100
AcDbDictionary
280
     1
281
     1
  3
ADSK_XREC_LAYER_RECONCILED
360
1ABBE
  0
DICTIONARY
  5
1ABBF
330
8A9B
100
AcDbDictionary
280
     1
281
     1
  3
ADSK_XREC_LAYER_RECONCILED
360
1ABC0
  0
DICTIONARY
  5
1ABC1
330
8A9C
100
AcDbDictionary
280
     1
281
     1
  3
ADSK_XREC_LAYER_RECONCILED
360
1ABC2
  0
DICTIONARY
  5
1ABC3
330
8A9D
100
AcDbDictionary
280
     1
281
     1
  3
ADSK_XREC_LAYER_RECONCILED
360
1ABC4
  0
DICTIONARY
  5
1ABC5
330
8A9E
100
AcDbDictionary
280
     1
281
     1
  3
ADSK_XREC_LAYER_RECONCILED
360
1ABC6
  0
DICTIONARY
  5
1ABC7
330
8AA4
100
AcDbDictionary
280
     1
281
     1
  3
ADSK_XREC_LAYER_RECONCILED
360
1ABC8
  0
DICTIONARY
  5
21530
330
2152F
100
AcDbDictionary
280
     1
281
     1
  0
DICTIONARY
  5
219CF
330
219CE
100
AcDbDictionary
280
     1
281
     1
  0
DICTIONARY
  5
219D1
330
219D0
100
AcDbDictionary
280
     1
281
     1
  0
DICTIONARY
  5
D7B0
330
1F
100
AcDbDictionary
280
     1
281
     1
  3
ACAD_SORTENTS
360
D7B1
  0
DICTIONARY
  5
1AC24
330
1AC23
100
AcDbDictionary
280
     1
281
     1
  3
ACAD_SORTENTS
360
1AC25
  0
DICTIONARY
  5
1C0B9
330
1C0B8
100
AcDbDictionary
280
     1
281
     1
  3
ACAD_SORTENTS
360
1C0BA
  0
DICTIONARY
  5
1D634
330
1D619
100
AcDbDictionary
280
     1
281
     1
  3
ACAD_SORTENTS
360
1D641
  0
DICTIONARY
  5
1EBBE
330
1EB8C
100
AcDbDictionary
280
     1
281
     1
  3
ACAD_SORTENTS
360
21689
  0
DICTIONARY
  5
21D95
330
1F01D
100
AcDbDictionary
280
     1
281
     1
  0
DICTIONARY
  5
1F05D
330
1F05C
100
AcDbDictionary
280
     1
281
     1
  0
DICTIONARY
  5
21529
330
21528
100
AcDbDictionary
280
     1
281
     1
  3
ACAD_SORTENTS
360
2152A
  0
DICTIONARY
  5
219BE
330
219BD
100
AcDbDictionary
280
     1
281
     1
  0
DICTIONARY
  5
1E752
330
1E751
100
AcDbDictionary
280
     1
281
     1
  0
DICTIONARY
  5
1E754
330
1E753
100
AcDbDictionary
280
     1
281
     1
  0
DICTIONARY
  5
1F7C5
330
1EC9C
100
AcDbDictionary
280
     1
281
     1
  0
XRECORD
  5
1AB71
102
{ACAD_REACTORS
330
C
102
}
330
C
100
AcDbXrecord
280
     1
300
ACD
300
2027
300

  0
DICTIONARY
  5
D77A
102
{ACAD_REACTORS
330
C
102
}
330
C
100
AcDbDictionary
281
     1
  0
DICTIONARY
  5
1AB6B
102
{ACAD_REACTORS
330
C
102
}
330
C
100
AcDbDictionary
281
     1
  3
Metric50
350
1AB6C
  0
DICTIONARY
  5
D
102
{ACAD_REACTORS
330
C
102
}
330
C
100
AcDbDictionary
281
     1
  0
XRECORD
  5
21752
102
{ACAD_REACTORS
330
C
102
}
330
C
100
AcDbXrecord
280
     1
300
{34A008B5-4930-0745-A9F4-C8432C36DE01}
301
{086511E7-6B88-F24A-9E23-A16998D7EBC4}
302
{34A008B5-4930-0745-A9F4-C8432C36DE01}
303

301
{577D36E6-CA14-D34D-9B09-73FB7A4F90A0}
302
{A73EC296-DB7F-5A4F-8672-CDC4270CFA19}
303
\\pkfil\acad\M26\26075 Gunnerus Dataset\Tegninger\166151A3_Tankplan forlenget 5m.dwg
  0
DICTIONARY
  5
1A
102
{ACAD_REACTORS
330
C
102
}
330
C
100
AcDbDictionary
281
     1
  3
Layout1
350
1E
  3
Layout2
350
26
  3
Model
350
22
  0
DICTIONARY
  5
D779
102
{ACAD_REACTORS
330
C
102
}
330
C
100
AcDbDictionary
281
     1
  3
ByBlock
350
1AB2C
  3
ByLayer
350
1AB24
  3
Global
350
1AB34
  0
DICTIONARY
  5
1AB67
102
{ACAD_REACTORS
330
C
102
}
330
C
100
AcDbDictionary
281
     1
  3
Standard
350
1AB68
  0
DICTIONARY
  5
17
102
{ACAD_REACTORS
330
C
102
}
330
C
100
AcDbDictionary
281
     1
  3
Standard
350
18
  0
DICTIONARY
  5
19
102
{ACAD_REACTORS
330
C
102
}
330
C
100
AcDbDictionary
281
     1
  0
ACDBDICTIONARYWDFLT
  5
E
102
{ACAD_REACTORS
330
C
102
}
330
C
100
AcDbDictionary
281
     1
  3
Normal
350
F
100
AcDbDictionaryWithDefault
340
F
  0
RAPIDRTRENDERSETTINGS
  5
2176B
102
{ACAD_REACTORS
330
C
102
}
330
C
100
AcDbRenderSettings
 90
        2
  1
중간
290
     1
290
     0
290
     1
290
     1
  1

  1
렌더링 반복 횟수 5번 적용
 90
        0
100
AcDbRapidRTRenderSettings
 90
        3
 70
     0
 90
        5
 90
        1
 70
     1
 70
     2
 40
3.0
 40
3.0
290
     1
  0
DICTIONARY
  5
21764
102
{ACAD_REACTORS
330
C
102
}
330
C
100
AcDbDictionary
281
     1
  3
낮음
350
21765
  3
높음
350
21767
  3
런치 품질
350
21769
  3
오버나이트 품질
350
2176A
  3
중간
350
21766
  3
커피 브레이크 품질
350
21768
  0
DICTIONARY
  5
1AB55
102
{ACAD_REACTORS
330
C
102
}
330
C
100
AcDbDictionary
281
     1
  3
A0
350
1AB56
  3
A1
350
1AB57
  3
A2
350
1AB58
  3
A3
350
1AB59
  3
A4
350
1AB5A
  3
A5
350
1AB5B
  3
A6
350
1AB5C
  3
A7
350
1AB5D
  3
A8
350
1AB5E
  3
A9
350
1AB5F
  3
B0
350
1AB60
  3
B1
350
1AB61
  3
B2
350
1AB62
  3
B3
350
1AB63
  3
B4
350
1AB64
  3
B5
350
1AB65
  3
B6
350
1AB66
  0
DICTIONARY
  5
1AB69
102
{ACAD_REACTORS
330
C
102
}
330
C
100
AcDbDictionary
281
     1
  3
Metric50
350
1AB6A
  0
DICTIONARY
  5
D77B
102
{ACAD_REACTORS
330
C
102
}
330
C
100
AcDbDictionary
281
     1
  3
Standard
350
D77C
  0
DICTIONARY
  5
1AB3C
102
{ACAD_REACTORS
330
C
102
}
330
C
100
AcDbDictionary
281
     1
  3
2dWireframe
350
1AB42
  3
Basic
350
1AB41
  3
Brighten
350
1AB48
  3
ColorChange
350
1AB4C
  3
Conceptual
350
1AB45
  3
Dim
350
1AB47
  3
EdgeColorOff
350
1AB54
  3
Facepattern
350
1AB4B
  3
Flat
350
1AB3D
  3
FlatWithEdges
350
1AB3E
  3
Gouraud
350
1AB3F
  3
GouraudWithEdges
350
1AB40
  3
Hidden
350
1AB44
  3
JitterOff
350
1AB52
  3
Linepattern
350
1AB4A
  3
OverhangOff
350
1AB53
  3
Realistic
350
1AB46
  3
Shaded
350
1AB51
  3
Shaded with edges
350
1AB50
  3
Shades of Gray
350
1AB4D
  3
Sketchy
350
1AB4E
  3
Thicken
350
1AB49
  3
Wireframe
350
1AB43
  3
X-Ray
350
1AB4F
  0
XRECORD
  5
21DB3
102
{ACAD_REACTORS
330
C
102
}
330
C
100
AcDbXrecord
280
     1
 90
        1
330
D77C
  0
DICTIONARY
  5
D770
102
{ACAD_REACTORS
330
C
102
}
330
C
100
AcDbDictionary
281
     1
  3
CANNOSCALE
350
1ABD1
  3
CMLEADERSTYLE
350
1ABCD
  3
CTABLESTYLE
350
D7A6
  3
CVIEWDETAILSTYLE
350
1ABCE
  3
CVIEWSECTIONSTYLE
350
1ABCF
  3
DIMASSOC
350
D772
  3
HIDETEXT
350
D771
  3
LAYEREVAL
350
1ABD3
  3
LAYERNOTIFY
350
1ABD4
  3
LIGHTINGUNITS
350
1ABD2
  3
MSLTSCALE
350
1ABD0
  3
PROJECTNAME
350
D7A7
  0
DICTIONARY
  5
21481
102
{ACAD_REACTORS
330
C
102
}
330
C
100
AcDbDictionary
281
     1
  0
DICTIONARY
  5
8AE2
102
{ACAD_REACTORS
330
2B
102
}
330
2B
100
AcDbDictionary
281
     1
  0
XRECORD
  5
1ABA0
102
{ACAD_REACTORS
330
1AB9F
102
}
330
1AB9F
100
AcDbXrecord
280
     1
290
     1
  0
XRECORD
  5
1ABA2
102
{ACAD_REACTORS
330
1ABA1
102
}
330
1ABA1
100
AcDbXrecord
280
     1
290
     1
  0
XRECORD
  5
1ABA4
102
{ACAD_REACTORS
330
1ABA3
102
}
330
1ABA3
100
AcDbXrecord
280
     1
290
     1
  0
XRECORD
  5
1ABA6
102
{ACAD_REACTORS
330
1ABA5
102
}
330
1ABA5
100
AcDbXrecord
280
     1
290
     1
  0
XRECORD
  5
1ABA8
102
{ACAD_REACTORS
330
1ABA7
102
}
330
1ABA7
100
AcDbXrecord
280
     1
290
     1
  0
XRECORD
  5
1ABAA
102
{ACAD_REACTORS
330
1ABA9
102
}
330
1ABA9
100
AcDbXrecord
280
     1
290
     1
  0
XRECORD
  5
1ABAC
102
{ACAD_REACTORS
330
1ABAB
102
}
330
1ABAB
100
AcDbXrecord
280
     1
290
     1
  0
XRECORD
  5
1ABAE
102
{ACAD_REACTORS
330
1ABAD
102
}
330
1ABAD
100
AcDbXrecord
280
     1
290
     1
  0
XRECORD
  5
1ABB0
102
{ACAD_REACTORS
330
1ABAF
102
}
330
1ABAF
100
AcDbXrecord
280
     1
290
     1
  0
XRECORD
  5
1ABB2
102
{ACAD_REACTORS
330
1ABB1
102
}
330
1ABB1
100
AcDbXrecord
280
     1
290
     1
  0
XRECORD
  5
1ABB4
102
{ACAD_REACTORS
330
1ABB3
102
}
330
1ABB3
100
AcDbXrecord
280
     1
290
     1
  0
XRECORD
  5
1ABB6
102
{ACAD_REACTORS
330
1ABB5
102
}
330
1ABB5
100
AcDbXrecord
280
     1
290
     1
  0
XRECORD
  5
1ABB8
102
{ACAD_REACTORS
330
1ABB7
102
}
330
1ABB7
100
AcDbXrecord
280
     1
290
     1
  0
XRECORD
  5
1ABBA
102
{ACAD_REACTORS
330
1ABB9
102
}
330
1ABB9
100
AcDbXrecord
280
     1
290
     1
  0
XRECORD
  5
1ABBC
102
{ACAD_REACTORS
330
1ABBB
102
}
330
1ABBB
100
AcDbXrecord
280
     1
290
     1
  0
XRECORD
  5
1ABBE
102
{ACAD_REACTORS
330
1ABBD
102
}
330
1ABBD
100
AcDbXrecord
280
     1
290
     1
  0
XRECORD
  5
1ABC0
102
{ACAD_REACTORS
330
1ABBF
102
}
330
1ABBF
100
AcDbXrecord
280
     1
290
     1
  0
XRECORD
  5
1ABC2
102
{ACAD_REACTORS
330
1ABC1
102
}
330
1ABC1
100
AcDbXrecord
280
     1
290
     1
  0
XRECORD
  5
1ABC4
102
{ACAD_REACTORS
330
1ABC3
102
}
330
1ABC3
100
AcDbXrecord
280
     1
290
     1
  0
XRECORD
  5
1ABC6
102
{ACAD_REACTORS
330
1ABC5
102
}
330
1ABC5
100
AcDbXrecord
280
     1
290
     1
  0
XRECORD
  5
1ABC8
102
{ACAD_REACTORS
330
1ABC7
102
}
330
1ABC7
100
AcDbXrecord
280
     1
290
     1
  0
SORTENTSTABLE
  5
D7B1
102
{ACAD_REACTORS
330
D7B0
102
}
330
D7B0
100
AcDbSortentsTable
330
1F
331
1E5E7
  5
1E5EA
331
1E5EA
  5
1E5EB
331
1E5EB
  5
1E5F4
331
1E5F4
  5
1E5F5
331
1E5F5
  5
1E5F6
331
1E5F6
  5
1E5F7
331
1E5F7
  5
1E5F8
331
1E5F8
  5
1E5F9
331
1E5F9
  5
1E5FA
331
1E5FA
  5
1E5FB
331
1E5FB
  5
1E5FC
331
1E5FC
  5
1E5FD
331
1E5FD
  5
1E5FE
331
1E5FE
  5
1E5FF
331
1E5FF
  5
1E600
331
1E600
  5
1E601
331
1E601
  5
1E602
331
1E602
  5
1E603
331
1E603
  5
1E604
331
1E604
  5
1E605
331
1E605
  5
1E606
331
1E606
  5
1E607
331
1E607
  5
1E608
331
1E608
  5
1E609
331
1E609
  5
1E60A
331
1E60A
  5
1E60B
331
1E60B
  5
1E60C
331
1E60C
  5
1E60D
331
1E60D
  5
1E60E
331
1E60E
  5
1E60F
331
1E60F
  5
1E610
331
1E610
  5
1E611
331
1E611
  5
1E612
331
1E612
  5
1E613
331
1E613
  5
1E614
331
1E614
  5
1E615
331
1E615
  5
1E616
331
1E616
  5
1E617
331
1E617
  5
1E618
331
1E618
  5
1E619
331
1E619
  5
1E61A
331
1E61A
  5
1E61B
331
1E61B
  5
1E61C
331
1E61C
  5
1E61D
331
1E61D
  5
1E61E
331
1E61E
  5
1E61F
331
1E61F
  5
1E620
331
1E620
  5
1E621
331
1E621
  5
1E624
331
1E624
  5
1E625
331
1E625
  5
1E626
331
1E626
  5
1E627
331
1E627
  5
1E628
331
1E628
  5
1E629
331
1E629
  5
1E62E
331
1E62E
  5
1E6E4
331
1E6E4
  5
1E6E5
331
1E6E5
  5
1E6E6
331
1E6E7
  5
1E6E8
331
1E6E8
  5
1E6E9
331
1E6F4
  5
1E6F5
331
1E6F5
  5
1E6F6
331
1E6F6
  5
1E6F7
331
1E6F7
  5
1E6F8
331
1E6F8
  5
1E6F9
331
1E6F9
  5
1E6FA
331
1E6FA
  5
1E6FB
331
1E6FB
  5
1E6FC
331
1E6FC
  5
1E71A
331
1E71D
  5
1E71E
331
1E71E
  5
1E71F
331
1E71F
  5
1E720
331
1E720
  5
1E721
331
1E721
  5
1E722
331
1E722
  5
1E723
331
1E723
  5
1E739
331
1E739
  5
1E73A
331
1E73A
  5
1E73B
331
1E73B
  5
1E73C
331
1E73C
  5
1E73D
331
1E73D
  5
1E73E
331
1E73E
  5
1E73F
331
1E73F
  5
1E740
331
1E740
  5
1E741
331
1E741
  5
1E742
331
1E742
  5
1E743
331
1E743
  5
1E744
331
1E744
  5
1E745
331
1E745
  5
1E746
331
1E746
  5
1E747
331
1E747
  5
1E748
331
1E748
  5
1E749
331
1E749
  5
1E74A
331
1E74A
  5
1E74B
331
1E74B
  5
1E74C
331
1E74C
  5
1E74D
331
1E74D
  5
1E74E
331
1E74E
  5
1E74F
331
1E74F
  5
1E750
331
1E750
  5
1E751
331
1E751
  5
1E753
331
1E753
  5
1E755
331
1E756
  5
1E757
331
1E757
  5
1E758
331
1E75B
  5
1E5E7
  0
SORTENTSTABLE
  5
1AC25
102
{ACAD_REACTORS
330
1AC24
102
}
330
1AC24
100
AcDbSortentsTable
330
1AC23
  0
SORTENTSTABLE
  5
1C0BA
102
{ACAD_REACTORS
330
1C0B9
102
}
330
1C0B9
100
AcDbSortentsTable
330
1C0B8
  0
SORTENTSTABLE
  5
1D641
102
{ACAD_REACTORS
330
1D634
102
}
330
1D634
100
AcDbSortentsTable
330
1D619
  0
SORTENTSTABLE
  5
21689
102
{ACAD_REACTORS
330
1EBBE
102
}
330
1EBBE
100
AcDbSortentsTable
330
1EB8C
  0
SORTENTSTABLE
  5
2152A
102
{ACAD_REACTORS
330
21529
102
}
330
21529
100
AcDbSortentsTable
330
21528
  0
ACDBDETAILVIEWSTYLE
  5
1AB6C
102
{ACAD_REACTORS
330
1AB6B
102
}
330
1AB6B
100
AcDbModelDocViewStyle
 70
     0
  3
Metric50
290
     0
300
Metric50
 90
        0
100
AcDbDetailViewStyle
 70
     0
 71
     0
 90
        3
 71
     1
340
11
 62
   256
 40
5.0
340
0
 62
   256
 40
5.0
300

 40
0.0
280
     1
 71
     2
340
16
 90
       25
 62
   256
 71
     3
340
11
 62
   256
 40
5.0
 90
        0
 40
15.0
 90
        1
300
%<\AcVar ViewDetailId>% (%<\AcVar ViewScale \f "%sn">%)
 71
     4
340
16
 90
       25
 62
   256
340
16
 90
       25
 62
   256
280
     0
  0
LAYOUT
  5
1E
102
{ACAD_REACTORS
330
1A
102
}
330
1A
100
AcDbPlotSettings
  1

  2
\\pksfile\HP LaserJet 4V
  4

  6

 40
0.0
 41
0.0
 42
0.0
 43
0.0
 44
0.0
 45
0.0
 46
0.0
 47
0.0
 48
0.0
 49
0.0
140
0.0
141
0.0
142
1.0
143
1.0
 70
   688
 72
     0
 73
     0
 74
     5
  7
monochrome.ctb
 75
    16
147
1.0
 76
     0
 77
     2
 78
   300
148
0.0
149
0.0
100
AcDbLayout
  1
Layout1
 70
     1
 71
     1
 10
0.0
 20
0.0
 11
420.0
 21
297.0
 12
0.0
 22
0.0
 32
0.0
 14
1.000000000000000E+20
 24
1.000000000000000E+20
 34
1.000000000000000E+20
 15
-1.000000000000000E+20
 25
-1.000000000000000E+20
 35
-1.000000000000000E+20
146
0.0
 13
0.0
 23
0.0
 33
0.0
 16
1.0
 26
0.0
 36
0.0
 17
0.0
 27
1.0
 37
0.0
 76
     0
330
1B
  0
LAYOUT
  5
26
102
{ACAD_REACTORS
330
1A
102
}
330
1A
100
AcDbPlotSettings
  1

  2
\\pksfile\HP LaserJet 4V
  4

  6

 40
0.0
 41
0.0
 42
0.0
 43
0.0
 44
0.0
 45
0.0
 46
0.0
 47
0.0
 48
0.0
 49
0.0
140
0.0
141
0.0
142
1.0
143
1.0
 70
   688
 72
     0
 73
     0
 74
     5
  7
monochrome.ctb
 75
    16
147
1.0
 76
     0
 77
     2
 78
   300
148
0.0
149
0.0
100
AcDbLayout
  1
Layout2
 70
     1
 71
     2
 10
0.0
 20
0.0
 11
12.0
 21
9.0
 12
0.0
 22
0.0
 32
0.0
 14
0.0
 24
0.0
 34
0.0
 15
0.0
 25
0.0
 35
0.0
146
0.0
 13
0.0
 23
0.0
 33
0.0
 16
1.0
 26
0.0
 36
0.0
 17
0.0
 27
1.0
 37
0.0
 76
     0
330
23
  0
LAYOUT
  5
22
102
{ACAD_REACTORS
330
1A
102
}
330
1A
100
AcDbPlotSettings
  1

  2
DWG To PDF.pc3
  4
ISO_full_bleed_A1_(841.00_x_594.00_MM)
  6

 40
0.0
 41
0.0
 42
0.0
 43
0.0
 44
841.0
 45
594.0
 46
0.0000000000001137
 47
0.0
 48
-1765.755049999861
 49
-706.3020200000027
140
57634.24483200011
141
41248.03796799999
142
1.0
143
70.63020199999998
 70
 11956
 72
     1
 73
     0
 74
     4
  7
monochrome.ctb
 75
     0
147
0.014158249186375
 76
     0
 77
     2
 78
   300
148
1765.755049999861
149
706.3020200000027
100
AcDbLayout
  1
Model
 70
     1
 71
     0
 10
0.0
 20
0.0
 11
12.0
 21
9.0
 12
0.0
 22
0.0
 32
0.0
 14
0.0
 24
0.0
 34
0.0
 15
0.0
 25
0.0
 35
0.0
146
0.0
 13
0.0
 23
0.0
 33
0.0
 16
1.0
 26
0.0
 36
0.0
 17
0.0
 27
1.0
 37
0.0
 76
     0
330
1F
331
1AB1A
1001
ACAD_PSEXT
1000
DWG To PDF.pc3
1000
DWG To PDF
1000
파일
1000

1070
     0
  0
MATERIAL
  5
1AB2C
102
{ACAD_XDICTIONARY
360
1AB2D
102
}
102
{ACAD_REACTORS
330
D779
102
}
330
D779
100
AcDbMaterial
  1
ByBlock
 72
     0
 43
0.0008202099737533
 43
0.0
 43
0.0
 43
0.0
 43
0.0
 43
0.0008202099737533
 43
0.0
 43
0.0
 43
0.0
 43
0.0
 43
1.0
 43
0.0
 43
0.0
 43
0.0
 43
0.0
 43
1.0
 77
     0
 47
0.0008202099737533
 47
0.0
 47
0.0
 47
0.0
 47
0.0
 47
0.0008202099737533
 47
0.0
 47
0.0
 47
0.0
 47
0.0
 47
1.0
 47
0.0
 47
0.0
 47
0.0
 47
0.0
 47
1.0
171
     0
 49
0.0008202099737533
 49
0.0
 49
0.0
 49
0.0
 49
0.0
 49
0.0008202099737533
 49
0.0
 49
0.0
 49
0.0
 49
0.0
 49
1.0
 49
0.0
 49
0.0
 49
0.0
 49
0.0
 49
1.0
175
     0
142
0.0008202099737533
142
0.0
142
0.0
142
0.0
142
0.0
142
0.0008202099737533
142
0.0
142
0.0
142
0.0
142
0.0
142
1.0
142
0.0
142
0.0
142
0.0
142
0.0
142
1.0
179
     0
144
0.0008202099737533
144
0.0
144
0.0
144
0.0
144
0.0
144
0.0008202099737533
144
0.0
144
0.0
144
0.0
144
0.0
144
1.0
144
0.0
144
0.0
144
0.0
144
0.0
144
1.0
147
0.0008202099737533
147
0.0
147
0.0
147
0.0
147
0.0
147
0.0008202099737533
147
0.0
147
0.0
147
0.0
147
0.0
147
1.0
147
0.0
147
0.0
147
0.0
147
0.0
147
1.0
  0
MATERIAL
  5
1AB24
102
{ACAD_XDICTIONARY
360
1AB25
102
}
102
{ACAD_REACTORS
330
D779
102
}
330
D779
100
AcDbMaterial
  1
ByLayer
 72
     0
 43
0.0008202099737533
 43
0.0
 43
0.0
 43
0.0
 43
0.0
 43
0.0008202099737533
 43
0.0
 43
0.0
 43
0.0
 43
0.0
 43
1.0
 43
0.0
 43
0.0
 43
0.0
 43
0.0
 43
1.0
 77
     0
 47
0.0008202099737533
 47
0.0
 47
0.0
 47
0.0
 47
0.0
 47
0.0008202099737533
 47
0.0
 47
0.0
 47
0.0
 47
0.0
 47
1.0
 47
0.0
 47
0.0
 47
0.0
 47
0.0
 47
1.0
171
     0
 49
0.0008202099737533
 49
0.0
 49
0.0
 49
0.0
 49
0.0
 49
0.0008202099737533
 49
0.0
 49
0.0
 49
0.0
 49
0.0
 49
1.0
 49
0.0
 49
0.0
 49
0.0
 49
0.0
 49
1.0
175
     0
142
0.0008202099737533
142
0.0
142
0.0
142
0.0
142
0.0
142
0.0008202099737533
142
0.0
142
0.0
142
0.0
142
0.0
142
1.0
142
0.0
142
0.0
142
0.0
142
0.0
142
1.0
179
     0
144
0.0008202099737533
144
0.0
144
0.0
144
0.0
144
0.0
144
0.0008202099737533
144
0.0
144
0.0
144
0.0
144
0.0
144
1.0
144
0.0
144
0.0
144
0.0
144
0.0
144
1.0
147
0.0008202099737533
147
0.0
147
0.0
147
0.0
147
0.0
147
0.0008202099737533
147
0.0
147
0.0
147
0.0
147
0.0
147
1.0
147
0.0
147
0.0
147
0.0
147
0.0
147
1.0
  0
MATERIAL
  5
1AB34
102
{ACAD_XDICTIONARY
360
1AB35
102
}
102
{ACAD_REACTORS
330
D779
102
}
330
D779
100
AcDbMaterial
  1
Global
 72
     0
 43
0.0008202099737533
 43
0.0
 43
0.0
 43
0.0
 43
0.0
 43
0.0008202099737533
 43
0.0
 43
0.0
 43
0.0
 43
0.0
 43
1.0
 43
0.0
 43
0.0
 43
0.0
 43
0.0
 43
1.0
 77
     0
 47
0.0008202099737533
 47
0.0
 47
0.0
 47
0.0
 47
0.0
 47
0.0008202099737533
 47
0.0
 47
0.0
 47
0.0
 47
0.0
 47
1.0
 47
0.0
 47
0.0
 47
0.0
 47
0.0
 47
1.0
171
     0
 49
0.0008202099737533
 49
0.0
 49
0.0
 49
0.0
 49
0.0
 49
0.0008202099737533
 49
0.0
 49
0.0
 49
0.0
 49
0.0
 49
1.0
 49
0.0
 49
0.0
 49
0.0
 49
0.0
 49
1.0
175
     0
142
0.0008202099737533
142
0.0
142
0.0
142
0.0
142
0.0
142
0.0008202099737533
142
0.0
142
0.0
142
0.0
142
0.0
142
1.0
142
0.0
142
0.0
142
0.0
142
0.0
142
1.0
179
     0
144
0.0008202099737533
144
0.0
144
0.0
144
0.0
144
0.0
144
0.0008202099737533
144
0.0
144
0.0
144
0.0
144
0.0
144
1.0
144
0.0
144
0.0
144
0.0
144
0.0
144
1.0
147
0.0008202099737533
147
0.0
147
0.0
147
0.0
147
0.0
147
0.0008202099737533
147
0.0
147
0.0
147
0.0
147
0.0
147
1.0
147
0.0
147
0.0
147
0.0
147
0.0
147
1.0
  0
MLEADERSTYLE
  5
1AB68
102
{ACAD_REACTORS
330
1AB67
102
}
330
1AB67
100
AcDbMLeaderStyle
179
     2
170
     2
171
     1
172
     0
 90
        2
 40
0.0
 41
0.0
173
     1
 91
-1056964608
340
14
 92
       -2
290
     1
 42
2.0
291
     1
 43
0.36
  3
Standard
 44
4.0
300

342
11
174
     1
178
     6
175
     1
176
     0
 93
-1056964608
 45
4.0
292
     0
297
     0
 46
4.0
 94
-1056964608
 47
1.0
 49
1.0
140
1.0
293
     1
141
0.0
294
     1
177
     0
142
1.0
295
     0
296
     0
143
0.125
271
     0
272
     9
273
     9
298
     1
  0
MLINESTYLE
  5
18
102
{ACAD_REACTORS
330
17
102
}
330
17
100
AcDbMlineStyle
  2
STANDARD
 70
     0
  3

 62
   256
 51
90.0
 52
90.0
 71
     2
 49
0.5
 62
   256
  6
BYLAYER
 49
-0.5
 62
   256
  6
BYLAYER
  0
ACDBPLACEHOLDER
  5
F
102
{ACAD_REACTORS
330
E
102
}
330
E
  0
RAPIDRTRENDERSETTINGS
  5
21765
102
{ACAD_REACTORS
330
21764
102
}
330
21764
100
AcDbRenderSettings
 90
        2
  1
낮음
290
     1
290
     0
290
     1
290
     1
  1

  1
렌더링 반복 횟수 1번 적용
 90
        0
100
AcDbRapidRTRenderSettings
 90
        3
 70
     0
 90
        1
 90
        1
 70
     0
 70
     2
 40
3.0
 40
3.0
290
     1
  0
RAPIDRTRENDERSETTINGS
  5
21767
102
{ACAD_REACTORS
330
21764
102
}
330
21764
100
AcDbRenderSettings
 90
        2
  1
높음
290
     1
290
     0
290
     1
290
     1
  1

  1
렌더링 반복 횟수 10번 적용
 90
        2
100
AcDbRapidRTRenderSettings
 90
        3
 70
     0
 90
       10
 90
        1
 70
     2
 70
     2
 40
3.0
 40
3.0
290
     1
  0
RAPIDRTRENDERSETTINGS
  5
21769
102
{ACAD_REACTORS
330
21764
102
}
330
21764
100
AcDbRenderSettings
 90
        2
  1
런치 품질
290
     1
290
     0
290
     1
290
     1
  1

  1
60분 동안 렌더링
 90
        4
100
AcDbRapidRTRenderSettings
 90
        3
 70
     1
 90
        1
 90
       60
 70
     2
 70
     2
 40
3.0
 40
3.0
290
     1
  0
RAPIDRTRENDERSETTINGS
  5
2176A
102
{ACAD_REACTORS
330
21764
102
}
330
21764
100
AcDbRenderSettings
 90
        2
  1
오버나이트 품질
290
     1
290
     0
290
     1
290
     1
  1

  1
12시간 동안 렌더링
 90
        5
100
AcDbRapidRTRenderSettings
 90
        3
 70
     1
 90
        1
 90
      720
 70
     2
 70
     2
 40
3.0
 40
3.0
290
     1
  0
RAPIDRTRENDERSETTINGS
  5
21766
102
{ACAD_REACTORS
330
21764
102
}
330
21764
100
AcDbRenderSettings
 90
        2
  1
중간
290
     1
290
     0
290
     1
290
     1
  1

  1
렌더링 반복 횟수 5번 적용
 90
        1
100
AcDbRapidRTRenderSettings
 90
        3
 70
     0
 90
        5
 90
        1
 70
     1
 70
     2
 40
3.0
 40
3.0
290
     1
  0
RAPIDRTRENDERSETTINGS
  5
21768
102
{ACAD_REACTORS
330
21764
102
}
330
21764
100
AcDbRenderSettings
 90
        2
  1
커피 브레이크 품질
290
     1
290
     0
290
     1
290
     1
  1

  1
10분 동안 렌더링
 90
        3
100
AcDbRapidRTRenderSettings
 90
        3
 70
     1
 90
        1
 90
       10
 70
     1
 70
     2
 40
3.0
 40
3.0
290
     1
  0
SCALE
  5
1AB56
102
{ACAD_REACTORS
330
1AB55
102
}
330
1AB55
100
AcDbScale
 70
     0
300
1:1
140
1.0
141
1.0
290
     1
  0
SCALE
  5
1AB57
102
{ACAD_REACTORS
330
1AB55
102
}
330
1AB55
100
AcDbScale
 70
     0
300
1:2
140
1.0
141
2.0
290
     0
  0
SCALE
  5
1AB58
102
{ACAD_REACTORS
330
1AB55
102
}
330
1AB55
100
AcDbScale
 70
     0
300
1:4
140
1.0
141
4.0
290
     0
  0
SCALE
  5
1AB59
102
{ACAD_REACTORS
330
1AB55
102
}
330
1AB55
100
AcDbScale
 70
     0
300
1:5
140
1.0
141
5.0
290
     0
  0
SCALE
  5
1AB5A
102
{ACAD_REACTORS
330
1AB55
102
}
330
1AB55
100
AcDbScale
 70
     0
300
1:8
140
1.0
141
8.0
290
     0
  0
SCALE
  5
1AB5B
102
{ACAD_REACTORS
330
1AB55
102
}
330
1AB55
100
AcDbScale
 70
     0
300
1:10
140
1.0
141
10.0
290
     0
  0
SCALE
  5
1AB5C
102
{ACAD_REACTORS
330
1AB55
102
}
330
1AB55
100
AcDbScale
 70
     0
300
1:16
140
1.0
141
16.0
290
     0
  0
SCALE
  5
1AB5D
102
{ACAD_REACTORS
330
1AB55
102
}
330
1AB55
100
AcDbScale
 70
     0
300
1:20
140
1.0
141
20.0
290
     0
  0
SCALE
  5
1AB5E
102
{ACAD_REACTORS
330
1AB55
102
}
330
1AB55
100
AcDbScale
 70
     0
300
1:30
140
1.0
141
30.0
290
     0
  0
SCALE
  5
1AB5F
102
{ACAD_REACTORS
330
1AB55
102
}
330
1AB55
100
AcDbScale
 70
     0
300
1:40
140
1.0
141
40.0
290
     0
  0
SCALE
  5
1AB60
102
{ACAD_REACTORS
330
1AB55
102
}
330
1AB55
100
AcDbScale
 70
     0
300
1:50
140
1.0
141
50.0
290
     0
  0
SCALE
  5
1AB61
102
{ACAD_REACTORS
330
1AB55
102
}
330
1AB55
100
AcDbScale
 70
     0
300
1:100
140
1.0
141
100.0
290
     0
  0
SCALE
  5
1AB62
102
{ACAD_REACTORS
330
1AB55
102
}
330
1AB55
100
AcDbScale
 70
     0
300
2:1
140
2.0
141
1.0
290
     0
  0
SCALE
  5
1AB63
102
{ACAD_REACTORS
330
1AB55
102
}
330
1AB55
100
AcDbScale
 70
     0
300
4:1
140
4.0
141
1.0
290
     0
  0
SCALE
  5
1AB64
102
{ACAD_REACTORS
330
1AB55
102
}
330
1AB55
100
AcDbScale
 70
     0
300
8:1
140
8.0
141
1.0
290
     0
  0
SCALE
  5
1AB65
102
{ACAD_REACTORS
330
1AB55
102
}
330
1AB55
100
AcDbScale
 70
     0
300
10:1
140
10.0
141
1.0
290
     0
  0
SCALE
  5
1AB66
102
{ACAD_REACTORS
330
1AB55
102
}
330
1AB55
100
AcDbScale
 70
     0
300
100:1
140
100.0
141
1.0
290
     0
  0
ACDBSECTIONVIEWSTYLE
  5
1AB6A
102
{ACAD_REACTORS
330
1AB69
102
}
330
1AB69
100
AcDbModelDocViewStyle
 70
     0
  3
Metric50
290
     0
300
Metric50
 90
        0
100
AcDbSectionViewStyle
 70
     0
 71
     0
 90
      102
 71
     1
340
11
 62
   256
 40
5.0
340
0
340
0
 62
   256
 40
5.0
300
I, O, Q, S, X, Z
 40
10.0
 90
        0
 40
2.5
 90
        0
 71
     2
340
16
 90
       25
 62
   256
340
16
 90
       50
 62
   256
 40
5.0
 40
2.5
 40
5.0
 71
     3
340
11
 62
   256
 40
5.0
 90
        0
 40
15.0
 90
        1
300
%<\AcVar ViewSectionStartId>%-%<\AcVar ViewSectionEndId>% (%<\AcVar ViewScale \f "%sn">%)
 71
     4
 62
   256
 62
   257
300
ANSI31
 40
1.0
 90
        0
290
     0
290
     0
 90
        6
 40
0.0
 40
1.570796326794896
 40
0.2617993877991494
 40
1.308996938995747
 40
-0.2617993877991494
 40
1.832595714594046
  0
TABLESTYLE
  5
D77C
102
{ACAD_XDICTIONARY
360
21DB1
102
}
102
{ACAD_REACTORS
330
D77B
102
}
330
D77B
100
AcDbTableStyle
280
     0
  3
Standard
 70
     0
 71
     0
 40
1.5
 41
1.5
280
     0
281
     0
  7
Standard
140
4.5
170
     2
 62
     0
 63
     7
283
     0
 90
        4
 91
        0
  1

274
    -2
284
     1
 64
     0
275
    -2
285
     1
 65
     0
276
    -2
286
     1
 66
     0
277
    -2
287
     1
 67
     0
278
    -2
288
     1
 68
     0
279
    -2
289
     1
 69
     0
  7
Standard
140
6.0
170
     5
 62
     0
 63
     7
283
     0
 90
        4
 91
        0
  1

274
    -2
284
     1
 64
     0
275
    -2
285
     1
 65
     0
276
    -2
286
     1
 66
     0
277
    -2
287
     1
 67
     0
278
    -2
288
     1
 68
     0
279
    -2
289
     1
 69
     0
  7
Standard
140
4.5
170
     5
 62
     0
 63
     7
283
     0
 90
        4
 91
        0
  1

274
    -2
284
     1
 64
     0
275
    -2
285
     1
 65
     0
276
    -2
286
     1
 66
     0
277
    -2
287
     1
 67
     0
278
    -2
288
     1
 68
     0
279
    -2
289
     1
 69
     0
  0
VISUALSTYLE
  5
1AB42
102
{ACAD_REACTORS
330
1AB3C
102
}
330
1AB3C
100
AcDbVisualStyle
  2
2dWireframe
 70
     4
177
     3
291
     0
 70
    58
 90
        0
176
     1
 90
        2
176
     1
 90
        0
176
     1
 90
        0
176
     1
 40
0.6
176
     1
 40
30.0
176
     1
 62
     7
420
 16777215
176
     1
 90
        1
176
     1
 90
        4
176
     1
 62
     7
176
     1
 62
   257
176
     1
 90
        1
176
     1
 90
        1
176
     1
 40
1.0
176
     1
 90
        0
176
     1
 62
   257
176
     1
 40
1.0
176
     1
 90
        1
176
     1
 90
        6
176
     1
 90
        2
176
     1
 62
     7
176
     1
 90
        5
176
     1
 90
        0
176
     1
 90
        0
176
     1
290
     0
176
     1
 90
        1
176
     1
 40
0.0
176
     1
 90
        0
176
     1
290
     1
176
     1
290
     1
176
     1
290
     0
176
     1
290
     0
176
     1
290
     0
176
     1
290
     0
176
     1
290
     0
176
     1
290
     0
176
     1
290
     0
176
     1
 90
       50
176
     1
 40
0.0
176
     1
 40
1.0
176
     1
 90
        0
176
     1
 62
    18
420
        0
176
     1
 90
       50
176
     1
 90
        3
176
     1
 62
     5
420
      255
176
     1
290
     0
176
     1
 90
       50
176
     1
 90
       50
176
     1
 90
       50
176
     1
290
     0
176
     1
 90
       50
176
     1
 62
   256
176
     0
 40
1.0
176
     0
 90
        2
176
     1
  1
strokes_ogs.tif
176
     1
290
     0
176
     1
 40
1.0
176
     1
 40
1.0
176
     1
  0
VISUALSTYLE
  5
1AB41
102
{ACAD_REACTORS
330
1AB3C
102
}
330
1AB3C
100
AcDbVisualStyle
  2
Basic
 70
     7
177
     3
291
     1
 70
    58
 90
        1
176
     1
 90
        0
176
     1
 90
        1
176
     1
 90
        0
176
     1
 40
0.6
176
     1
 40
30.0
176
     1
 62
     7
420
 16777215
176
     1
 90
        0
176
     1
 90
        4
176
     1
 62
     7
176
     1
 62
   257
176
     1
 90
        1
176
     1
 90
        1
176
     1
 40
1.0
176
     1
 90
        8
176
     1
 62
     7
176
     1
 40
1.0
176
     1
 90
        1
176
     1
 90
        6
176
     1
 90
        2
176
     1
 62
     7
176
     1
 90
        5
176
     1
 90
        0
176
     1
 90
        0
176
     1
290
     0
176
     1
 90
        1
176
     1
 40
0.0
176
     1
 90
        0
176
     1
290
     0
176
     1
290
     1
176
     1
290
     1
176
     1
290
     0
176
     1
290
     0
176
     1
290
     0
176
     1
290
     0
176
     1
290
     0
176
     1
290
     0
176
     1
 90
       50
176
     1
 40
0.0
176
     1
 40
1.0
176
     1
 90
        0
176
     1
 62
    18
420
        0
176
     1
 90
       50
176
     1
 90
        3
176
     1
 62
     5
420
      255
176
     1
290
     0
176
     1
 90
       50
176
     1
 90
       50
176
     1
 90
       50
176
     1
290
     0
176
     1
 90
       50
176
     1
 62
   256
176
     0
 40
1.0
176
     0
 90
        2
176
     1
  1
strokes_ogs.tif
176
     1
290
     0
176
     1
 40
1.0
176
     1
 40
1.0
176
     1
  0
VISUALSTYLE
  5
1AB48
102
{ACAD_REACTORS
330
1AB3C
102
}
330
1AB3C
100
AcDbVisualStyle
  2
Brighten
 70
    12
177
     3
291
     1
 70
    58
 90
        2
176
     1
 90
        2
176
     1
 90
        0
176
     1
 90
        0
176
     1
 40
0.6
176
     1
 40
30.0
176
     1
 62
     7
420
 16777215
176
     1
 90
        1
176
     1
 90
        4
176
     1
 62
     7
176
     1
 62
   257
176
     1
 90
        1
176
     1
 90
        1
176
     1
 40
1.0
176
     1
 90
        8
176
     1
 62
     7
176
     1
 40
1.0
176
     1
 90
        1
176
     1
 90
        6
176
     1
 90
        2
176
     1
 62
     7
176
     1
 90
        5
176
     1
 90
        0
176
     1
 90
        0
176
     1
290
     0
176
     1
 90
        1
176
     1
 40
50.0
176
     1
 90
        0
176
     1
290
     0
176
     1
290
     1
176
     1
290
     1
176
     1
290
     0
176
     1
290
     0
176
     1
290
     0
176
     1
290
     0
176
     1
290
     0
176
     1
290
     0
176
     1
 90
       50
176
     1
 40
0.0
176
     1
 40
1.0
176
     1
 90
        0
176
     1
 62
    18
420
        0
176
     1
 90
       50
176
     1
 90
        3
176
     1
 62
     5
420
      255
176
     1
290
     0
176
     1
 90
       50
176
     1
 90
       50
176
     1
 90
       50
176
     1
290
     0
176
     1
 90
       50
176
     1
 62
   256
176
     0
 40
1.0
176
     0
 90
        2
176
     1
  1
strokes_ogs.tif
176
     1
290
     0
176
     1
 40
1.0
176
     1
 40
1.0
176
     1
  0
VISUALSTYLE
  5
1AB4C
102
{ACAD_REACTORS
330
1AB3C
102
}
330
1AB3C
100
AcDbVisualStyle
  2
ColorChange
 70
    16
177
     3
291
     1
 70
    58
 90
        2
176
     1
 90
        2
176
     1
 90
        3
176
     1
 90
        0
176
     1
 40
0.6
176
     1
 40
30.0
176
     1
 62
     8
420
  8421504
176
     1
 90
        1
176
     1
 90
        4
176
     1
 62
     7
176
     1
 62
   257
176
     1
 90
        1
176
     1
 90
        1
176
     1
 40
1.0
176
     1
 90
        8
176
     1
 62
     8
420
  8421504
176
     1
 40
1.0
176
     1
 90
        1
176
     1
 90
        6
176
     1
 90
        2
176
     1
 62
     7
176
     1
 90
        5
176
     1
 90
        0
176
     1
 90
        0
176
     1
290
     0
176
     1
 90
        1
176
     1
 40
0.0
176
     1
 90
        0
176
     1
290
     0
176
     1
290
     1
176
     1
290
     1
176
     1
290
     0
176
     1
290
     0
176
     1
290
     0
176
     1
290
     0
176
     1
290
     0
176
     1
290
     0
176
     1
 90
       50
176
     1
 40
0.0
176
     1
 40
1.0
176
     1
 90
        0
176
     1
 62
    18
420
        0
176
     1
 90
       50
176
     1
 90
        3
176
     1
 62
     5
420
      255
176
     1
290
     0
176
     1
 90
       50
176
     1
 90
       50
176
     1
 90
       50
176
     1
290
     0
176
     1
 90
       50
176
     1
 62
   256
176
     0
 40
1.0
176
     0
 90
        2
176
     1
  1
strokes_ogs.tif
176
     1
290
     0
176
     1
 40
1.0
176
     1
 40
1.0
176
     1
  0
VISUALSTYLE
  5
1AB45
102
{ACAD_REACTORS
330
1AB3C
102
}
330
1AB3C
100
AcDbVisualStyle
  2
Conceptual
 70
     9
177
     3
291
     0
 70
    58
 90
        3
176
     1
 90
        2
176
     1
 90
        0
176
     1
 90
        0
176
     1
 40
0.6
176
     1
 40
30.0
176
     1
 62
     7
420
 16777215
176
     1
 90
        2
176
     1
 90
        2
176
     1
 62
     7
176
     1
 62
   257
176
     1
 90
        1
176
     1
 90
        1
176
     1
 40
179.0
176
     1
 90
        8
176
     1
 62
     7
176
     1
 40
1.0
176
     1
 90
        1
176
     1
 90
        6
176
     1
 90
        2
176
     1
 62
     7
176
     1
 90
        3
176
     1
 90
        0
176
     1
 90
        0
176
     1
290
     0
176
     1
 90
        1
176
     1
 40
0.0
176
     1
 90
        0
176
     1
290
     0
176
     1
290
     1
176
     1
290
     1
176
     1
290
     0
176
     1
290
     0
176
     1
290
     0
176
     1
290
     0
176
     1
290
     0
176
     1
290
     0
176
     1
 90
       50
176
     1
 40
0.0
176
     1
 40
1.0
176
     1
 90
        0
176
     1
 62
    18
420
        0
176
     1
 90
       50
176
     1
 90
        3
176
     1
 62
     5
420
      255
176
     1
290
     0
176
     1
 90
       50
176
     1
 90
       50
176
     1
 90
       50
176
     1
290
     0
176
     1
 90
       50
176
     1
 62
   256
176
     0
 40
1.0
176
     0
 90
        2
176
     1
  1
strokes_ogs.tif
176
     1
290
     0
176
     1
 40
1.0
176
     1
 40
1.0
176
     1
  0
VISUALSTYLE
  5
1AB47
102
{ACAD_REACTORS
330
1AB3C
102
}
330
1AB3C
100
AcDbVisualStyle
  2
Dim
 70
    11
177
     3
291
     1
 70
    58
 90
        2
176
     1
 90
        2
176
     1
 90
        0
176
     1
 90
        0
176
     1
 40
0.6
176
     1
 40
30.0
176
     1
 62
     7
420
 16777215
176
     1
 90
        1
176
     1
 90
        4
176
     1
 62
     7
176
     1
 62
   257
176
     1
 90
        1
176
     1
 90
        1
176
     1
 40
1.0
176
     1
 90
        8
176
     1
 62
     7
176
     1
 40
1.0
176
     1
 90
        1
176
     1
 90
        6
176
     1
 90
        2
176
     1
 62
     7
176
     1
 90
        5
176
     1
 90
        0
176
     1
 90
        0
176
     1
290
     0
176
     1
 90
        1
176
     1
 40
-50.0
176
     1
 90
        0
176
     1
290
     0
176
     1
290
     1
176
     1
290
     1
176
     1
290
     0
176
     1
290
     0
176
     1
290
     0
176
     1
290
     0
176
     1
290
     0
176
     1
290
     0
176
     1
 90
       50
176
     1
 40
0.0
176
     1
 40
1.0
176
     1
 90
        0
176
     1
 62
    18
420
        0
176
     1
 90
       50
176
     1
 90
        3
176
     1
 62
     5
420
      255
176
     1
290
     0
176
     1
 90
       50
176
     1
 90
       50
176
     1
 90
       50
176
     1
290
     0
176
     1
 90
       50
176
     1
 62
   256
176
     0
 40
1.0
176
     0
 90
        2
176
     1
  1
strokes_ogs.tif
176
     1
290
     0
176
     1
 40
1.0
176
     1
 40
1.0
176
     1
  0
VISUALSTYLE
  5
1AB54
102
{ACAD_REACTORS
330
1AB3C
102
}
330
1AB3C
100
AcDbVisualStyle
  2
EdgeColorOff
 70
    22
177
     3
291
     1
 70
    58
 90
        2
176
     0
 90
        2
176
     0
 90
        0
176
     0
 90
        0
176
     0
 40
0.6
176
     0
 40
30.0
176
     0
 62
     7
420
 16777215
176
     0
 90
        1
176
     0
 90
        4
176
     0
 62
     7
176
     0
 62
   257
176
     0
 90
        1
176
     0
 90
        1
176
     0
 40
1.0
176
     0
 90
        8
176
     2
 62
     7
176
     0
 40
1.0
176
     0
 90
        1
176
     0
 90
        6
176
     0
 90
        2
176
     0
 62
     7
176
     0
 90
        5
176
     0
 90
        0
176
     0
 90
        0
176
     0
290
     0
176
     0
 90
        1
176
     0
 40
0.0
176
     0
 90
        0
176
     0
290
     0
176
     0
290
     1
176
     0
290
     1
176
     0
290
     0
176
     0
290
     0
176
     0
290
     0
176
     0
290
     0
176
     0
290
     0
176
     0
290
     0
176
     0
 90
       50
176
     0
 40
0.0
176
     0
 40
1.0
176
     0
 90
        0
176
     0
 62
    18
420
        0
176
     0
 90
       50
176
     0
 90
        3
176
     0
 62
     5
420
      255
176
     0
290
     0
176
     0
 90
       50
176
     0
 90
       50
176
     0
 90
       50
176
     0
290
     0
176
     0
 90
       50
176
     0
 62
   256
176
     0
 40
1.0
176
     0
 90
        2
176
     0
  1
strokes_ogs.tif
176
     0
290
     0
176
     0
 40
1.0
176
     0
 40
1.0
176
     0
  0
VISUALSTYLE
  5
1AB4B
102
{ACAD_REACTORS
330
1AB3C
102
}
330
1AB3C
100
AcDbVisualStyle
  2
Facepattern
 70
    15
177
     3
291
     1
 70
    58
 90
        2
176
     1
 90
        2
176
     1
 90
        0
176
     1
 90
        0
176
     1
 40
0.6
176
     1
 40
30.0
176
     1
 62
     7
420
 16777215
176
     1
 90
        1
176
     1
 90
        4
176
     1
 62
     7
176
     1
 62
   257
176
     1
 90
        1
176
     1
 90
        1
176
     1
 40
1.0
176
     1
 90
        8
176
     1
 62
     7
176
     1
 40
1.0
176
     1
 90
        1
176
     1
 90
        6
176
     1
 90
        2
176
     1
 62
     7
176
     1
 90
        5
176
     1
 90
        0
176
     1
 90
        0
176
     1
290
     0
176
     1
 90
        1
176
     1
 40
0.0
176
     1
 90
        0
176
     1
290
     0
176
     1
290
     1
176
     1
290
     1
176
     1
290
     0
176
     1
290
     0
176
     1
290
     0
176
     1
290
     0
176
     1
290
     0
176
     1
290
     0
176
     1
 90
       50
176
     1
 40
0.0
176
     1
 40
1.0
176
     1
 90
        0
176
     1
 62
    18
420
        0
176
     1
 90
       50
176
     1
 90
        3
176
     1
 62
     5
420
      255
176
     1
290
     0
176
     1
 90
       50
176
     1
 90
       50
176
     1
 90
       50
176
     1
290
     0
176
     1
 90
       50
176
     1
 62
   256
176
     0
 40
1.0
176
     0
 90
        2
176
     1
  1
strokes_ogs.tif
176
     1
290
     0
176
     1
 40
1.0
176
     1
 40
1.0
176
     1
  0
VISUALSTYLE
  5
1AB3D
102
{ACAD_REACTORS
330
1AB3C
102
}
330
1AB3C
100
AcDbVisualStyle
  2
Flat
 70
     0
177
     3
291
     1
 70
    58
 90
        2
176
     1
 90
        1
176
     1
 90
        1
176
     1
 90
        2
176
     1
 40
0.6
176
     1
 40
30.0
176
     1
 62
     7
420
 16777215
176
     1
 90
        0
176
     1
 90
        0
176
     1
 62
     7
176
     1
 62
   257
176
     1
 90
        1
176
     1
 90
        1
176
     1
 40
1.0
176
     1
 90
        8
176
     1
 62
     7
176
     1
 40
1.0
176
     1
 90
        1
176
     1
 90
        6
176
     1
 90
        2
176
     1
 62
     7
176
     1
 90
        5
176
     1
 90
        0
176
     1
 90
        0
176
     1
290
     0
176
     1
 90
       13
176
     1
 40
0.0
176
     1
 90
        0
176
     1
290
     0
176
     1
290
     1
176
     1
290
     1
176
     1
290
     0
176
     1
290
     0
176
     1
290
     0
176
     1
290
     0
176
     1
290
     0
176
     1
290
     0
176
     1
 90
       50
176
     1
 40
0.0
176
     1
 40
1.0
176
     1
 90
        0
176
     1
 62
    18
420
        0
176
     1
 90
       50
176
     1
 90
        3
176
     1
 62
     5
420
      255
176
     1
290
     0
176
     1
 90
       50
176
     1
 90
       50
176
     1
 90
       50
176
     1
290
     0
176
     1
 90
       50
176
     1
 62
   256
176
     0
 40
1.0
176
     0
 90
        2
176
     1
  1
strokes_ogs.tif
176
     1
290
     0
176
     1
 40
1.0
176
     1
 40
1.0
176
     1
  0
VISUALSTYLE
  5
1AB3E
102
{ACAD_REACTORS
330
1AB3C
102
}
330
1AB3C
100
AcDbVisualStyle
  2
FlatWithEdges
 70
     1
177
     3
291
     1
 70
    58
 90
        2
176
     1
 90
        1
176
     1
 90
        1
176
     1
 90
        2
176
     1
 40
0.6
176
     1
 40
30.0
176
     1
 62
     7
420
 16777215
176
     1
 90
        1
176
     1
 90
        0
176
     1
 62
     7
176
     1
 62
   257
176
     1
 90
        1
176
     1
 90
        1
176
     1
 40
1.0
176
     1
 90
        0
176
     1
 62
   257
176
     1
 40
1.0
176
     1
 90
        1
176
     1
 90
        6
176
     1
 90
        2
176
     1
 62
     7
176
     1
 90
        5
176
     1
 90
        0
176
     1
 90
        0
176
     1
290
     0
176
     1
 90
       13
176
     1
 40
0.0
176
     1
 90
        0
176
     1
290
     0
176
     1
290
     1
176
     1
290
     1
176
     1
290
     0
176
     1
290
     0
176
     1
290
     0
176
     1
290
     0
176
     1
290
     0
176
     1
290
     0
176
     1
 90
       50
176
     1
 40
0.0
176
     1
 40
1.0
176
     1
 90
        0
176
     1
 62
    18
420
        0
176
     1
 90
       50
176
     1
 90
        3
176
     1
 62
     5
420
      255
176
     1
290
     0
176
     1
 90
       50
176
     1
 90
       50
176
     1
 90
       50
176
     1
290
     0
176
     1
 90
       50
176
     1
 62
   256
176
     0
 40
1.0
176
     0
 90
        2
176
     1
  1
strokes_ogs.tif
176
     1
290
     0
176
     1
 40
1.0
176
     1
 40
1.0
176
     1
  0
VISUALSTYLE
  5
1AB3F
102
{ACAD_REACTORS
330
1AB3C
102
}
330
1AB3C
100
AcDbVisualStyle
  2
Gouraud
 70
     2
177
     3
291
     1
 70
    58
 90
        2
176
     1
 90
        2
176
     1
 90
        1
176
     1
 90
        2
176
     1
 40
0.6
176
     1
 40
30.0
176
     1
 62
     7
420
 16777215
176
     1
 90
        0
176
     1
 90
        0
176
     1
 62
     7
176
     1
 62
   257
176
     1
 90
        1
176
     1
 90
        1
176
     1
 40
1.0
176
     1
 90
        0
176
     1
 62
     7
176
     1
 40
1.0
176
     1
 90
        1
176
     1
 90
        6
176
     1
 90
        2
176
     1
 62
     7
176
     1
 90
        5
176
     1
 90
        0
176
     1
 90
        0
176
     1
290
     0
176
     1
 90
       13
176
     1
 40
0.0
176
     1
 90
        0
176
     1
290
     0
176
     1
290
     1
176
     1
290
     1
176
     1
290
     0
176
     1
290
     0
176
     1
290
     0
176
     1
290
     0
176
     1
290
     0
176
     1
290
     0
176
     1
 90
       50
176
     1
 40
0.0
176
     1
 40
1.0
176
     1
 90
        0
176
     1
 62
    18
420
        0
176
     1
 90
       50
176
     1
 90
        3
176
     1
 62
     5
420
      255
176
     1
290
     0
176
     1
 90
       50
176
     1
 90
       50
176
     1
 90
       50
176
     1
290
     0
176
     1
 90
       50
176
     1
 62
   256
176
     0
 40
1.0
176
     0
 90
        2
176
     1
  1
strokes_ogs.tif
176
     1
290
     0
176
     1
 40
1.0
176
     1
 40
1.0
176
     1
  0
VISUALSTYLE
  5
1AB40
102
{ACAD_REACTORS
330
1AB3C
102
}
330
1AB3C
100
AcDbVisualStyle
  2
GouraudWithEdges
 70
     3
177
     3
291
     1
 70
    58
 90
        2
176
     1
 90
        2
176
     1
 90
        1
176
     1
 90
        2
176
     1
 40
0.6
176
     1
 40
30.0
176
     1
 62
     7
420
 16777215
176
     1
 90
        1
176
     1
 90
        0
176
     1
 62
     7
176
     1
 62
   257
176
     1
 90
        1
176
     1
 90
        1
176
     1
 40
1.0
176
     1
 90
        0
176
     1
 62
   257
176
     1
 40
1.0
176
     1
 90
        1
176
     1
 90
        6
176
     1
 90
        2
176
     1
 62
     7
176
     1
 90
        5
176
     1
 90
        0
176
     1
 90
        0
176
     1
290
     0
176
     1
 90
       13
176
     1
 40
0.0
176
     1
 90
        0
176
     1
290
     0
176
     1
290
     1
176
     1
290
     1
176
     1
290
     0
176
     1
290
     0
176
     1
290
     0
176
     1
290
     0
176
     1
290
     0
176
     1
290
     0
176
     1
 90
       50
176
     1
 40
0.0
176
     1
 40
1.0
176
     1
 90
        0
176
     1
 62
    18
420
        0
176
     1
 90
       50
176
     1
 90
        3
176
     1
 62
     5
420
      255
176
     1
290
     0
176
     1
 90
       50
176
     1
 90
       50
176
     1
 90
       50
176
     1
290
     0
176
     1
 90
       50
176
     1
 62
   256
176
     0
 40
1.0
176
     0
 90
        2
176
     1
  1
strokes_ogs.tif
176
     1
290
     0
176
     1
 40
1.0
176
     1
 40
1.0
176
     1
  0
VISUALSTYLE
  5
1AB44
102
{ACAD_REACTORS
330
1AB3C
102
}
330
1AB3C
100
AcDbVisualStyle
  2
Hidden
 70
     6
177
     3
291
     0
 70
    58
 90
        1
176
     1
 90
        2
176
     1
 90
        2
176
     1
 90
        0
176
     1
 40
0.6
176
     1
 40
30.0
176
     1
 62
     7
420
 16777215
176
     1
 90
        2
176
     1
 90
        2
176
     1
 62
     7
176
     1
 62
   257
176
     1
 90
        2
176
     1
 90
        1
176
     1
 40
40.0
176
     1
 90
        0
176
     1
 62
   257
176
     1
 40
1.0
176
     1
 90
        1
176
     1
 90
        6
176
     1
 90
        2
176
     1
 62
     7
176
     1
 90
        3
176
     1
 90
        0
176
     1
 90
        0
176
     1
290
     0
176
     1
 90
        1
176
     1
 40
0.0
176
     1
 90
        0
176
     1
290
     0
176
     1
290
     1
176
     1
290
     1
176
     1
290
     0
176
     1
290
     0
176
     1
290
     0
176
     1
290
     0
176
     1
290
     0
176
     1
290
     0
176
     1
 90
       50
176
     1
 40
0.0
176
     1
 40
1.0
176
     1
 90
        0
176
     1
 62
    18
420
        0
176
     1
 90
       50
176
     1
 90
        3
176
     1
 62
     5
420
      255
176
     1
290
     0
176
     1
 90
       50
176
     1
 90
       50
176
     1
 90
       50
176
     1
290
     0
176
     1
 90
       50
176
     1
 62
   256
176
     0
 40
1.0
176
     0
 90
        2
176
     1
  1
strokes_ogs.tif
176
     1
290
     0
176
     1
 40
1.0
176
     1
 40
1.0
176
     1
  0
VISUALSTYLE
  5
1AB52
102
{ACAD_REACTORS
330
1AB3C
102
}
330
1AB3C
100
AcDbVisualStyle
  2
JitterOff
 70
    20
177
     3
291
     1
 70
    58
 90
        2
176
     0
 90
        2
176
     0
 90
        0
176
     0
 90
        0
176
     0
 40
0.6
176
     0
 40
30.0
176
     0
 62
     7
420
 16777215
176
     0
 90
        1
176
     0
 90
        4
176
     0
 62
     7
176
     0
 62
   257
176
     0
 90
        1
176
     0
 90
        1
176
     0
 40
1.0
176
     0
 90
       10
176
     2
 62
     7
176
     0
 40
1.0
176
     0
 90
        1
176
     0
 90
        6
176
     0
 90
        2
176
     0
 62
     7
176
     0
 90
        5
176
     0
 90
        0
176
     0
 90
        0
176
     0
290
     0
176
     0
 90
        1
176
     0
 40
0.0
176
     0
 90
        0
176
     0
290
     0
176
     0
290
     1
176
     0
290
     1
176
     0
290
     0
176
     0
290
     0
176
     0
290
     0
176
     0
290
     0
176
     0
290
     0
176
     0
290
     0
176
     0
 90
       50
176
     0
 40
0.0
176
     0
 40
1.0
176
     0
 90
        0
176
     0
 62
    18
420
        0
176
     0
 90
       50
176
     0
 90
        3
176
     0
 62
     5
420
      255
176
     0
290
     0
176
     0
 90
       50
176
     0
 90
       50
176
     0
 90
       50
176
     0
290
     0
176
     0
 90
       50
176
     0
 62
   256
176
     0
 40
1.0
176
     0
 90
        2
176
     0
  1
strokes_ogs.tif
176
     0
290
     0
176
     0
 40
1.0
176
     0
 40
1.0
176
     0
  0
VISUALSTYLE
  5
1AB4A
102
{ACAD_REACTORS
330
1AB3C
102
}
330
1AB3C
100
AcDbVisualStyle
  2
Linepattern
 70
    14
177
     3
291
     1
 70
    58
 90
        2
176
     1
 90
        2
176
     1
 90
        0
176
     1
 90
        0
176
     1
 40
0.6
176
     1
 40
30.0
176
     1
 62
     7
420
 16777215
176
     1
 90
        1
176
     1
 90
        4
176
     1
 62
     7
176
     1
 62
   257
176
     1
 90
        7
176
     1
 90
        7
176
     1
 40
1.0
176
     1
 90
        8
176
     1
 62
     7
176
     1
 40
1.0
176
     1
 90
        1
176
     1
 90
        6
176
     1
 90
        2
176
     1
 62
     7
176
     1
 90
        5
176
     1
 90
        0
176
     1
 90
        0
176
     1
290
     0
176
     1
 90
        1
176
     1
 40
0.0
176
     1
 90
        0
176
     1
290
     0
176
     1
290
     1
176
     1
290
     1
176
     1
290
     0
176
     1
290
     0
176
     1
290
     0
176
     1
290
     0
176
     1
290
     0
176
     1
290
     0
176
     1
 90
       50
176
     1
 40
0.0
176
     1
 40
1.0
176
     1
 90
        0
176
     1
 62
    18
420
        0
176
     1
 90
       50
176
     1
 90
        3
176
     1
 62
     5
420
      255
176
     1
290
     0
176
     1
 90
       50
176
     1
 90
       50
176
     1
 90
       50
176
     1
290
     0
176
     1
 90
       50
176
     1
 62
   256
176
     0
 40
1.0
176
     0
 90
        2
176
     1
  1
strokes_ogs.tif
176
     1
290
     0
176
     1
 40
1.0
176
     1
 40
1.0
176
     1
  0
VISUALSTYLE
  5
1AB53
102
{ACAD_REACTORS
330
1AB3C
102
}
330
1AB3C
100
AcDbVisualStyle
  2
OverhangOff
 70
    21
177
     3
291
     1
 70
    58
 90
        2
176
     0
 90
        2
176
     0
 90
        0
176
     0
 90
        0
176
     0
 40
0.6
176
     0
 40
30.0
176
     0
 62
     7
420
 16777215
176
     0
 90
        1
176
     0
 90
        4
176
     0
 62
     7
176
     0
 62
   257
176
     0
 90
        1
176
     0
 90
        1
176
     0
 40
1.0
176
     0
 90
        9
176
     2
 62
     7
176
     0
 40
1.0
176
     0
 90
        1
176
     0
 90
        6
176
     0
 90
        2
176
     0
 62
     7
176
     0
 90
        5
176
     0
 90
        0
176
     0
 90
        0
176
     0
290
     0
176
     0
 90
        1
176
     0
 40
0.0
176
     0
 90
        0
176
     0
290
     0
176
     0
290
     1
176
     0
290
     1
176
     0
290
     0
176
     0
290
     0
176
     0
290
     0
176
     0
290
     0
176
     0
290
     0
176
     0
290
     0
176
     0
 90
       50
176
     0
 40
0.0
176
     0
 40
1.0
176
     0
 90
        0
176
     0
 62
    18
420
        0
176
     0
 90
       50
176
     0
 90
        3
176
     0
 62
     5
420
      255
176
     0
290
     0
176
     0
 90
       50
176
     0
 90
       50
176
     0
 90
       50
176
     0
290
     0
176
     0
 90
       50
176
     0
 62
   256
176
     0
 40
1.0
176
     0
 90
        2
176
     0
  1
strokes_ogs.tif
176
     0
290
     0
176
     0
 40
1.0
176
     0
 40
1.0
176
     0
  0
VISUALSTYLE
  5
1AB46
102
{ACAD_REACTORS
330
1AB3C
102
}
330
1AB3C
100
AcDbVisualStyle
  2
Realistic
 70
     8
177
     3
291
     0
 70
    58
 90
        2
176
     1
 90
        3
176
     1
 90
        0
176
     1
 90
        2
176
     1
 40
0.6
176
     1
 40
30.0
176
     1
 62
     7
420
 16777215
176
     1
 90
        0
176
     1
 90
        0
176
     1
 62
     7
176
     1
 62
   257
176
     1
 90
        1
176
     1
 90
        1
176
     1
 40
1.0
176
     1
 90
        8
176
     1
 62
   257
176
     1
 40
1.0
176
     1
 90
        1
176
     1
 90
        6
176
     1
 90
        2
176
     1
 62
     7
176
     1
 90
        3
176
     1
 90
        0
176
     1
 90
        0
176
     1
290
     0
176
     1
 90
       13
176
     1
 40
0.0
176
     1
 90
        0
176
     1
290
     0
176
     1
290
     1
176
     1
290
     1
176
     1
290
     0
176
     1
290
     0
176
     1
290
     0
176
     1
290
     0
176
     1
290
     0
176
     1
290
     0
176
     1
 90
       50
176
     1
 40
0.0
176
     1
 40
1.0
176
     1
 90
        0
176
     1
 62
    18
420
        0
176
     1
 90
       50
176
     1
 90
        3
176
     1
 62
     5
420
      255
176
     1
290
     0
176
     1
 90
       50
176
     1
 90
       50
176
     1
 90
       50
176
     1
290
     0
176
     1
 90
       50
176
     1
 62
   256
176
     0
 40
1.0
176
     0
 90
        2
176
     1
  1
strokes_ogs.tif
176
     1
290
     0
176
     1
 40
1.0
176
     1
 40
1.0
176
     1
  0
VISUALSTYLE
  5
1AB51
102
{ACAD_REACTORS
330
1AB3C
102
}
330
1AB3C
100
AcDbVisualStyle
  2
Shaded
 70
    27
177
     3
291
     0
 70
    58
 90
        2
176
     1
 90
        2
176
     1
 90
        1
176
     1
 90
        2
176
     1
 40
0.6
176
     1
 40
30.0
176
     1
 62
     7
420
 16777215
176
     1
 90
        0
176
     1
 90
        4
176
     1
 62
     7
176
     1
 62
   257
176
     1
 90
        1
176
     1
 90
        1
176
     1
 40
1.0
176
     1
 90
        8
176
     1
 62
   257
176
     1
 40
1.0
176
     1
 90
        1
176
     1
 90
        6
176
     1
 90
        2
176
     1
 62
     8
420
  7895160
176
     1
 90
        3
176
     1
 90
        0
176
     1
 90
        0
176
     1
290
     0
176
     1
 90
        5
176
     1
 40
0.0
176
     1
 90
        0
176
     1
290
     0
176
     1
290
     1
176
     1
290
     1
176
     1
290
     0
176
     1
290
     0
176
     1
290
     0
176
     1
290
     0
176
     1
290
     0
176
     1
290
     0
176
     1
 90
       50
176
     1
 40
0.0
176
     1
 40
1.0
176
     1
 90
        0
176
     1
 62
    18
420
        0
176
     1
 90
       50
176
     1
 90
        3
176
     1
 62
     5
420
      255
176
     1
290
     0
176
     1
 90
       50
176
     1
 90
       50
176
     1
 90
       50
176
     1
290
     0
176
     1
 90
       50
176
     1
 62
   256
176
     0
 40
1.0
176
     0
 90
        2
176
     1
  1
strokes_ogs.tif
176
     1
290
     0
176
     1
 40
1.0
176
     1
 40
1.0
176
     1
  0
VISUALSTYLE
  5
1AB50
102
{ACAD_REACTORS
330
1AB3C
102
}
330
1AB3C
100
AcDbVisualStyle
  2
Shaded with edges
 70
    26
177
     3
291
     0
 70
    58
 90
        2
176
     1
 90
        2
176
     1
 90
        1
176
     1
 90
        2
176
     1
 40
0.6
176
     1
 40
30.0
176
     1
 62
     7
420
 16777215
176
     1
 90
        1
176
     1
 90
        2
176
     1
 62
     7
176
     1
 62
   257
176
     1
 90
        2
176
     1
 90
        1
176
     1
 40
1.0
176
     1
 90
        8
176
     1
 62
   257
176
     1
 40
1.0
176
     1
 90
        1
176
     1
 90
        6
176
     1
 90
        2
176
     1
 62
     7
176
     1
 90
        3
176
     1
 90
        0
176
     1
 90
        0
176
     1
290
     0
176
     1
 90
        5
176
     1
 40
0.0
176
     1
 90
        0
176
     1
290
     0
176
     1
290
     1
176
     1
290
     1
176
     1
290
     0
176
     1
290
     0
176
     1
290
     0
176
     1
290
     0
176
     1
290
     0
176
     1
290
     0
176
     1
 90
       50
176
     1
 40
0.0
176
     1
 40
1.0
176
     1
 90
        0
176
     1
 62
    18
420
        0
176
     1
 90
       50
176
     1
 90
        3
176
     1
 62
     5
420
      255
176
     1
290
     0
176
     1
 90
       50
176
     1
 90
       50
176
     1
 90
       50
176
     1
290
     0
176
     1
 90
       50
176
     1
 62
   256
176
     0
 40
1.0
176
     0
 90
        2
176
     1
  1
strokes_ogs.tif
176
     1
290
     0
176
     1
 40
1.0
176
     1
 40
1.0
176
     1
  0
VISUALSTYLE
  5
1AB4D
102
{ACAD_REACTORS
330
1AB3C
102
}
330
1AB3C
100
AcDbVisualStyle
  2
Shades of Gray
 70
    23
177
     3
291
     0
 70
    58
 90
        2
176
     1
 90
        2
176
     1
 90
        3
176
     1
 90
        0
176
     1
 40
0.6
176
     1
 40
30.0
176
     1
 62
     7
420
 16777215
176
     1
 90
        2
176
     1
 90
        2
176
     1
 62
     7
176
     1
 62
     7
176
     1
 90
        1
176
     1
 90
        1
176
     1
 40
40.0
176
     1
 90
        8
176
     1
 62
     7
176
     1
 40
1.0
176
     1
 90
        1
176
     1
 90
        6
176
     1
 90
        2
176
     1
 62
     7
176
     1
 90
        3
176
     1
 90
        0
176
     1
 90
        0
176
     1
290
     0
176
     1
 90
        1
176
     1
 40
0.0
176
     1
 90
        0
176
     1
290
     0
176
     1
290
     1
176
     1
290
     1
176
     1
290
     0
176
     1
290
     0
176
     1
290
     0
176
     1
290
     0
176
     1
290
     0
176
     1
290
     0
176
     1
 90
       50
176
     1
 40
0.0
176
     1
 40
1.0
176
     1
 90
        0
176
     1
 62
    18
420
        0
176
     1
 90
       50
176
     1
 90
        3
176
     1
 62
     5
420
      255
176
     1
290
     0
176
     1
 90
       50
176
     1
 90
       50
176
     1
 90
       50
176
     1
290
     0
176
     1
 90
       50
176
     1
 62
   256
176
     0
 40
1.0
176
     0
 90
        2
176
     1
  1
strokes_ogs.tif
176
     1
290
     0
176
     1
 40
1.0
176
     1
 40
1.0
176
     1
  0
VISUALSTYLE
  5
1AB4E
102
{ACAD_REACTORS
330
1AB3C
102
}
330
1AB3C
100
AcDbVisualStyle
  2
Sketchy
 70
    24
177
     3
291
     0
 70
    58
 90
        1
176
     1
 90
        2
176
     1
 90
        2
176
     1
 90
        0
176
     1
 40
0.6
176
     1
 40
30.0
176
     1
 62
     7
420
 16777215
176
     1
 90
        2
176
     1
 90
        2
176
     1
 62
     7
176
     1
 62
     7
176
     1
 90
        1
176
     1
 90
        1
176
     1
 40
40.0
176
     1
 90
       11
176
     1
 62
     7
176
     1
 40
1.0
176
     1
 90
        1
176
     1
 90
        6
176
     1
 90
        2
176
     1
 62
     7
176
     1
 90
        6
176
     1
 90
        0
176
     1
 90
        0
176
     1
290
     0
176
     1
 90
        1
176
     1
 40
0.0
176
     1
 90
        0
176
     1
290
     0
176
     1
290
     1
176
     1
290
     1
176
     1
290
     0
176
     1
290
     0
176
     1
290
     0
176
     1
290
     0
176
     1
290
     0
176
     1
290
     0
176
     1
 90
       50
176
     1
 40
0.0
176
     1
 40
1.0
176
     1
 90
        0
176
     1
 62
    18
420
        0
176
     1
 90
       50
176
     1
 90
        3
176
     1
 62
     5
420
      255
176
     1
290
     0
176
     1
 90
       50
176
     1
 90
       50
176
     1
 90
       50
176
     1
290
     0
176
     1
 90
       50
176
     1
 62
   256
176
     0
 40
1.0
176
     0
 90
        2
176
     1
  1
strokes_ogs.tif
176
     1
290
     0
176
     1
 40
1.0
176
     1
 40
1.0
176
     1
  0
VISUALSTYLE
  5
1AB49
102
{ACAD_REACTORS
330
1AB3C
102
}
330
1AB3C
100
AcDbVisualStyle
  2
Thicken
 70
    13
177
     3
291
     1
 70
    58
 90
        2
176
     1
 90
        2
176
     1
 90
        0
176
     1
 90
        0
176
     1
 40
0.6
176
     1
 40
30.0
176
     1
 62
     7
420
 16777215
176
     1
 90
        1
176
     1
 90
        4
176
     1
 62
     7
176
     1
 62
   257
176
     1
 90
        1
176
     1
 90
        1
176
     1
 40
1.0
176
     1
 90
       12
176
     1
 62
     7
176
     1
 40
1.0
176
     1
 90
        1
176
     1
 90
        6
176
     1
 90
        2
176
     1
 62
     7
176
     1
 90
        5
176
     1
 90
        0
176
     1
 90
        0
176
     1
290
     0
176
     1
 90
        1
176
     1
 40
0.0
176
     1
 90
        0
176
     1
290
     0
176
     1
290
     1
176
     1
290
     1
176
     1
290
     0
176
     1
290
     0
176
     1
290
     0
176
     1
290
     0
176
     1
290
     0
176
     1
290
     0
176
     1
 90
       50
176
     1
 40
0.0
176
     1
 40
1.0
176
     1
 90
        0
176
     1
 62
    18
420
        0
176
     1
 90
       50
176
     1
 90
        3
176
     1
 62
     5
420
      255
176
     1
290
     0
176
     1
 90
       50
176
     1
 90
       50
176
     1
 90
       50
176
     1
290
     0
176
     1
 90
       50
176
     1
 62
   256
176
     0
 40
1.0
176
     0
 90
        2
176
     1
  1
strokes_ogs.tif
176
     1
290
     0
176
     1
 40
1.0
176
     1
 40
1.0
176
     1
  0
VISUALSTYLE
  5
1AB43
102
{ACAD_REACTORS
330
1AB3C
102
}
330
1AB3C
100
AcDbVisualStyle
  2
Wireframe
 70
     5
177
     3
291
     0
 70
    58
 90
        0
176
     1
 90
        2
176
     1
 90
        0
176
     1
 90
        0
176
     1
 40
0.6
176
     1
 40
30.0
176
     1
 62
     7
420
 16777215
176
     1
 90
        1
176
     1
 90
        4
176
     1
 62
     7
176
     1
 62
   257
176
     1
 90
        1
176
     1
 90
        1
176
     1
 40
1.0
176
     1
 90
        0
176
     1
 62
   257
176
     1
 40
1.0
176
     1
 90
        1
176
     1
 90
        6
176
     1
 90
        2
176
     1
 62
     7
176
     1
 90
        3
176
     1
 90
        0
176
     1
 90
        0
176
     1
290
     0
176
     1
 90
        1
176
     1
 40
0.0
176
     1
 90
        0
176
     1
290
     0
176
     1
290
     1
176
     1
290
     1
176
     1
290
     0
176
     1
290
     0
176
     1
290
     0
176
     1
290
     0
176
     1
290
     0
176
     1
290
     0
176
     1
 90
       50
176
     1
 40
0.0
176
     1
 40
1.0
176
     1
 90
        0
176
     1
 62
    18
420
        0
176
     1
 90
       50
176
     1
 90
        3
176
     1
 62
     5
420
      255
176
     1
290
     0
176
     1
 90
       50
176
     1
 90
       50
176
     1
 90
       50
176
     1
290
     0
176
     1
 90
       50
176
     1
 62
   256
176
     0
 40
1.0
176
     0
 90
        2
176
     1
  1
strokes_ogs.tif
176
     1
290
     0
176
     1
 40
1.0
176
     1
 40
1.0
176
     1
  0
VISUALSTYLE
  5
1AB4F
102
{ACAD_REACTORS
330
1AB3C
102
}
330
1AB3C
100
AcDbVisualStyle
  2
X-Ray
 70
    25
177
     3
291
     0
 70
    58
 90
        2
176
     1
 90
        2
176
     1
 90
        1
176
     1
 90
        1
176
     1
 40
0.5
176
     1
 40
30.0
176
     1
 62
     7
420
 16777215
176
     1
 90
        1
176
     1
 90
        0
176
     1
 62
     7
176
     1
 62
   257
176
     1
 90
        1
176
     1
 90
        1
176
     1
 40
1.0
176
     1
 90
        8
176
     1
 62
     7
176
     1
 40
1.0
176
     1
 90
        1
176
     1
 90
        6
176
     1
 90
        2
176
     1
 62
     7
176
     1
 90
        3
176
     1
 90
        0
176
     1
 90
        0
176
     1
290
     0
176
     1
 90
       13
176
     1
 40
0.0
176
     1
 90
        0
176
     1
290
     0
176
     1
290
     1
176
     1
290
     1
176
     1
290
     0
176
     1
290
     0
176
     1
290
     0
176
     1
290
     0
176
     1
290
     0
176
     1
290
     0
176
     1
 90
       50
176
     1
 40
0.0
176
     1
 40
1.0
176
     1
 90
        0
176
     1
 62
    18
420
        0
176
     1
 90
       50
176
     1
 90
        3
176
     1
 62
     5
420
      255
176
     1
290
     0
176
     1
 90
       50
176
     1
 90
       50
176
     1
 90
       50
176
     1
290
     0
176
     1
 90
       50
176
     1
 62
   256
176
     0
 40
1.0
176
     0
 90
        2
176
     1
  1
strokes_ogs.tif
176
     1
290
     0
176
     1
 40
1.0
176
     1
 40
1.0
176
     1
  0
DICTIONARYVAR
  5
1ABD1
102
{ACAD_REACTORS
330
D770
102
}
330
D770
100
DictionaryVariables
280
     0
  1
1:1
  0
DICTIONARYVAR
  5
1ABCD
102
{ACAD_REACTORS
330
D770
102
}
330
D770
100
DictionaryVariables
280
     0
  1
STANDARD
  0
DICTIONARYVAR
  5
D7A6
102
{ACAD_REACTORS
330
D770
102
}
330
D770
100
DictionaryVariables
280
     0
  1
STANDARD
  0
DICTIONARYVAR
  5
1ABCE
102
{ACAD_REACTORS
330
D770
102
}
330
D770
100
DictionaryVariables
280
     0
  1
Metric50
  0
DICTIONARYVAR
  5
1ABCF
102
{ACAD_REACTORS
330
D770
102
}
330
D770
100
DictionaryVariables
280
     0
  1
Metric50
  0
DICTIONARYVAR
  5
D772
102
{ACAD_REACTORS
330
D770
102
}
330
D770
100
DictionaryVariables
280
     0
  1
2
  0
DICTIONARYVAR
  5
D771
102
{ACAD_REACTORS
330
D770
102
}
330
D770
100
DictionaryVariables
280
     0
  1
1
  0
DICTIONARYVAR
  5
1ABD3
102
{ACAD_REACTORS
330
D770
102
}
330
D770
100
DictionaryVariables
280
     0
  1
1
  0
DICTIONARYVAR
  5
1ABD4
102
{ACAD_REACTORS
330
D770
102
}
330
D770
100
DictionaryVariables
280
     0
  1
15
  0
DICTIONARYVAR
  5
1ABD2
102
{ACAD_REACTORS
330
D770
102
}
330
D770
100
DictionaryVariables
280
     0
  1
0
  0
DICTIONARYVAR
  5
1ABD0
102
{ACAD_REACTORS
330
D770
102
}
330
D770
100
DictionaryVariables
280
     0
  1
0
  0
DICTIONARYVAR
  5
D7A7
102
{ACAD_REACTORS
330
D770
102
}
330
D770
100
DictionaryVariables
280
     0
  1

  0
DICTIONARY
  5
1AB2D
330
1AB2C
100
AcDbDictionary
280
     1
281
     1
  3
BUMPTILE
360
1AB2F
  3
DIFFUSETILE
360
1AB2E
  3
OPACITYTILE
360
1AB32
  3
REFLECTIONTILE
360
1AB31
  3
REFRACTIONTILE
360
1AB33
  3
SPECULARTILE
360
1AB30
  0
DICTIONARY
  5
1AB25
330
1AB24
100
AcDbDictionary
280
     1
281
     1
  3
BUMPTILE
360
1AB27
  3
DIFFUSETILE
360
1AB26
  3
OPACITYTILE
360
1AB2A
  3
REFLECTIONTILE
360
1AB29
  3
REFRACTIONTILE
360
1AB2B
  3
SPECULARTILE
360
1AB28
  0
DICTIONARY
  5
1AB35
330
1AB34
100
AcDbDictionary
280
     1
281
     1
  3
BUMPTILE
360
1AB37
  3
DIFFUSETILE
360
1AB36
  3
FBXASSET
360
1F7E7
  3
OPACITYTILE
360
1AB3A
  3
REFLECTIONTILE
360
1AB39
  3
REFRACTIONTILE
360
1AB3B
  3
SPECULARTILE
360
1AB38
  0
DICTIONARY
  5
21DB1
330
D77C
100
AcDbDictionary
280
     1
281
     1
  3
ACAD_ROUNDTRIP_2008_TABLESTYLE_CELLSTYLEMAP
360
21DB2
  0
XRECORD
  5
1AB2F
102
{ACAD_REACTORS
330
1AB2D
102
}
330
1AB2D
100
AcDbXrecord
280
     1
270
     1
271
     1
  0
XRECORD
  5
1AB2E
102
{ACAD_REACTORS
330
1AB2D
102
}
330
1AB2D
100
AcDbXrecord
280
     1
270
     1
271
     1
  0
XRECORD
  5
1AB32
102
{ACAD_REACTORS
330
1AB2D
102
}
330
1AB2D
100
AcDbXrecord
280
     1
270
     1
271
     1
  0
XRECORD
  5
1AB31
102
{ACAD_REACTORS
330
1AB2D
102
}
330
1AB2D
100
AcDbXrecord
280
     1
270
     1
271
     1
  0
XRECORD
  5
1AB33
102
{ACAD_REACTORS
330
1AB2D
102
}
330
1AB2D
100
AcDbXrecord
280
     1
270
     1
271
     1
  0
XRECORD
  5
1AB30
102
{ACAD_REACTORS
330
1AB2D
102
}
330
1AB2D
100
AcDbXrecord
280
     1
270
     1
271
     1
  0
XRECORD
  5
1AB27
102
{ACAD_REACTORS
330
1AB25
102
}
330
1AB25
100
AcDbXrecord
280
     1
270
     1
271
     1
  0
XRECORD
  5
1AB26
102
{ACAD_REACTORS
330
1AB25
102
}
330
1AB25
100
AcDbXrecord
280
     1
270
     1
271
     1
  0
XRECORD
  5
1AB2A
102
{ACAD_REACTORS
330
1AB25
102
}
330
1AB25
100
AcDbXrecord
280
     1
270
     1
271
     1
  0
XRECORD
  5
1AB29
102
{ACAD_REACTORS
330
1AB25
102
}
330
1AB25
100
AcDbXrecord
280
     1
270
     1
271
     1
  0
XRECORD
  5
1AB2B
102
{ACAD_REACTORS
330
1AB25
102
}
330
1AB25
100
AcDbXrecord
280
     1
270
     1
271
     1
  0
XRECORD
  5
1AB28
102
{ACAD_REACTORS
330
1AB25
102
}
330
1AB25
100
AcDbXrecord
280
     1
270
     1
271
     1
  0
XRECORD
  5
1AB37
102
{ACAD_REACTORS
330
1AB35
102
}
330
1AB35
100
AcDbXrecord
280
     1
270
     1
271
     1
  0
XRECORD
  5
1AB36
102
{ACAD_REACTORS
330
1AB35
102
}
330
1AB35
100
AcDbXrecord
280
     1
270
     1
271
     1
  0
XRECORD
  5
1F7E7
102
{ACAD_REACTORS
330
1AB35
102
}
330
1AB35
100
AcDbXrecord
280
     1
 70
     1
 90
-1506045146
 71
     1
  1
3B9A363B-1B40-47AA-9233-04B129DD4F9E
311
504B03041400060808007162F34CCB18C14E3D010000A80100004F00000041413239433930362D324633442D343734442D423741372D3542343546414231463038332F4173736574446174612F446566696E6974696F6E4974657261746F7250726F706572746965732E62696E35904D4A033114C7A30BC54511D1AD5844C1
311
4D9CCC2433D38822893311178AD803483AC676209D4E9B198A2BBBF4001E405C08EE7A04EFE205BC81269D1A78F9BDF7F23EFEE40500F0BB3CD6052BD666F66E595EAA424DF2AC9B0DD450823597D1A39ED407D68BD2B813895440817D0E498830A4B1CF6094262426220C19A6ABB66EDD5AA21E65AD2B37F23A3799D25A16
311
6A549B2D9B58EE680F656577497DEC9A360070985903FF0FC64DEA378A9CC8A935F9509E9C4B635475E63116D00B8A2218089C40AB21813C66310C390905E3BE401DECDD2933AA2799321EE694E10873E873826C39639006184344B81FD0242182A65E35A8DDD7EC3819BD42E6DA43DE52C27D59F45FADC8B7EF62CFB11C3F
311
DD3AFE4C1BB6DF3F6F16F98F86F356DE7531DA6C58EEEE9FBAB8BDDD103D5F89457FD9707EE82FEABF8E1AFE01504B03041400060808007162F34C0AF9721E09010000300200004500000041413239433930362D324633442D343734442D423741372D3542343546414231463038332F4173736574446174612F496E737461
311
6E636550726F706572746965732E62696EEB606060F80F0540260323103700495E20ED9E9A975A94991C9C9C919A9BA802143076B27434363376D235743231D035317774D4B5343236D63530713234B274713171B374654768046B313471713532B5D435353131D635313332D475727372D13534373670367376B67474B504
311
EA00DBCBA019D37FE8ABC6157B20CD04146B0062181F4C03F940F0C11EA29A8141C08141002C0426541C106CAC2CA046088033B02A030AC2157C6006F21A8018AAF50194E6010A610250382264E08660284CD9E98021862280A91564B406929A0FF62C401E28B6F88038B83CB1243943D7A928312F25350524A3DD70F5FFAA
311
5020030690054257FDBFDAA00D9541E220AB81E96360002A40180500504B03041400060808007162F34C88E57597CD3F0000904100006B00000041413239433930362D324633442D343734442D423741372D3542343546414231463038332F5265736F75726365732F33423941333633422D314234302D343741412D393233
311
332D3034423132394444344639452F7468756D626E61696C2F302F67656E657269635F706E67355B773CD4FF1FBF73E71C0E67EF7576C9DEF3EC995D46C6A1EC5046649CBDF79E192942562825CE965D8A868C2842C8DE9FDFD1F7E7F138F7078FCF6B3F5FCFD7EBFDFEC41B196891913091804020321D6D7513FC77D8C507
311
0EC3FFEE51B21F068154CC75D455CC028A3EA68992803810109FDDE5D5CEC5521B28A1B422BF80741695D5B529DA1C2D058AD2388BDA9F476F7C2CADC939304173DBF48A452BF8A700C0C70C3D121C1AA15A5270C22E2B9E28763651F7DA0D12CE11077B2ECD0D560B5E3DE2368B1E65C5E1C87384A4CC5F2D9FB8BE39E9B7
311
7C753783A37998F5CEF1B4FEE553463245C9712270880DF339E0B882A6BA713D865F6F384C842D440934EF264F4A304F8DE4EEFA1E2BF5E2D91F5ADD9613D6E31DDB33ED31DB1D7916CAF091286EA3D31B9CFECB78BB0060245B943C4C040119FF780A74DD308BA9D028678674EB5504ECF284EE814DAED07440BAF649BE4B
311
55DA2890F4D73E2D489A59EE54FDB0A85B59F2F52C4858A02705C4815A792B0C4A996A2023ECB195073E115E3E3647F64243A8338F2000BCB58DA5692C7E7C3D413F963FEDF3CF00FBB0F831A9D51360FECA43819F527B89FA260EB63C5DA676830AA3626A3693B23F1A17A0DFFCE3EE164E31B5365EDF0C89EF64D8E38AB0
311
BA9A1117D7C3A0EC44F44F4023095E80BA610DE336D0F99593A88BFC5306E72DF98F7FD132ED95878DF2964EA7E43071359FD83B2BDF9C6B5BDF768F0F3C0FC351199526F53D9460A34511F75D1B63E488178569472C91A94497807A3FD4A390C6558F26D416365C3656DE6E769DA9D8FC73774E1709812842DD8EF96AED19
311
60F79D21B395CDDFE6F92CB4EB962A4668C76990E2EF29798C8941D67DA50F4A5F947872460F1F6FDB794E8A29FD7AC0C0D6E0714339CE258FB17AE8535221E3464A10F29A0BE5EEECEFC5675926A89F49EB14E5711894F6586DB5754EB4D5DA9C6437EBA57DB97A24F8B8A8DB295FFD73266CF57E82694DF5166DDF93573A
311
FE9C9C5EB05F8FEF8E89E0A8917B0B3724DB7BEBB53252581EFC3E38166BA131A3A5B42FE2AD00A769BBFA4458D2DE7822F8C4F63D0B8E21B285AE13325F3410A435C648C9D91FDEB109E73CEDA7BC796961AF79175E1A3CE4C5E8B0D009B0C9E29EFD98BC8E97554E3D8D838424E270F7685226E5AC268E021EDE3522D583
311
E8F20C0BDE2959EF5BBFEEDAB32FE9A3ED0E39F211A86AA9DEBFC68182EDED132AB8BB794442D2D7EA9F4D8BFF52BC4D55BB165124EE90A42D101E67BBBB292FFB4F66DE5BF2300E44546757DA7CEF8932BFC9F92A0707953491A55C5A5ACEDABD9FA1AEA01BAC3DC5A24E22E7C47213493996EFBC369D086ED9397C9BA6C7
311
F9855C7BD5E15BFC8C53DB3D2A4C5901A57ACD2FBDF4D1676E95338B2C2BCE65FDA4C64F5FEFDC7D9CA5AA1FCF11E193F2FDABF0F4916BF13FB916A224380E6462A9815F2300DC49CC4DF8D055CEF76462F4B7A7ACA7365C2707891370BC1D0AA6203C44CCAB47084FEC057F27FFCD57F89B8B9852459798A675C66BD7CE57
311
2CAF71FF7E6D7ECF7BF62CAB7B3F1107DCD04DC55A3F9961700286141C94A4F771FEB2BCDA2DDEE0CB0BAE402FF1DB0100F8E475DFFFC074DDB4498AB7D186A7654DDB1CB680D703D47CEB4E72F8CB13D86A4AA68116E26387B93FD6738779B34FEDB8E517EDF2BAF28D9BE93A1D3A164320E07D42E514725C29515FF36175
311
4213EDE06B079A2E99EB1CA82A02019EADEEB87B9AF005BD04BBCECB14AACD6B24EFBE482194A97DD32400685FF1FEF1544D1B14EFB1E7F08E6D2CD2AF52DE757F35F5E62332EE88EA26417AD5C3E0E319D68F25414E6D672BD4522B278C57D18F0113921C71D96527E091F00CEB15AE23D24667369BD3CEFA10C7549D9308
311
90BA4366F4EBC55F01F746109F98ABCDD5A3EE06619C6AD78AB33E48E4C9BD21BF7478B385EC05C4F8987E2C1BFA0A60EBEDAA0AE0B015C2720ECE180FB6F2DEFBEB822D96338C9B63822183BBF52FB664A7AE57003AABCE512BF77E7E31BDA2E739AC4C131657DDFE5225E900FB56CC01CDE808FA4A9C9DA16AC679656BB6
311
4796283D89812B8F91136AE18EE5EBBAF47A73BE3C153EB5D4CD491B4BFB4FE690A4CF9ABA08C0D8AA64220C438C96EA6CA80B58FE5761E697B3A292EB9FBDA502FA863E49FE694ADDFFF9D62C520BDD1A22014147A0903A05B9B729F54272EF83931FEEC057BFF8C8055C279EAC5C0011804828734024F6CFA319C9CC6867
311
C727184465CD9BB7ED386AFFD96B294A85E3802FAE47244602D8273615952B98C4F23F7EAE4463D9D638EEE374A20959E0FE519C4CFB0FBFE5DD80C2AA3F9DB961D1BDE57E67C9BB47B77FDD74EE3094F5DBBE3EBC1FBDB7393F5116263009E2EFE1AF9A221B2AE234C902BF70E9F280ED23E73908361565964333A3F01D0B
311
006AF32FB21AA1316744B489D5A198E85299241735BE559675130955C902A8ED761FC0DBE337A9F91919AF5CE32AF902ADF9AB2615E00E8A94586BA1A90839B61832FF1BFB76D2EFADE6DB1BA04CCAD3DA649E7E2A0219F592E22F2AD54847EEA8E42271011E9074F8F3DD9FBA6CDF88FFC9FC7E811AD1CA8F4557CE4AFC7B
311
BEDCF0114A48689F20A584520C74DA8127124B767E2FB91A6B186246727BE63C9445BAE02088D58B8EFDC0F1072407CD9B89A13F6303B4A928F593AD489B58E6869325790ADC406036C591729FE14021F94B7796BB11848D463536A092A26F077F94639F7CEEE2A724C66EC885F4A24F8B8A0AC321F8FD149BA529460FAA34
311
E4663C02D41FDF80BCA222D42F0ABFF8490F4FA74C673807C2051D8E467B47B616072860069A9A303ABA9B319D58404461401B0A0F9BE5E1E151C14BC33B32ABE03DDE91708DFAEB15E7C0D593C86BB7D7EC17BE56E57975F077BFD5525F3A1A361D584A75E08CF29FC7B44B2B3085014F3A5A14517377C3F6B8F37E59514C
311
3B12F8AACDEDDA4DFC49BE5710101534CD6FB6DE15B50F11A09472AABA727F0C49D9CB906B158030065F48EB3625E010CEC1D511D0053474B11E6A4F01C0D6EF1BED3A944FDEC70E0DDCDC756C86545910E0DAE3BE3AA9A404574C2995CD5CAF9549226BC94B4F4F0F5F9086F418F6B32346464610D8BC7391D3C3A3CCF04C
311
FC1FB2A3A3170E369511868F14EEA4E5E438CC73DB1F3248AA94B6B2FF33B222FF3D1E7BF146CAD229770158063BCE4F5391964DF62F7E52A7BE0EEA829C9E13C4C147D6F93FE59E111DAB5E4594D6F3CD1AD375EE039930EFE5AF2BB2D41C83C7DABD8C659BAFBE8FAB392CA634F3D15C1D945DB4588D2B0824A4EC928AAC
311
565557CA2F0DAA588CA5BE30B3A8004F7BF005E96CBF891D7F18112A3619FDF530DC8AA64954258E1811789B5189B49B4EB53F5F89F7D37523894F3EB57B373763C91E502F52CC99EB7BDDF933FC324C4FFC2561DFFA7339FAFDD0A4BFBE6D3A8FF9ED1FC49898139864602458968913181918F719CCF5A68B2EE9C1FF050E
311
34E63107003B8120FA982C21B30A874E4F5E4B38D5A8290C4B8D9BE48A0BE31EA995BDC37AC6DE90BA17D259DEF53605D55922FEB1855D915B659FBEB350EE0DFB2F9F766E1C84CC8964B75D08667445EAB966015F63A18A9E0A325C1B3DC628C0D3CB60F767FA93CC65F25458BD23C3B312716E5F40E5858AC06EBA9AB14F
311
95DB99147B832069201541D09A0D856E12C629CF32683760EE855537D1901988D5EBC156676C7DD51D7207CF3267AF1D76C2AD867315E44618015313A98B19941C696FED3461CAA9B5415F918556D7802EDACEFD6B2E45853A9735DFC9DBF7E440F9319F8B6805A973BCCDC76C069A9144E51F187EDCC12FC31B5DEAAF0A76
311
137199B106EC84ADA6B6EE697D4E6A96E007417F4E880E8B1E89B4BCE9D81EF611E2ED8F0C1A6C25F620FAFAAB656A7C42D464880E8AFAB0E0FC8EA38CA9A8AEEAEE3E4648BA4680270A89743CDD3E6C6CBF34B7B640EFA285ABC7EA0A1E28F3CC963D114A80123EE66D0AF7D5380EB41909B605AB4765B709B80859045815
311
7E69BA1378FEC4B48CAF6A730E3BE3C5EF2DD1A5EAF94B1DDE50CEB55DDFD7EE9A16747FA4B223359FB1FCC69E1194892BABB93A1D5C4E807AC0EA2E30180811E77A2291F6E7F7FAA5E0F60215BC6024E48DE436C511F0628B8CA189982D4D83CCA17D305A7E923C37941CFDFDCD93ACAF735EF5F0E61BBD3E6C41A59B2427
311
90D3A3BAC7064DCD89AA2E37214EC839820949D5CAA31E240D2948E48F690298974A96BA9A8432BC90F5071D6537C9666EA4564796B7AFFFA548077BEEA75F63083435074BA182F3699557397F71548383FDA8CA34D99B981E72835ECDA5DDDC151315173D05A21F651AAF8524E88209E2E7A737ED1045800CE3390050BCFB
311
8BE588DF111617874C62575039CA588EEFDEFEFE319B739DE2EDC147092A262611E159650E787917885EF08F1F51B8F2D8A71D60B58B190FEF9541A1BE94BC19FEA50784DA1419FE4B0FB51B8D36B5FF8E1286FD8AF42B91E59A5F1CC4D60174E764045FD8C57B18209B217F89A62252BD20BE0E63E12B8E8F029FE19E0E8D
311
0870F58721A557082250D5424F7909369376E41666C0EE77CD87CB283F661D5FB6D0DA023CB67320A20DC7BE661E9E1BFE5463085C557DA1FF9BE835733766C3D139F2CF9E2208873AD0EB4814DE9E6BF2CAF81614D4D43906ED1C05A3265CABBFE192770FC2F64F940CB6B17B5F166F133C9AEEAD2641807C3E69515171DD
311
74C4A85311513D6EC9530B3B601B6BA3EBFF3B5C3D2F7D69765141E345F75433953D013ADDF8F6AA7DC3F4A7563FE5C7D367937E2900D7EAD0F9FC9A4A1A9B5BDF1FEF08532660C01C5D6DE22199AA774383E306DAB87E301ABB7D213887F9869D4942D0D71E94B27EDF216A318BD488D45DF84529EF575AF3C3938C0AAA02
311
15B01994153E2054A0B894DA5C784980633AAD48576957CF4AEAEAFADC7C587368551C73DBE1E57C58AC713303A8BFC258BD04B51724459FF9E24C03A81E0E0679CEB9B348C0DC998FEB9C6D6EFA77D247CC8F92D3848599ED89A23218D0636465AD1CEEB7DC140D7426F83491C4E8E8281C2FB35240918FFECE880CA2A42D
311
70E8B20B34DF5221C7DB0CF90ECCB9C745B37A47E9B716FF7A97B7A252C1F3814DC7B1E1A7F72B8751D524EF7CAE45B0C73B3BE7D08ED39781B380DDFC9AA4A4749C9493DB5BAD07A6EA6C092FBD0E85DB004DF06B8C9D3089C5320187E4CE1846158C7EA7DDAE8AD9AFFF21AA3A1026BB06A259845E8232DEE62811A4DA9C
311
EAB3A4887320B76E2AE5615EAB7BDF738CBDD01F1E64064BC13D9EC53576751CA8CACD58B3CEB0E6CA585BD089B2A59B9FC101403387AADBDBE70586B93D64BF3AD4453EF9C3B6A93817E8346991798601344F79A83C51F3D50F7BF2683A3605F51A72449489E0EE6169C749C60B1035651103AEE24D24E51A759C840DD3FC
311
6504DA6FE107510E447B43461C79D22970B75DE5E1BD3007D1AFC619A4A4A69B5626AF5E9B8374E20677F77E2F8E73DF868E8BEC7EBA7B6A75EEF7205E1AB9486CB642741D6E03FF13FCCEDB1C4AC129886268B01CDF4B124AF797CF784F3C6DEC97A17D4B558070A0F1C04DA4FF9BDBF34159AEFE958479824B3F58EBD1E1
311
9088A2AFDE501B6F2052368A3FD0E650A179EFAB1561E1D27527077136E652676C3670F42DCB3352F48F6BC86D2C3B0051727E41A0A4DC6CE2BE9D47F5CAA2935A3C0539AF080665997194ABECD723B08129CC5B6B21D2E7D54CD4D12610E7E9FB8306771A89576C7A982002775ED44F3F744CF21EEBB27A631671D921938A
311
AEE3EB0D19CD1E083727F607823E817BF599DCED5394E37EEBC2E88782E638920CA641EF74D4CDFCDEF06F4278ECB18E31E7E9876F2D783C8BF429C75395F57E98C2B495A3DA077EB3AC3C158608B6B57FE3EA48484D9A480096FCEE0DE880950E7E5A5714131C5C41AAA29FD19AE81AC145FA1B9E85C7169A5AB837B21349
311
3DF7E9AA4B5FBF9CDEB36EBD21EF1181B7CF7366AB2A951D01E37AF4EB835D1BE8C117CFBE7625D2EBCDB0B20C5A4B45CED0BCDE3EE8DA9DA78C2E21DEAAFFD1197E463C33CC6A80FB785669B856EFF7A8CCCA2841B5A5369173320B1170C368B2748D81062EA0296E5E2D95D7667A4A46D98A6FF475C76AAB0A8C8D45E226
311
FAFC9FE0133EA9F60111F99CA81ACE03A1D14C89E8B0D69079C91464FA1D99E651D0EAF606F345C42A8A1AA9BA391031582B96D5B4176A77AADB01F12FD298A75DEEBB2C82F0B8650E880722F8DDD90C56A7A058E5FDEF1AC93545BA27367C76F5D8F9690CB6F8DAE141EDD7971F0FB548A2AE435F224D6E5954CA155512F7
311
332029D5A1230854B79F258EC5FFDB09F5F6343A8EB193229B7F7E79B3E48F8E183860B38C8269D1B53738FF1E0BACF6AADA6D4869E9DE708E79B5DADCC09B1BC76F649731CFAF59A83FD8BAE4C749D66FA87A3810D4D62FFE826FA400C0F325D2BC0F3CA35F5847B82A2ACC7961745C823E4D863D54460AF792CE6F79B5C7
311
A33B25C3AEA6CDE15A919B6367D781E9D44F61BF828672594A3E1D9EDD6DF179A81F27EAC05B936575D73E05C209DDD2115CFB705DF9BBF3C911589B3640735E9E618FC9C36A7326C82B2205E244C55D56FDB9D5DC93CE958D4BF8174D2B3DA54CB3C09F2C2A6DFF73D23B2197355761AD421EC581284A7EF8DE2CE3497C0C
311
804D49B41DFD6A7360844E5BEFFB495CFCDB97A4595911CDBA623274CE852B5E278AF0BEB1770E9D37CD977B2766A7DED0E94B840E1E95E8C77DE5CB6354AF7871427C28ADBEEF7BA0A28E19DE9ACD75F379FE373EAE6DDDAE3834692F9C2B03B4FCA8FCA9ABE8EEEBEBB725B88A7C90941E850682CA04061A7DF0CE82ED49
311
BFAFFD42C309818FAE14755CAAE78B0F73243ECCCAD7DF58FCB9CDFAE7A4D3E6671A613639130D056C8383C8F4FCF4808C331E544DD26E4755D09EA05253B3049A1E32587CC25D72E073E2CD96D04A71BBCB0038FEC3F53D254199C3CDC67CD66640269431860225392B2CB3ECD0B4498AAE78BA1994246AE1EE78F2EDFB79
311
F6C6CB6B5E279C4D373FBC21CB2698C9ACBBEB6A4BB6B39E16AB0E421CCBFC7654D81ED86022F9BB522146F9F4772E2D0E4FA70120C95A85A417BF5078B232F4754363EB1750B2AC2148EB46B1EA72AD9B4D23ADCBC589D70106C3EC2ABEEED84DFE28E718C6C83502C28E9FDD3B09DA0A6F6F7B72B706A31C9E2A331EE70D
311
A56A083D2177BFD63C55B11D8D949FAFCF90B23A1E24B9B5018B9A17E99F2890EC302F330FE7936E2C23F0D237EC8916F5166AB84B62A21BB0B950146962D754F92CC2C8877BED8FC7B7B25726DD19545392570B3A2C66B58F027BEF412E552D12A588C4A3CC5C3193FCB3485EFFF700D0B9EEC077754A33DC1FB9E25AF814
311
628F91DDFECB667D3F7690803F38D13F8AE39353523BB08FC6760144AFA2CE28236F65EDBB3D5F59A57D612B99E3D7E5F8A851666BF9B5A6658EFC96EEB37A378ABB0EB3FDDF1303AF32C41BD1C8560745D7BD81066B0D6313359CF488563D3BA3F8E2185D1FAA3EBA1397C9D0E3DD232180A4DCADB6AF25DB3AC3CC26589C
311
8239E66E81547BC7E2F328F9884764CA37EB5DBE390DFC03A5246B456A7C3684C4377D0EEF9A350680FA9A077E8B2957B489E09AB1AD41316944C2254B5984830F691C93CAA767EECF976FA5647538830B5E63236A6F0365C1E0F3E327F24FE35EDDBD7360B0F7374837409F7A6311BECC12B7026D4FA1AE204FA3F5FE904B
311
1F420C7A9044AE58E403E7C4848E7DA25DC9EDAC79DD756FAA26B9EA83ACE8A214A2612A22AFA19DAE7DBAC5F8CDE1292A485F98DAC731A29FE01A3966E96BCB9FB5A4C8830E1B9AF0C54B87FBE221A097036E5D28D1F869F810C06A9BB0AC0612F69AEBAF893C6E7AD59460208BAB3A6B09CA4F6BDDAB8CF0D1F84B724874
311
98395A70DCD754796E271099A567A55CF242BBED64696378BB6CF25EF0FCDB589F3A82F1116D010A9AB9FA4358809EE0C973A2B4229BAA876A70B03AB49CBA7FBE71DB1832FFD32F9BF2C8E98075CACAFB36921235D0F552B6A67E94E094097A5D7DF681B40623DA535ADA7A9AD8E9A62407D7C9A5AE51D62A17A83A23728D
311
E86BB56115804D3F2675F2C6B87541A0FC497BF0CA86420F558C9859EBE9FAD62747E323E3AADC03FDCDDFE7407B09DA90B44E3185723C5381EAEF589765E2F7A099BA46695BAD60CEF3491B8A171F5F56444F7CE9455312C3498C74173AEA0214EC029833B34B650CBB5A5508D5091665309642791708ECF27CF11DB3D797
311
D6CFE474453BD4BFADB768094B2147814D81C7CBAF8228DCAF5564B5891F5EF6A860EB2E323CB82AB868D8EA048880D63B0DE5341F1B3D53297B928A11E15F25E5148990F710747C3509ED14909C552EBE3973246FCE55D00564D8310BC3EBC5085D08D806799B77D6C57FDF5E55837F9E934F09C03C729271B64F12D0A9F9
311
E938107CAF7BF1EC8CF1BB9B42363D33070F4CACB425E605DDB0A34A12BB936DE286B9887A4E2E558F0886498BFF49C311D96C277CF6A9FC0D75AD0ECC5226D7E0E3572012E56D7FDE4410CEC7A6D0F997F225A2055B8B92E3956E875AE4993CB3D4C9063AF98FD45E1BAB165640A43439A2C9181A7C355B297C0A0CCFFAE1
311
9B6FA3C2BA238A885FBC98B8F6DAF4B94B97304878DF4D8BFF6A4AEDF79E90ED4E68F00CD7299F4E0D83E35601AF0CBEF18C1E870E74758FA91F5131075004DB3CFCF09AE1DABC11957FD9808C92E8A678CE9DBE40DDA0E0D1D505AAFBCBA208232BFB6FB3704E8985E61ADE53DE74152F5C7DE74B1DEDCD37DC3E8FB30D7E
311
BA8B9EFFC3606BF90B8D438279CB7709FC7C00D327F41817EEA71CD9E49FE9C8C9A81C70915D9F0F15958EC5AA4C3BBFAF46986B90F188BDB24B89DE3C6F29EC3E6F66D84856EE96A35E657CA41B41EFD8DBFA16AD6E91439EA92B40B21C053249F51AE50EB0B24C770FFAF40DF12C8436366819C48E36547D4E7B72FE2BBF
311
10828583057814A668BDF183F6B2E58DFB151103E56303E63D00F39C27C4661605DB644D19175D02E3F0241E8FC3458D17AAAADB117CE9EEA690D0DB01E634878C04C2C9310B69FCAB831151E3AD293BEF6E46B0ABCECB50F5939B39C613D41E81FAE8D34CAE3C4566B761D37185FE864AC32FCB71AEF39DAA5BAB88609BB9
311
80CD2F07A8F941653B529567726E2B2A58D079DD57E1E5E31426CF184A04D7B03B985F276D47406AF276FE32E3328BA866EB1FD39BEF57863A317634AA5FE467409B3873F5069EF0D71AF00AD189D17BA1974ECDB2D623E9E14086386A6AAB5807825C37B015BFE892AFD154920EC437EB945D958E18622E1E0FE2FA06557C
311
E4BB9BBD05A2D40E774DA2B65473791E314B7D6C886820B2FCFE4AA272B3B8B15E7344A145E8AF919B5454D89D36D413E87211186BF6F645E5EC94DCCE8E1C799022E4EC9BC86D7A0F2AFB1FC4B2CE48F84B3F49ECE65BAD24CADCC07EFF39AB06BE9E6B27A059938EA7208838455383DDBCFCD967DDE4650EF92A14FF933C
311
975DB20BD7FEEBC4487576485963D757D16340D9599FEB362F775F38CA4185A86F74B629C81B133644A3B18FD056E997E0734F9BE26D11C0AAFC669E2AC9FC41D281F8B2E1C35AE27BCE05F3DA295488096688719D974DF1B5D182DB7792288697F8763CFB43562C1CDEE11C4AABD5C22B6E33F6F389CFC3477C5919DC0D53
311
3F8A7A1846B7ADB60ABDC26C43D0CFC8910B7C15EE22675BD02702ED39DB77A87A192CA7A543E6205B979B9F5A6B512A3CA799E198B2D5797C0AF8D1D872CA455D4D431A7879D4DD76110B5FF7F4176B54477A9EB5E4A5D11214FDA585F0382751D8E2582BA5D2075053298FEB8F1537304E32CB22C2E2B693DC0A760B1DFC
311
A751BDC445AFDCBB12820ED85F6D5298933C7EF1211E9E057684056CDA3FEF3BB6052355E162DF27C59E965A8DDB7F9437EB72CDDA3A090DE65A5B2F50326247B7EC67B73ACC7047FC9B353D6EE990F772207C6EC52B39DC2F3C0754821DAB559F7C1809C7D0DD5B0499D0442E0A6E391B3D5DB46D11E731E6794EC77523FB
311
DAA242ED67F9FA1FB684255671F63C9BCFE6E7E896D51001A6113EF2298BA494E0B0980D1FA5B9D60796554C02256B1E0345FB7C6186B6A19D2DCA270416262845FA4F42DB5D9B0A0B6F07FCA2E56C242522E001E0CEB734AF310FC8BFB57E38E03AACE93B3326A2197891E68452B26A6307FDABFEE0223D3C03C3C73D2D5B
311
C054C8311F12004CAE488E5C29287F8156A2CAA4AD0D7BE6B97264E4139F437CE73ADF52E5134C52B819777C18B323A5924E4F67AFD13B1CDC3A61793A79FAF5C0CEB718E441071E797C6DCCB9EFCF7E4A1E9F3DF3C2F9C9E8294E9586868788C972857FB0556D7A26941A7EEB9B580AD78EC40B85DC906B4120A563CA3B87
311
797ED612D3B035962BB75F6515A393F4CB057F564CDF54F2E5A024514E6A1F901DB80C7E70B1FC05E356A7E72FABF4775B3E3FB8F70A2A8E7B6A94542BB304157978CCC999E707A29CC795E67A59CC546A5D47B368954CA7B6E75EC9E1F6FC73CE3B4F71F8CB1A6B15923D61EAAEB14626AAA9D04A26EB9C66CD1BE86CA31A
311
5D8703DE04CD1EBCE4F5CCB62F93909AD11E55799A781A956ED27D3E738F4538CB04ADABC7DAEF20BC35BA6A90BCC1DC61BA05F20D8832FFB9BC9B15E2DB838A0AFBB7E0C82A562127E0446894F427794C3037186F622BF24DE1B00AA10A23BFA47B2A180D6DA5AD6F7326FEB8C100C2D7142EB2A0B2A9D1008A09BA343D70
311
E054AB69E2A7EDB783CBD92537FAF4A44D1296AC2792729104B3276C276C951D0CF3CF3F1E6B017720A7B8505A5FF9589365979678C36F1BAF759EAF57C60F1FF5FE9DCF5F8E764FF25A2D06CF25117A8FED51884C13B2B750DB0E4F5E3D64124FCF11F0AD8F1CC3B3DA4B38ED22BF1CB2585EE6BFEBBA63FBFD44F9537B9B
311
37BDD6B358720F98A8125AED4349CCFEB0E135F19E208A04CA7E2B10711185D72E381F448036EF57C9F874E54A971CA37A639E986AC0226DC5AA00D5B14FEA9192234B3DE617814FC221C92F33F1D392F297731B567FD98FD91D989379AF567A65B8ADF177591DB90FBEA99BF4ED11B16E50A0AB1DBF1156D034BBE04D69D0
311
8F939D8E92BF525A1DDAFF80ECBC95D8F45D3FDD289FD23F7D8B452F8EBB34EC082DEEE68E18EDDF072060FAD2AB1504DD4879BF67099FC58F6E9DEFBF645D16334A3E9A127C6F1AF6132CF287E433B43A0EE93812B4AA0B194E03EE3FF91EF9C6ED0074A2F6EB18A96A7C9890B1FCDA1F2095E944DB911ED54C60DF16FB74
311
C8CE9BDC7C54C4F14078CF73C2FFF1F1BBCCD7CF64F71407EA1683DBC410D226627F66E509060D5C0AFD611DE681D509DB8DD12FB1265B03C6F5C55FF4C30BD94187FF692B4F152982502F193098A789526A038AB529A52BC0DC4FB6285CBAC10A8B8DB75DCD9BDABBB221E27D1F8DA9F5EE5926A1C8AA9BA9BC09239C6A7F
311
12914EA3B59EFF7AAEC3FFCCE56F1C5C2980AD072793527565E774F4631DB178CEEC691B1F367BEA0CF2907E1D6B854D527065979DDEF002D8B2ACEA7CE21AE297737EDE1D45B31233B73FEA35BCFDD0B09721FDBAF6432681F2FD10C3E9EFB246FD6E854B344ACC9D8A0EEF876A7314B49B6A499FC650B099D650DBFEC763
311
8ADFD245E2B7839DA5AC5F7D5623FC0ECEEC8653FC9B2BDD1AD4D00A566FBA7186DD3C9CD26512551637498CADB950FEC71ADB9A5524285DE328B8EC7EC75D2345AEC6A27C42AF6D9B92155315C80DBFCABBB7DA0FAE425C4FB896B15C9BFAC4FE67DF5A23D30C93DA4D8F36FB15D100050DA6062E22AEC5F4DAC4F6FEEF97
311
AE05DE63C6D38F9E068A20BC5E3B6BCD75320C5090924E7F93640A7735B1A43451C2D91EE62C6238B797349E59890AF3A520DF4A87095F3ABEC2E61F0593416CE46CDCBE0E00E2523FCCD04408588B5B6C9DB6459C786CE378770B54F51DA3A5E1DF2A3349BEAAC234A6CF8993B598B3B25B4B113E353A4D750FA753474943
311
0F3EBF2512E7EA3FD43C6AB9A1F765A58463B306721A15D224FAFE8C6F5E3432D57EE697DA0DD5A9D4866A8BCCAAA9DFF1F06047851408FEC060471D0E3EB86BFAF46E4B5E60311DC3E3CEA147C75CF971BE74689507154FF2D2E92F15CDB2B9182B11459FD8ACAC5A85F174BC94A7F4EE4C4F5CAFA7C02E37BF0BC77B7DCD
311
0C047BC316F562A01A441AFA7931CC84A28CB9F4AA367EB515778F29BFE61195FA671F4352E5E46E3A64773F1F76EE5EB36D7BCE9BCEAD837A4D77F8DB8C92AEEF6711920D7C7D0F76B0FD0EB7AB83724CD35BCA7D36DDDF5FBB7FF6F04A91F3E2BB3B8F1A43CD659639507FF6331C5F697BCC782AE57D757A27D97F1AB9E0
311
AEDB43F92F1B2AACDF5FEC8ADBAF9F814E2027003BA2F9E144B1938A7A04050AE5D953B82C45619165C813A10E76DD6906B3C16438064D14CDA713AEC420034613E1AC7241904A49FBF87409AFB1FCB9B72FE7933A87D8FBEDACECE4EDCF6A4FE9FB94D5DEB74FAB7CFEAE17EE965DF980DCCA2D04134994F9A2E94D2265DA
311
4FE6AA7B7AC15FACAC2B5ABBCD7DFF542C5314FDAB2E1B9D8B65220B8E2B638BE008E8DCA22678C820C5053664D15E89F2D735B51A84955E81A443545E9FF787BE0FA700A76D136C27DA179A7C6E8939E01BE756E19CB292798063D8B97F44E8A27BCF3A614FEB8BE974A718E86F7EC99B53CA35FA24F61F2B07266684623A
311
3D4CF073E511F3A10A8FDAFAF0078C577F4DF9D339FE7862E5FA47CF4344209E5BF76D783B1B48E152AD281B15FCB934DCDA49CEC5706B1EE8B460F435324A5CAD154725E21AB8044B75A557A79F6C807B9340AA3D92503E866F4274412926C8C504E4D5EF8C0E68DD0B028781A6B4054F11CF18941F101C57CCC796773ABC
311
8DED9CD91FE5788806C05E548895354AEAC96546D55B0E94A59F148D061F42AA398D822CDECA4CDE79E13469BDCC44FDC990F366BA5978C15F97ED80CBFD73B0CD9B8B83A4F6845BDFBFAF034019473FB9A63BD55D3A4A7284757071574029A4D016DCCBE95DD679EF3C4880BF169422F8C89B68A988D2B13793CAED4F74DE
311
7486C72DC94DF46B8E93D8E02EFCB1FF9B3BA10C8AE7F653DF94F4AF466CDDCEF5776687F7C4C14B63E4EED1719DC2EC482D7DBCC7AE518CDE3D5FF86D39000EC3673C0044E1D308BF05F74D1B5F033A7D1BE7F74BC55BBE3E4A20F920946CA0271EB17BD2B80E5660ACB8A29A79F5E4BBA49D4D945B6EEF4A7EFEAA65E555
311
5BBB57A7E15D2F83C69F30BBB978D2B39F1F26FC097424D39BB33CA3D87ABF64E307938B685BAD44F71556A30B7E712CA4FE600613C3E554B69ADE949A7CFE214DF1FFF05CB82151EC6FC31950239F94CF7AD39DC473F6EA356E5EC2C4EFA04383CEFE985A127484366FBEE3C0EC4FEA363E4F6632AE781392FD45D67B63FB
311
8DF70E82734F431FD3443172A0E30A83D60982D55FA6A2CF86DBA8382502ACC6CDEF3B907982EED1160E14863FA242F9757347E1544275CCDCF71ECD5F8621CBEA326B8BA884AD7F825781923E66971F04010D574C541D8427A438A37EEF8AF88240EED7362C953F5A81DE2D56109CDE2524EA0F5D2F87308C0C47BD97AD60
311
5878AB8589E17CA83930CB5E0DCCD75853D68B1AB136594926DE426C367428E9334AFAFF90ECE221BB5DC9E5BB53D2CDEF954EAA9CD814F0E5725F1965DD458E5F8487683AD86B9D0076BE3EE91EB1CECC5331A67A3F79D8B27587C12EC2A6A70474749F27B4C0BBAFB94B34189E88DC18964BE4121B9137FD516C7755356E
311
50D6714E31ACD222621EBBCD1CFF81D87479056A9DA0E0B8EA19D24CF937DA89F78E8650CCBDC110AAB6C4E46DCBFD0446BA9E2060E81F314AC2031E88135E5476AC0160EF5C0DD2EEF1B8B5CB2D198BE9A554A9093B5F7D7E4B5407DDFCA1D9C152FD97F55BFFFDFE802954DFEC8995B983E28AC92F1971E28F531DC407A1
311
280EB125F64A72E617EFB27DFBCEDCDA2D6F2BDADA36873EE46B9BE1782998C63DA7182BC383FB6FD15DA472B175D7E8B4FC88F38D6E07FEAA3FA3CBB8F6B449ECF14D2175E5C5CCA3A42ABF24CA6C9395AF74535F4DDB38CB84F56614B0FD32D7E19CA5CF988DB4449C40E23DF2B16772594554579094450F56F253CD25EA
311
7F77366FB1CFE79696C428BB64D5A41E986189427E5E4D7E2DAE3D5BB4972B3DC44EAABDDDD63A2264ECFA5C786EB0EE1FDC5BE34FA0F08376869FD1E61EA06CAE15191135445EE8F0394161C3266A596AA035572BB0C8876180D8B9C77D307DF9DCDF7365ABDA6F3A2366436457A4DFC1F259666569A9E4A79C817BDD5610
311
E5200FCE894A358EC72858D50EF67545DA81C6FACE3D457BAF70367E1E6BDD9A952FB4F56247F58F523B97E640246051A72F79BE42FFA0B3187F63097F91C48B868586F714B0EBD5A00A8412C1236E1298F60C72BE6C96B82B404CADAA304AE9F303176B14BA53FBC2D5E86377E35542019E24D97B96A49B2C0E5006E77959
311
54DEAF5DA58958839043C6C70BD3B1B33B6DC5C31316D8A6923F142E26F6711A2258AF977DDF1F970ECC4F1F2B434B96D81BEB6E89BF3BBB3C7C8CC80505070723D6D7D7D3C8CA27CA164A26024FED94B12A86031867241DA53D929636DA600F050BC40CE48B8BA03D69224720DEE2ED2127390BDF5E6EA64527BBD4C4C63F
311
A76BB801FEEC0E61218EC98A8A86CD8313781617877E66692839B9468CF4DB8E50A73986E558E309C0D6F676F921BE02F1185454DC75B111572FF9D27D85EA14C05AD7271225B391C4275659CA4A43759D0BA44639BE4C30A84DB7F67A41399FB95CBF923B1B1672ABC807C1590557FB18D811983FA97F5E609516D62281D3
311
8B1281F68FC75528C35E4CD7DF0F7DBB5E5DD69C414EBEA2F4A5B241B996BA77AE6C772E367408C633EA3E438B68563EA8BE7667F3A4C4FDEEA52ABD78A2820F443B7914A15F180018D231E64519C56A12F6CA7C8DAE18F06F6B769DBF92329EF6A5D18FBCE600F36BD8E8198DE5CDAA96181F3A756EBA5501CEE58F497EA4
311
F418A2B82565B9BCC611713C0B708CCA1F398B78C5F7D03B3437CC18F13061F55C7BEDADD5ACB1DB0E36D3CE47FF6EA1A563A57E9649EA5D14D1A50EAA457463381C073777EF1600607BAF6428A7DDC079D47A204EF1E1F1F0589FB054D45E02CE623B3823C317C601E589E22B1E88B448524B86A82828E32345EC18AE1721
311
4B42F8C41C6D428016D9BA31DDCB47572561E5A402E5BA4FCE55F78AF7268524AA04130F3A20BA5D1E9F9948EA48FC8F5314FDB35E21898198060034ACE5E3E2BBCA34092518F275190AF65F45867FF0900AA4B81F25427414C372BF51DC29AA855C5428EE1EEDD6B849AD60F6E73475C2D2523F8A2772C840A478DED18A8C
311
5C91B085F255DC4F54EA7AA8947354FD17ECF8FB3B4A0DE7B483CAF3A1165EE05BBA413E5C1FEF3DE1D6B8F2F3F3251C17D9FCAB48A9AAF63AC773A0E413BBC46A9ADF84A566FC920E4D8C52C9769EE3301CADEEEDD92B312E02E2A7E35B7F1E7D203FE5A7D75578B06E99D0E46FFADB8FDA17ED8880390DA29094202D6F64
311
5F76F6F96409CDA05495A96E84B04A00D1A6C6C81D7F3DE9376E828CCF144EE50E364ACCE7237EA0BFB5607ED1AC3CFE73794E5B61739D14DF1743441B1AC98F00ECEDE9E7301FA29755FBEFA68C91EF2B314CF510537EF1ABFC9A762496280B546F5EDAAF8A5B387D469FC9A878A92828C88608453ACEC6094DCA54111E7A
311
D5B2663DFE2DD151B7F123B9F4FEF8EE36AB125FD7AD52A59B1B765B3E3F73E3F73DEA93875004D2AFFE3CDE9493B87A9904DD052028949041A91DC0E1BA47BA714343FD5B25E0A6A09503AFC17C790058A836A324FE31D7893512E28230332F153181C1E018E1124EBE1BA262AA428A518237D1EA7275E48C5C561BD19ED6
311
912EDD8367DA0F31E40EEAE9683DA9257525AEA7B632B97119E17145A90231768A4F3B9120FF32E8319B015E3CBE26F1A754177D8185345817C096B0CE443A955D13AC15E1FB5DEEA0239EC32A3C92241A237B0B02FFCB4F93CF2B02570C8D192E2F2A68CEEB42F12E6F8CEEFF46C251E22B4341C56FB08CCE550E7A9D6F4D
311
6564B9EA52A83D5BF2C6E03FA19D2775E15A8A7ACF30A13C259EE7F5EF2AC3BA354F1500E1A07FC63FB4686E2F12EC69719F9ECF5FE3F35598DF2CE944008CE78F0911BA5BE5D0A34E0098FF038669C26030BA9B300303039852A8F6F496341737CA7E0D2E3AAA36DE0A70AA7D9CA0D54D9AD84B18A44C9E625475E1C97B93
311
BEBB38DCE7D227E67A2D00F531436136355F243D1FC0D712C5765754FA22FCFFAE97919161F46D6E61ACB37D83777B385889770B50765B127768443A5C4D3A4E35A3151111F146B7CA116F918A049F1C272F2CD7976C69A0068773451659A97E0F4A08FE604C3FF6CE7385DB19F4D3ABC8A0D80DA8A42096AC377DB49382B3
311
6E270B6FA7570188B4B7D1DDDDA82ACA487CCA5D38BD3BD039ADBAFA4ACFF27809239B722081E2EB9F145320553D183F28471C388BC8814E5045676767AB58A8E72D1CED2CA731379515D2E533E4CF0B39DFC625F97AC4836831A4DE330E87A8126FA17EBE583D614E71E22A8DBF2825599743E0640037303E8E1B1E8EA4E1
311
ABFA4F62907B5E4E0E5DCFDAB417C36C6848A2B8D15F1E505434C0707E16B1CFC2A1C36A42BBF55734F8F4301DDC2A5110CEE8C0747F69519265012A2174BF4E955ECD4FDE095A3ABC70536B7AD0B9D7892F81287D667C108703C9B66A221E9A0929D030008F77FF6F5D2108EF5706FC87A3069B976F7C9FC3239D13D283CD
311
EA83597461079FEEE049B0F392889898B7D87D31F8D60ED7B56B91823A8E4EDDB36C6172ECEE42BD42B12CD67994FA0F0DFAE9389356F4CD4425A4B8AA55CBF7ECD585C6A2C2316791E43D5C06841ADBB226A87FD61515FFBB0167B74E56BD7F3E90A57A97FEDCBDF483A0D6699A8C0849CAEB4947FAA90D8E332D9DEBD9F4
311
738C37DA0CAF9CF3DAA68BCB67C420459C7A64498D6E848E5CADE92BB6901F607AA331104A67F7CD650EE169B1DAE94D2C31C2F993632259B6957E246EFE4C5481107B07118607700040E5812A2A2A38DA0076875258C753F60E0F2662C748EDD5F3F3686B8FC3BD6FE631ECCAA1E8B1C1E565AD117E54893E79F4672E32F9
311
E46B2A183DFDCF3EECB4D4D077DBEA0DA254D256045109670050129E9B9B1A9E4A11344D61497A992778095151510C4BB7EF2009B63AA4360635312E4CF668B7E0D3D85A8688E2BD83B569439892ADB63461930D428E0DE42E4AC57CE48DA5CC1449530D8BD3D6A0F08DF20C8E8F570F2CFFFCEA286E30969B4654D498A58D
311
9DA782E19FE3F002181838925592C4A1EF0B332D88B61A92C644547BED490D3A42CFFAB70E36D961F694F6307F72FF15A1C79D5B1B5CEFD353D9E2B52566DEC8F8F09CB3E8359C0F68EBBB7898243E34E12A015B2685AB303C04D3A9E00671FF3DFF0A184E4A2ABEB2B666AF5B3A209C73D8EF29DCDB069C9F391EEE9DD0F7
311
4C7BCDE16F8F02E3B8816122BBEB50665775B600549D8BB33A54A6BF940C028118BC6878C79958D6784F9DEAA6E26748386FFAF8D0D0101E2847B6563F5D8DC1D78F787BE00E2C941AE12148D4A81599FE8F68D4DA5CDED75530ADE138240300EE13B0FC13A1687FED6774662C05A2B7DFB186732F0D7A93545D8B0A6390AE
311
5054D9CB582DA846D7A061B3358B45E2B52DDE63E114397EDB7E09233A579155D795BE76102CF277F4DF8B188C4F2879BEAE3C08347124BF9ED23B128259FE107D31E34A652F090B30B39E0D9AF917B76A2806135621A8A60681F16AF216514BBD02711585B5B1AE823F4B2D0369EA5B6BCB863072727FFC871CA6C9AB79A8
311
14D989057E9470A3D238BC87CBB4A0EA49AFE2B86F22E499793CAA9047080450166BDC357524561E258C77CB697F1ABB32562CF87C3B7AA12F911EF19FB3E5C02222E887D08202A60A17151F5E053A86B437771088B4FEE14D652C43E8D939995D34545E12E2FF93D4E366EAD25F10CB7DED141563C3D0C447AF06078A9113
311
5FD4B9611583CB4BF3BD167F2399CEAB0E0100F8FFC305F00F1711717173138B4B48C83022295DE657EFEDD97F238ECA80F528AFB4F8D67AD4E2594B9A3AA86D7487EFC313BA95745C186F0CDD84CC12DC9CB0424B42203D351FD9C0A3AF10CC7F388E0329279087386421F194F4A29464C1DEF7EF8BE515E4A199DCD5B909
311
342598D8FE6A231F71336248D5CEC5454455C7BE383B3BC7B260FED27F703FDC39A170F3827239102F59D4DEE7FEF82EAA1A5E4BA94DCC4CC44E7E2EDE20F24244E4454369D2E87C3F823F193FD4FD27E1C23984B01898D15ABC20711A8A558054951A6AE280096BA36CBA439603B7B0B4C45F248C14B2383B4B5CD8ECECE4
311
FF859AD4A6CA2326D020EF090F4041D28DB66E5256B56232CC52829DE8060BAE6BBF37D4B7469B822454FE93210A3E8D15E69FFCF01123222611C51C4FD0A041A0CFA2471CF6BE38D2B20FA4C3525B5B8B586759475CF80ADFE67A284AC24651E52B8E683D24C2622642F27E7C3C22783BCF63648BC398BD6CD0D9C97E7E7E
311
3EACB6126DB7A6C1FD9F1031302EE67ED96F22B77C7CA0239BB324207559B105E4693EB26EC46182A92C9C0DBD24F29B31C5C5AC1F84300E0E17CEEAC15F5736FA4A98971E2F1423BFCD68D4BBD5F86E74B40A369F39507C88FCDB35D2DD8DEBEA4AF999E23CF2816D204200DF6E611781B9884C1AC8888B4DE39732047295
311
9434323A5A36B22A8E1F721A270DF3BD65E4A31C11FF048AFB0D8B7B6881423793963A23CFCE935FC189ED36FAE35C46DA3574C979E4394BE52084F3081837BE033396D2EBD80F1F691B273F660D2B32FA27A33B1DE4ADA5F0FA4651511102DFA410DDA86E065272CA314D5249DF91B06BB92807B28EFD54F08F7B52525278
311
2CD276DD02E6B0319B13DF87B1F6361AD6B28FC0D711CF445429B9E5A433CD493051C49A9E03DDB1B147D880253514A5DED88009018620EE229101C041950E2D8AA8E1F5F5438E0C0C0C60EEDEE9E3E0C051948C69F84BB7B2A48A1F3C8EB9E6864687F4F4F6F6E2FA87608ADAF9C5E117B7C1A737E710769DA1D15ECE6A84
311
502AA855398712D5FB51BE92E4EF824969CE18278798AC303C2C7980DD2500ADF8FB1E6D6C2FAAFF9987178923334A244758BAA01A9A1B70FA5097D01E1CC2A58DAD0EC94CE6430AA9B0C10D75E3C6BAC670EFBADEE1607739CE0FC18A2587E3EC3058562014C64219C69BC269082D5C2F4A659278D585755912176D78A1B6
311
41719C2A394CED495A1AC5D583FD2F5EDD93308EA7EAE8A6DD396598BDBD3D4CFED62D18A5BDFDE0DD5C80D1A89BA62697B131AE7CE9A6594138582F1B37D68F1749AC7CB67A70695D48A4A056AC1FBD4E82358CEAE38F54B95A9016F9000F9879C0D9D131768635CA798895F27D6F1614F11F2838A83611AA51C9A3DDB539
311
D42979C29F10465655C17BEC3E2760B80DCBF609198C7B171A531905F3EC218D696025975E986C6B4C666666787271F202805577DD5A3EF0CAFAF91B62DC4B2DB4217A7606282F31D8DDBC290593BAA93EA6353AFA9939B877978481E15CFC9F2755CDC00C538F63A4BA3E80AE009B73CA0185687D339A507D165B74290D6E
311
E46D5C58148F020C3668ABE9EF2F7549170DC80DB41FFC1D678FF19AEB10C7133832B104B80F691B3138F97A92D26E551F1F110400D45AC71A9B9AC41A1A1B1DAEED0B0810638EFFB511D46B121C6FEA0F38CD00E03CFFEB9713FE1F9C263E4DDEC160D0497FA9A132BA608584057FB15380825DE6C7FC3C667EE947D488A0
311
9898D8E939C4953BF4EC9836344D2CC6B2971B2A21A572B06096F4982D2CC7232D46E8EA69DC83722E267754D777F97F96D5DA74E1E75178084D0E70F12AD33E5F71EF2AFA599B2BEBF60A5BE475F444F240CBFE8143C334E7ED9150FEEFEF7EB020C4DBED388DD1D6A167A76F3CBF119B578AE8CFA7736ACAFA4440A1C471
311
85638A0D2F3EB5BDDEFDA958FB13CE4AA4923D5BF840392D45544329525749734866684BF7F8D9D54D892E19BCA9F829A0F8BFCBEEA6CFDFC61D74EA1A645ED7A1FF241739F15694BD835B66FEC5677E40FE69BD3F91AE402F036537218A401CB0828604AD189E575015C6F3F6BBC8AC79CF6C70653847254B31551EFCBEB5
311
978B9DB85D58D0FA41A9DFE9C624834AA04949D24B5AE6D299E072D152D12097920F14AA92C31C3B97E28B6C2E6E9C23D63043ECBBC0A60FDF5BD0C33C127EA8A3308B8B6AFFEB28B4455BF6E7AF4FC6222728357EB8E46E85053E6A8843AB23295BF838ABDA94658FEF3F832F147046B4ACD6F7D48E8FCC9618582961C898
311
D1C7A253C91BFECBDA6BA18A1FCF70755DCCEE2222F41B76D23CA98D0CB3D95F0CF66D57FFF65E2A90F5DF40FC3187621E981BD0BC1D992787212688976B94A8F0C6EF646624B570B78E068826F87CE27041A95C9A4871FF65CC17FCB1639629AD6A9517000D63AC231F3D741CB8430777E7ECF80CE7A3F73C0F162F7E56AA
311
71F4DA80A33CD6ACEE78E2C11FAC03DAFCE929B106F8F6B3ED2DC71FF994BD9CEF4E9A94896EF1B6E2B7B4978168BCF0847A3D2A4F1B0500B926E634B174548E9FBAD27153FB5FC36799B1E6C7C38A94E1F9E996796D7B485E635D5287A2AE76FBD11A341DB3F8F810385BB7296391973DC6C37C452A9305AEBBE0CDB6C566
311
DB59FE60C8E94B1FD090354BF51439FFD1B48D725228FFA88C84F686F547107A7A235665A4593B7C34D748C1AC8D56DD5DA861EEFBADDECBBD65117E65851F90351AEB65F0EFCFF4BCFEF24CB7A5879699FAC437A7AF9099186CF006BB923A59E37D7A36A29FD8D2CBB914A5E9D0A8FD212FBF796AE9A67958FF1D5D8B85F7
311
8F96219D4714EB919929241B6C018AAE0C02069F8D919961EC5DDFBFB7573E3AC8E08BFB7C8534BE6DE045B3CD63DBD71F7638BA2309CAE398EA3A7D8F98BBBC7AEB367EFA5CFA27A9F8F2F52FE878058E6209C026453F8E7E8A237DFC389E9590F6059B397CFD65183BBF936E86896612A5B5FEE49DAC8455D026218AFEBE
311
C12B3523A45B57B82C9C97E02ACFA1184DB18E48CF615DBF39C3CC6F0B4AE6BBEEA2E39D944E290302FA3DE33FA7E40296E2EF7BF1CD855BBECFAD0FD622BEE9746FC4FDFDE545AE6E3BC234CADF83A0FB76DFB145BF3828AE3436368AC24989454F8FF70A177672C711CAA1A76107218CF948CA01F873520E7A2B118EBB16
311
1ABAD432932029628B6761590C98AB590C8C8C79798CE9F715BA696E839E9131A4BB68BE923F1747FBFF165331FFDD4D05997ACD168F12CA75348DAC04C7F509FE83898A8B421181AF492861CE81E4A2DD0A30850CFA95E05F097FF70F9E777310D584A75BA7018922E271DAB1D785671157685B7D383D3E074DDB4F1E44EF
311
04B07BAAC75A062077C54B9752C738C9D804D402E02851F3F89605AF189738C18C021D2139EAF72513824E10DDD3047BACC8521ED7E98B257D1166903B1B08FA6F918FD7E162913FEC7D0EF4787E29C35FBA8C6E2C9C20E9AB30AE42CA2A01A090E7D010C1B5BF9CEE2A304BF3A987FB40D836979B79E18D70F257DA61E808
311
472DD85B82761825779D6B90CAEB0F23360C6F80A7D7D77545E95B3DFF0CF96A827F9B5BCECD2C9698718417EF80FEEDEE938AFF55859D0D540B7FE09435583A6F04874A0C7E8CF234DF4879722000167F5872CEC6BF3EF7E5A8CC8121E6A359227C8A29C95212F9F735BC72A887D56B8F309FC525BFB4FD767AAEC4AEFF24
311
9CFBBD2DE1AB9969A6155C7D8DABC307E47324C1F916C7BCFF40ABA5644E9FFB9238D19ADADA49D9610F01ABBA57E4DFCBDCCBB2B93C8953206C91DE01B0E2651A6D6C31721915B31F7B7CBCE55466F6D70402788FA91D73BE4ADCBA99A35F17D6B83383704917D6833F0FA3CD45C926ADB8BC17999A4A0AFBCE2541F7B8CF
311
4C2F5FBA611B3E626D64407CB32C122DFF4EF8674D6EDBB86C8F7C6A16D50FA685E2CCA34F8F7D1D8265BB0042E9D7F1F666F7BE5FAA5184DF58E12122A42EF02F461B3F369AC746F96528AD208512AB56844CF75B97F352DF7995024FB02855385854F3798670D01CAC771AC3E1889EC25F61A20C1F8CAB46898817F9C47E
311
2CDA1F286BF2F358298709FE567C91133E2638C8B53975E753EA8BFD3578B5F7186B7BF084EBA3F77BAC3132A5779902EC22AF2D2E79F42D324E083386DAEE9810D1B44A5DAA54513C7A71E52A4AB9257D975B621308FE4D2141CC3DCFE946C154A3C1DFCCA7629EC69ACFA831634ADDA93C0388D2A9A2DDAFCF957C6995BC
311
E7FBB6DC4EBAE79E63EB08E9A25F52F67076F7093CA545CA3053B5BF576DEAD4E0017143C5F759F32B2D6F145B52B67B48909B7C7FCA6586EE385A2189C16932CB6DDFD9152AE317C430492A578ED27B72D85D40C7C93C097939E1B50F4D67F05334FE9DC362C30B7FF561B95259138ECFD9274C8D695C31B14D4EAA9F3D7F
311
A8DDF652F8C5DEFA23284C799B7D94416DEE81E05A866302DC70192A5368EA65E1CED8BF107A1E2D3119A71E85DC1A7B0C1E93274CE04DD0F2ABC8AC7C987FDB002B6F81757B43502EF7A0D92E416494FAEEA4C9C090CD9557AA4D532F4996A272B94355C5A0E4974EEA9627476F30809B94D8D8D860062E02204643BEC7D0
311
438AF800FC7E2B26955D595421E83C69E1A07E0E3122285835F014AD538188CF9737CE76D464A353FA55A001AB2526B84E985083693BC76FE211CA1D000679C889E3C009832C87E1AC2EDD05C302557422DF0800E316FCAC86978A371F025A6C7DAA9F333E7BD160403A1A06EA75AA9888FF01504B03041400060808007162
311
F34C28BB58AF800100009E0500003D00000041413239433930362D324633442D343734442D423741372D3542343546414231463038332F536368656D61732F436F6D6D6F6E536368656D612E786D6CBD544D4FC23018BEFB2B96DE15493C78601010A34B880709DEDFB52FD0D8B54BD70DF6EFED3AC0B12E6442E2716BFB3C
311
EFF3D18E26FB440405EA8C2B1992E1C323095052C5B8DC842437EBFB673219DF8DA659866649B798C078B48AE6410122242F2A4994AC7F93815DF85C049C8564CA0A901499DD886B2EB9B1E02448F358701A9235880C49A0119892A20C89D1B9FD768815CAD268CB5E0355B40B1E47F3E37A2020464BED06AA57CE8FCC20C3
311
C3446D46761A2632A8C1283D07031EFF2AE7CCB1BFEEE916E406DFAC8E36FFD99A9D60A6944090EEDC3B670C7DC13DE86B6B2C5C240D6E503BB85ACD579D513F1B9F9A69DC9CC22AFA80C426D40AF0B21EA168559156B6276F0F726A6BFF04DCD513A87A62CAD41FB24FCB2858B3952E3D852084DA25B9303C15687973CC8E
311
8AAE11DF2836C38C6A9E765E8C1BA1BFB1DC29CDFE518C8B5A7655A4ED7E77291ABEB80DBD82EC866ADE1B8D05AF9E35CF09D7A061F38A986D9EC412B8F0F65E5D81534D9B231D1E5A8FE577A241F3A5FD01504B03041400060808007162F34CE336299B9F040000341300003E00000041413239433930362D324633442D34
311
3734442D423741372D3542343546414231463038332F536368656D61732F47656E65726963536368656D612E786D6CD5585B6FE238147EDF5F61E5BD1498E9A895A02398AA5D1E2A5665BAAF96710C78D6B9C87168D95FBFE7F81242134A968E469A4855437C72AEDFB965F4F53551642B7421B3741C0D7AFD88889467B14C
311
D7E3A834AB8BEBE8EBED1FA3495108B3E01B91B0DBD1F3EC8E6C991A470F22155A72F73CBABC1D4D5921DCD1934863A11F990102A6F61466977B8AC49FB13C174CB3940BE4504A22E3713489B7F82406516225536940BD88E4E552493E8E564C1522225AB0384BD56E1C195DC26FAB13882C2EBD62E1FF9E5B0FCC453132C9
311
9548446A1872B62267078F1EF14C3DB1DD1952DDBBB384AD456779F387C51992E0ADCE12FED2622BC5CB1952FC9BDF3295E9206E961AB116DA7ACE45F76F07A26EFC3FD762FD7362FC3C0BAA4DB34C09E682CA5167BADCD16CF94370E331E2F1A3D852008AAD5D64BA2373478338AEB1583B905396D158182655E1B938D079
311
26CF007CC7E85E6709999B0D3827C0BF406BEF55C68CF5579DA32C8C85BE03EFE788787E8FEC95DC85C3E31A615658D81F9A34499612004CE69CAB12531B15A887ACA642C110F8C1A8C1974A85853F407794695C905C688E69B116550ACA946B9B4785FC179E0E229240B62665328E86D5BD2C800CF5D80289F35AC25E3DD5
311
1508F4BF9A74A0F5A557BB3D284BC6FF59312E282F956A75C5D453906F48D11A876599E49425602400842995BDF02C4D012E226658F78A710416AC552831FDDEF0E6F0BABEBEA9DC36718CCEF4DAC5A0DF871AECBDD8F448F015F8DA113A473609D1751672B723874B2CAB21ECD6E284E51DCC7D1A47A00F60EC21DC4CC3CD
311
C406DC03760A4E6C772F2F4D561A9AE58C4B03F5B4838701472139EDCB36819A66C472B52AB1139C648956F43E0DAEC067B56B0818F5961D3D446B8F1E1E78C0EAD7EE02AF2895D813E88AC5014A7B436DBB20F778D40A1D9737EFE45B47D49CC8360F9966B15AABAC802C1005548A93EE469F5D55317CD8BF0AA86CABADB2
311
A009D4D6F60CFE53AE370AFE8C45415B15D362A5A038E766E34B00F8C2E3E7098E2093B1C96349FDAEA158903B4BDAEA665F473FECE72186E3BDDCACCADA31839CD6D4FA7D47DF5469006ED340EBE71DF960DDEE88A3E17557039B58C278A1795BA8079419DA8FC5BA1BAA1A66238BF69C7B2BE4E6274839122B7D00BE8B7D
311
52CF61B2D63216046008C8B330FC10F8907787DEF061F47965BBA02FD8F53BA12F9827614979F53563D0BB1AD67A03DC0E00E2FB2CF3EFB457E70E65A3D7C78E7D700DBB45132AE9BBA5E468CD861408961AD8B00A55C2FCC677F4456039FD9F1907A5B3E2D0EE845FDBA2DAFA88C64195671AD6D282DA2E45B1F50A0D632B
311
0D0B6718757DCC7C84A70A3656F222CDA6DBF07E204AB358961D1BE31E53A82C2C0D56DBF61A5608B5A252A932A1DC6E32462430853353EA30417C8199A662E946A4EF352268B8CDB9A9C6762515ACE8E09BBC031C608A02C4BA89C9DDC074E46E0E26A17BCBD4ED43270D03E3645ADB81F6D62CC07A3243EB81C07E01681D
311
DF2DB4730631E6DDA6CBBD048BE9F06AEB3CF06B31DD6C9575E37E9FF17161342C4C76D95519672A6509E0F5C4E71B4B1916440059F57D0921F496237E473A83E3E4E06353BD9D27593594D7B6707C08D22FEBDFBFFE03504B03041400060808007162F34C8DFFFC99640100009B0300004500000041413239433930362D32
311
4633442D343734442D423741372D3542343546414231463038332F536368656D61732F52656E6465724D6174657269616C536368656D612E786D6CA5535D6BC230147DDFAF08799F5FDB600FADA20EA430D968A7AF12D36B1B481349529DFF7EF9A85A718860DFDA73EFB987734EA3D16FC5D10E946652C4B8DFE9610482CA
311
9C8922C6B5D93CBFE3D1F0291A6B0D26A3255464182D920FB4233CC629881CD49C18508CF000E3EE309A100D61622AAB4A8A33B2483F11CB639C545B0E1508438C3D3C0361192846DB7ACD198DF186700D182920B914FC1063A36AFBEE8FBA03FFD3CC1D1F4FC9E151A2AF59F628C5B7821D83FDFD3489305080F2EE04BF96
311
2195FB285E9D2DD352320A9E827AE357594914E42B1F5FE35F83688F60C4C91A6C946ED0668E8F244BC2EB0BA6E3BCCFC0B6A4B507F9F9F8D51EB315D9BA9E08D308E89F96931666E577837E2B4172199C68C4FE306156D47DF51C698C7B9D97FE5BEFE2190C3C38BB054E6E8163FB039CB4B993C80BF18D969203116D6BBD
311
26238B821F9BB909AD6D9C71B85BCD8C33D66FEA3D31B4BC0AD45BEA46BBEDDFEC0F504B03041400060808007162F34CC9FC333A51000000570000004700000041413239433930362D324633442D343734442D423741372D3542343546414231463038332F4173736574446174612F41737365745461626C654F66436F6E74
311
656E74732E62696E536160603076B27434363376D235743231D035317774D4B5343236D63530713234B274713171B3741502AACB4D2C492DCA4CCC492C28484D2C4ACC4B4E050A82012F90744FCD03CA26072767A4E6260200504B03041400060808007162F34CC55C66365600000068000000450000004141323943393036
311
2D324633442D343734442D423741372D3542343546414231463038332F4173736574446174612F53747265616D56657273696F6E5461626C652E696E665D8CBD0A80300C06F73E4B29FE6CDD8A2E82A083B8B7F209014925C9FBA3AEAEC7DD2555D896CB85E51C2A1BD834F6A1F56EC4494C4695278364ABB24ABD2146F88C
311
CEBB89D5321FF8F3F43D672A3B44DF3CB6A1710F504B03041400060808007162F34CFB4E84E838010000A20400003600000041413239433930362D324633442D343734442D423741372D3542343546414231463038332F4173736574446174612F636E782E786D6CCD94314FC3301085FF4A648931765290682BC71582A513
311
48540C6C57E7D25A75ECC8BE20F8F7D86D0650115387AEA7EFEE9E9FFC4EAE3E7B5B7C6088C6BB86D5BC62053AED5BE3760D1BA92BE7AC582919BCA71F182B1CF4D8B05C664AEE821F87A9D46207A3CD556BDC612A3EC488B481ADC5E7EED13B42479115DA428C0D8B7A8F3D7018C9B7180FBC05025EF380D18F41639A44A6
311
C769920E08842D53B3AA9E97D57D592F36F56C592F96B777EF526452C9ADF776E24D5A16FC7033ABF4692F5395141950720C66A2F26B98FA4B25DF1A274522958C14922B53077D0DA90386C11A0D94CC135E13529920845E8A13ACA4C82EFCF2E2093BE34C6E592769403EBC248118C8E0157AF29FDACB7BB37691C069BC66
311
47CE355EDE87D7E32F7A3BC5F2989BEB4BCBB9466E5C7781AC88E33949D1C9D7457D03504B03041400060808007162F34CF8D64B4CE7000000600100006700000041413239433930362D324633442D343734442D423741372D3542343546414231463038332F5265736F75726365732F33423941333633422D314234302D34
311
3741412D393233332D3034423132394444344639452F7468756D626E61696C2F302F636E782E786D6C4D90C16E03210C447F6585D4E32E4B5AA949E4253F91532F15659D2D0A8B1198AAFDFB42CB21A7B1C64F9667E0F2BDFBE10B53761416A1A6590C182CAD2E6C8B287C1B8F62B8684844FC808921981D17D16CA1614B54
311
62B756BC99E29BEB5DB87773C380C9D9F7183631586F725E44B69FB89BC914A615F37D5A0D9B494D09339564B11E60B7633F60131AC655E8C3AC8EE3FC3AAAD3551DCEEA747E7E7903D9480D1F44BEF32E30268A4F87D9521D43FD6706D9000D25B94EB510423F3C07B22E35644E357F87F82756C8C4E89D355C6B92641979
311
AC109A1DE43FAC41B6BC55FECAA8DABAD1BF504B03041400060808007162F34CA233C2345D000000800000006500000041413239433930362D324633442D343734442D423741372D3542343546414231463038332F5265736F75726365732F33423941333633422D314234302D343741412D393233332D3034423132394444
311
344639452F7468756D626E61696C2F636E782E786D6C4D8B490E80201004BF42E6EE76F3C0F216234B883063108CCF170C074F95AE5473F5C4C06E932E4F28601967600677D21E9D8092EDB002539227A2FCCB80E1168D80A6417297A89C5D6963B7129A0D1E8F2EE73AA7B62BBEB8B27DE50B504B03041400060808007162
311
F34CBE89762363000000880000005B00000041413239433930362D324633442D343734442D423741372D3542343546414231463038332F5265736F75726365732F33423941333633422D314234302D343741412D393233332D3034423132394444344639452F636E782E786D6C4DCC3B0E80201004D0AB90EDFD75167CCE82
311
0A4A845D83603CBE602CAC26799919AEEEE0D965E2E908050C6D0FCCE04C8BC355404EB6198129C92351FAD580A10E464065907C8D948F8F166375F655BDC3FDC3B4E530A176BE7057BDC43B2A593FE403504B03041400060808007162F34C0F6AEBC27D000000A30000003600000041413239433930362D324633442D3437
311
34442D423741372D3542343546414231463038332F5265736F75726365732F636E782E786D6C4D8CD10AC22018465F45FE7B4BA754823A94D57B8CE686E4346C468F9FC62EBAFAE0F09D23FBCF1AD0DBE5974F51013D10402EDED3E4E3A2A06C33BE00EAB5CC296D7F3740715C9D828641CB25A7F2DCD1E4E6B18446838F8F
311
1D322B0C3B318BA9E504F3B33158748C61C22DEDC430F09BB856E3D8943ABF5EDD96D75F504B03041400060808007162F34CC4E028220C010000550300003400000041413239433930362D324633442D343734442D423741372D3542343546414231463038332F536368656D61732F636E782E786D6CCD93CD4E032114855F
311
6542E27260184D6C1B862E5CB872A3AEDC2173DB920277C28FD1B7172A8B3671A78BEEE0E4CBCD3907AED87E3ADB7D408806FD44381D48075EE36CFC7E2239EDFA15E9B65204C4748691CE2B0713A93291621F302F4D9A61A7B2ADAA35FED8C407740EFD8B3E8053A4D356C5389178BA529513CE108F745649514E0344CC41
311
4399908C8336410750096622C781AFFAE1BEE7EB573E6EF87A737BF7265825A57847B48D373E41C0E5661C3496A32F8606C12A20450EA651350591E7EE68E943B042481153282D34327D2D8554CB628D56A994C54EE00F2305AB612F223F828760F4B566BEB0F76FA19FC1CF109ECA4B05A3ECB566FFCDE5DF2A60A70D28DF
311
A02E84FC06504B03041400060808007162F34CE3603EBE7A000000C20000002C00000041413239433930362D324633442D343734442D423741372D3542343546414231463038332F636E782E786D6C6DCD410EC2201085E1AB90D9DBEACE05D09878023D01A1D34A8419C380F1F82DA68B9AB8FDFEC93C3D7C52546FCC1298
311
0C9CBA232824CF63A0D9402DD3E10C6AB03A3397DD192872090D3406ABE7CCF5B5D18893ABB1690CF4DCF02282E5EA8A5BB96FFE536F285CB347F95BEFFE81C9ED5AFF9D5B1FB575BB00504B03041400060808007162F34C0763DA9D7F000000A300000007000000636E782E786D6C4D8CDF0A83201C465F457EF76EFDB159
311
A0862E7A8F581692E97039F6F8D3D1C5AE3E387CE7B0FEB35BF4D6E165BCE3505E0A40DA3DFC6CDCCA211E0B6E01F58205EF8FBF1B2037ED9A43C620D81A7C7C9E68D6CB146DA6D6B8ED845256DDBD2B6EB81AEB01134A06ACA8A4B851A419A52AC7A2AD9371CD4A9A5F2F6DCE8B2F504B03041400060808007162F34CCA1D
311
F9C9A900000073010000130000005B436F6E74656E745F54797065735D2E786D6CA590410EC2300C04BF12E5DEBA70400835E500FC800F84E0B411AD13252E2ABF27A55740421CEDDDD9B55CEFA7A117778CC979527255565220197F75D42A39B22DB652EC9BFAFC089844F65252B2630E3B80643A1C742A7D40CA8AF571D0
311
9CC7D842D0E6A65B8475556DC07862242E78CE904D7D44ABC79EC569CAEBA537E3521C16DF5CA5A40EA17746733E0B6615DE7217475F386F18B9481C510F1F021CD9FF027EA0E1F5C4E609504B03041400060808007162F34C3DEE336E64000000790000001B0000006175746F6465736B2D64657369676E2D7061636B6167
311
652E786D6C35CBC10E83200C00D05F21DCA56CA76D41FC96062B120735B69A7DBE268BB7777961F8D5AF396893C2ADB70FE7ADA196782C2DF776D7A97B5933C430F15651E5469C55D70F80A4992A3ADC954792C525AE70A1E4D6AD9816CC044FEFDF01FE3FDE907802504B03041400060808007162F34CB310D0AFF9000000
311
960100003700000041413239433930362D324633442D343734442D423741372D3542343546414231463038332F4173736574446174612F636F72652E786D6C8550CB6E833010FC15B4770306DA40641CD140BEA0A7DE2CDB2156828DFCA8FAF9B50395DA534FBB9A9D99DD1D72FA5A1ED9A7B44E19DD03CE4BC8A4E646283D
311
F710FC15B5909D28B1C6F85F34C8345B640F09064A666BC2BA43DC682F7542B51172079973D243C61FB1E9C1F19B5C58CE828F0C77CF57C6EF6C9639CE371E252128B14B95886EEAAAA4053A0EEDDBF4726ED1A1A91AD4D4AF13EAA6AE469773858772C487CB3092228929F16AF9D9CEAD645E0AA055895B541E10EEDE7175
311
C4DDB16E3E48919894386FE3CFFBD2F41DD0215D3D32CF48B14DFFB88655FCEF1A94F675B5BB6E0A0714C7239F034A8A94522CCF08634D89D26F504B03041400060808007162F34C95D1FEA8F50000008E0100006800000041413239433930362D324633442D343734442D423741372D3542343546414231463038332F5265
311
736F75726365732F33423941333633422D314234302D343741412D393233332D3034423132394444344639452F7468756D626E61696C2F302F636F72652E786D6C8550CB6E833010FC15B4770306DA40641CD140BEA0A7DE2CDB2156828DFCA8FAF9B50395DA534FBB9A9D99DD1D72FA5A1ED9A7B44E19DD03CE4BC8A4E646
311
283DF710FC15B5909D28B1C6F85F34C8345B640F09064A666BC2BA43DC682F7542B51172079973D243C61FB1E9C1F19B5C58CE828F0C77CF57C6EF6C9639CE371E252128B14B95886EEAAAA4053A0EEDDBF4726ED1A1A91AD4D4AF13EAA6AE469773858772C487CB3092228929F16AF9D9CEAD645E0AA055895B541E10EEDE
311
7175C4DDB16E3E48919894386FE3CFFBD2F41DD092141BFAC72DACE27FB7A0B4AFABDD6D5338A0381EF71C5052A474627946176B4A927E03504B03041400060808007162F34CD3DEE1ADFB000000960100006600000041413239433930362D324633442D343734442D423741372D3542343546414231463038332F5265736F
311
75726365732F33423941333633422D314234302D343741412D393233332D3034423132394444344639452F7468756D626E61696C2F636F72652E786D6C8550CB6E833010FC15B47703065A20328E4842BEA0A7DE5CEC102B60233FAA7E7EED40A5F6D4D3AE66676677871CBF9639F914C64AAD3AC0690E8950A3E6524D1D78
311
77430D24474A8CD6EE170D12C516D141848192C968BFEED0A895132AA24A73B183CC5AE12019E7D07460C7BB5858CABC0B0CFB4857363ED824529C6E3C4ABC977C974A1EDCE44D0A03F4D237A7E1E5DCA0BA2A2A5495AF036A87B644D77381FBFC82EB6B7F21591453E2E4F2B37D348239C18116396E505E23DCBEE1E280DB
311
4359BD932C3229B1CE849FF7A5F13BA0EEEE970FC5E44CB26DFAC7D5AFFC7F572F952B8BDD755358A0381CF91C5092C594427946186A4C947E03504B03041400060808007162F34C86EEDE7A0E010000B10100005C00000041413239433930362D324633442D343734442D423741372D3542343546414231463038332F5265
311
736F75726365732F33423941333633422D314234302D343741412D393233332D3034423132394444344639452F636F72652E786D6C8590DF6E832018C55FC5708FCA9F55699046AB3EC1AE764794B6A4151A81658F3FA82ED9AE76F591C339FCF80E3F7D2D8FEC53AD4E5BD3009497205366B2B336D706047F8135C84E82AF
311
D6FA5F369019B9A8062419087E5D6D78EED2648D5726A9C6CE6A17A573CA836C7AC44303DC74538BCC65F0D1E1EEF9534E77795539CA379FE021E8798FEA39BEA62F5AAD40F46DDD0D6FE71A56145348C961806C60048E678CDAB247D5D8F6BC4861C1BD5E7EE8D3AAA4573310B844352C2B88D83BC247C48E847EF0223905
311
777E8D3BEFD0B41D10A4632D39900EA28E9690566D0B19260496B44398F53D1DD9C08B2DF807189EF3FFC0A08D2778076E0907048AFF7F5D085EA402E378B51B672A5B7C03504B03041400060808007162F34C274CB7F2FB000000960100003700000041413239433930362D324633442D343734442D423741372D35423435
311
46414231463038332F5265736F75726365732F636F72652E786D6C8550CB4EC33010FC9568EF4EE224D0A4725C95A6FD00C4899B656F83D5C6AEFC407C3E761B243871DAD5ECCCECEEB0DDD7722D3ED1796DCD08B4ACA14023ADD2661E218633E9A1D871E6AC0DBF685018B1E0081906CE6667E36D85A435014D468D55B882
311
C27B0C50C86B6A46F0F20317518A1812C35FCA9B9017316349CB078FB318B55AA55A25377DD6E8804FFBFEE5F874E8C9A66B3AD2B5CF47321C87969C0E0DDDD713DD9CF613ABB298B3A0979FEDD2A108A8803735ED49BD217478A3CD960EDBB67B67556672E6834B3FAF4BF377C05FD1DBE8247A563DA67F5CE34DFDEF1AB5
311
096DB3BA3E141E384D47DE079C5539A554EE11A69A13E5DF504B03041400060808007162F34C573EF88CF8000000940100003500000041413239433930362D324633442D343734442D423741372D3542343546414231463038332F536368656D61732F636F72652E786D6C8550CB6E833010FC15B47703065A20328E68203F
311
D09E7AB3B043AD041BF951F5F36B0395DA534FBB9A9D99DD1D72FE5A1EC9A730566AD5014E7348849A34976AEEC0BB1B6A20395362B476BF689028B6880E220C94CC46FBF58026AD9C5011559A8B0364D60A07C9F4084D0776FA100B4B99778161EFE9CAA63B9B458AD39D4789F7921F52C9839BBC4961800E7DF3323E5D1A
311
54574585AAF27944EDD896E87A29709F0FB8BEF603C9A2981227979FED9311CC090EB4C87183F21AE1F60D1727DC9ECAEA9D649149897526FC7C2C8DDF017DDDEEB424DB677F3CFDCAFFF7F452B9B2383C7785058AC389DB80922C6614CA1660A8314FFA0D504B03041400060808007162F34CD2E0AE8302010000D8010000
311
2D00000041413239433930362D324633442D343734442D423741372D3542343546414231463038332F636F72652E786D6C9591DD6E842010855FC5CC3D2AFE54DD201BEDC627E855EFA8CC5AB22B18C1A68F5FA8366DEFDA2BC8E13B339C19767E9FEFD11BAE5619DD028D5388508F462A3DB5B0B92BA9213A73B61AE37E60
311
106931630B4106CEA6D56CCB218D463BD441D546E2210A6BD14134DEFDA5053BBEE22C62B1394FD85BBC88F126268C69BC739C39357F59C7158543093C4B694DD28AD0E6896627DA9CF2E2992581E46C53DAE5D9D10CE7179491599C8F04BCCC59B23F7B6C53F28094F49F5457852BF0AECB9AC7267D20D9905F48511517D2
311
575D45CABE2887AEA7435A8722DECC9975AB1FCD51240CE1AFF6DDF82BDAB6C87F46DB1D1638FD0E95843973967C2EC19F6127FC03504B03041400060808007162F34C08986D1608010000B201000008000000636F72652E786D6C8D50C16E842014FC15F2EEA8A8ADBA41367675BFA0A7DEA8B096AC8201DCB47F5FD8B549
311
7BEBE99199796F86A1C7CF654637699D32BA05926480A41E8D507A6A61F3175C033A326A8DF1BF6480345F640B110646276BB6758746A3BDD411D546C81DE4CE490F689CC3A305377EC885277CF341E1AEC9CAC72B9F644292878E51AF969FD5D14AEEA5009667A4C6598549F34AF203690E45F946D3A86474DB94D8AD9408
311
EEEAA2A405D677F5CBF074AA7155E6252E8BE701374353E0F329275DD693EADCF5348DCB8C3A6FC39FF72321A7478EDFA22F4D1F14A3EFC6CCBB208412C8E8F90B5846D348FC09BDADE21FA195F645BE1F7C6C38602404BA13C1383618C6BDDE3063DBEC1B504B010214001400060808007162F34CCB18C14E3D010000A801
311
00004F000000000000000000000000000000000041413239433930362D324633442D343734442D423741372D3542343546414231463038332F4173736574446174612F446566696E6974696F6E4974657261746F7250726F706572746965732E62696E504B010214001400060808007162F34C0AF9721E0901000030020000
311
4500000000000000000000000000AA01000041413239433930362D324633442D343734442D423741372D3542343546414231463038332F4173736574446174612F496E7374616E636550726F706572746965732E62696E504B010214001400060808007162F34C88E57597CD3F0000904100006B0000000000000000000000
311
00001603000041413239433930362D324633442D343734442D423741372D3542343546414231463038332F5265736F75726365732F33423941333633422D314234302D343741412D393233332D3034423132394444344639452F7468756D626E61696C2F302F67656E657269635F706E67504B010214001400060808007162
311
F34C28BB58AF800100009E0500003D000000000000000000000000006C43000041413239433930362D324633442D343734442D423741372D3542343546414231463038332F536368656D61732F436F6D6D6F6E536368656D612E786D6C504B010214001400060808007162F34CE336299B9F040000341300003E0000000000
311
00000000000000004745000041413239433930362D324633442D343734442D423741372D3542343546414231463038332F536368656D61732F47656E65726963536368656D612E786D6C504B010214001400060808007162F34C8DFFFC99640100009B0300004500000000000000000000000000424A000041413239433930
311
362D324633442D343734442D423741372D3542343546414231463038332F536368656D61732F52656E6465724D6174657269616C536368656D612E786D6C504B010214001400060808007162F34CC9FC333A51000000570000004700000000000000000000000000094C000041413239433930362D324633442D343734442D
311
423741372D3542343546414231463038332F4173736574446174612F41737365745461626C654F66436F6E74656E74732E62696E504B010214001400060808007162F34CC55C663656000000680000004500000000000000000000000000BF4C000041413239433930362D324633442D343734442D423741372D3542343546
311
414231463038332F4173736574446174612F53747265616D56657273696F6E5461626C652E696E66504B010214001400060808007162F34CFB4E84E838010000A20400003600000000000000000000000000784D000041413239433930362D324633442D343734442D423741372D3542343546414231463038332F41737365
311
74446174612F636E782E786D6C504B010214001400060808007162F34CF8D64B4CE7000000600100006700000000000000000000000000044F000041413239433930362D324633442D343734442D423741372D3542343546414231463038332F5265736F75726365732F33423941333633422D314234302D343741412D3932
311
33332D3034423132394444344639452F7468756D626E61696C2F302F636E782E786D6C504B010214001400060808007162F34CA233C2345D0000008000000065000000000000000000000000007050000041413239433930362D324633442D343734442D423741372D3542343546414231463038332F5265736F7572636573
311
2F33423941333633422D314234302D343741412D393233332D3034423132394444344639452F7468756D626E61696C2F636E782E786D6C504B010214001400060808007162F34CBE89762363000000880000005B000000000000000000000000005051000041413239433930362D324633442D343734442D423741372D3542
311
343546414231463038332F5265736F75726365732F33423941333633422D314234302D343741412D393233332D3034423132394444344639452F636E782E786D6C504B010214001400060808007162F34C0F6AEBC27D000000A300000036000000000000000000000000002C52000041413239433930362D324633442D3437
311
34442D423741372D3542343546414231463038332F5265736F75726365732F636E782E786D6C504B010214001400060808007162F34CC4E028220C010000550300003400000000000000000000000000FD52000041413239433930362D324633442D343734442D423741372D3542343546414231463038332F536368656D61
311
732F636E782E786D6C504B010214001400060808007162F34CE3603EBE7A000000C20000002C000000000000000000000000005B54000041413239433930362D324633442D343734442D423741372D3542343546414231463038332F636E782E786D6C504B010214001400060808007162F34C0763DA9D7F000000A3000000
311
07000000000000000000000000001F550000636E782E786D6C504B010214001400060808007162F34CCA1DF9C9A9000000730100001300000000000000000000000000C35500005B436F6E74656E745F54797065735D2E786D6C504B010214001400060808007162F34C3DEE336E64000000790000001B0000000000000000
311
00000000009D5600006175746F6465736B2D64657369676E2D7061636B6167652E786D6C504B010214001400060808007162F34CB310D0AFF90000009601000037000000000000000000000000003A57000041413239433930362D324633442D343734442D423741372D3542343546414231463038332F4173736574446174
311
612F636F72652E786D6C504B010214001400060808007162F34C95D1FEA8F50000008E01000068000000000000000000000000008858000041413239433930362D324633442D343734442D423741372D3542343546414231463038332F5265736F75726365732F33423941333633422D314234302D343741412D393233332D
311
3034423132394444344639452F7468756D626E61696C2F302F636F72652E786D6C504B010214001400060808007162F34CD3DEE1ADFB000000960100006600000000000000000000000000035A000041413239433930362D324633442D343734442D423741372D3542343546414231463038332F5265736F75726365732F33
311
423941333633422D314234302D343741412D393233332D3034423132394444344639452F7468756D626E61696C2F636F72652E786D6C504B010214001400060808007162F34C86EEDE7A0E010000B10100005C00000000000000000000000000825B000041413239433930362D324633442D343734442D423741372D354234
311
3546414231463038332F5265736F75726365732F33423941333633422D314234302D343741412D393233332D3034423132394444344639452F636F72652E786D6C504B010214001400060808007162F34C274CB7F2FB0000009601000037000000000000000000000000000A5D000041413239433930362D324633442D3437
311
34442D423741372D3542343546414231463038332F5265736F75726365732F636F72652E786D6C504B010214001400060808007162F34C573EF88CF80000009401000035000000000000000000000000005A5E000041413239433930362D324633442D343734442D423741372D3542343546414231463038332F536368656D
311
61732F636F72652E786D6C504B010214001400060808007162F34CD2E0AE8302010000D80100002D00000000000000000000000000A55F000041413239433930362D324633442D343734442D423741372D3542343546414231463038332F636F72652E786D6C504B010214001400060808007162F34C08986D1608010000B2
311
0100000800000000000000000000000000F2600000636F72652E786D6C504B0506000000001A001A00210B0000206200000000
310
504B03041400060808007162F34C000000000000000000000000370000006662782F30363134424434452D334138332D344439322D414644382D3630443136364139314446442F617474726962757465732E62696E504B03041400060808007162F34C000000000000000000000000350000006662782F3036313442443445
310
2D334138332D344439322D414644382D3630443136364139314446442F76657274696365732E62696E504B03041400060808007162F34CF270F1330600000004000000360000006662782F30363134424434452D334138332D344439322D414644382D3630443136364139314446442F747269616E676C65732E62696E6366
310
60600000504B03041400060808007162F34C88E57597CD3F000090410000420000006662782F30363134424434452D334138332D344439322D414644382D3630443136364139314446442F7265736F75726365732F322F305F67656E657269632E706E67355B773CD4FF1FBF73E71C0E67EF7576C9DEF3EC995D46C6A1EC50
310
46649CBDF79E192942562825CE965D8A868C2842C8DE9FDFD1F7E7F138F7078FCF6B3F5FCFD7EBFDFEC41B196891913091804020321D6D7513FC77D8C5070EC3FFEE51B21F068154CC75D455CC028A3EA68992803810109FDDE5D5CEC5521B28A1B422BF80741695D5B529DA1C2D058AD2388BDA9F476F7C2CADC939304173
310
DBF48A452BF8A700C0C70C3D121C1AA15A5270C22E2B9E28763651F7DA0D12CE11077B2ECD0D560B5E3DE2368B1E65C5E1C87384A4CC5F2D9FB8BE39E9B77C753783A37998F5CEF1B4FEE553463245C9712270880DF339E0B882A6BA713D865F6F384C842D440934EF264F4A304F8DE4EEFA1E2BF5E2D91F5ADD9613D6E31D
310
DB33ED31DB1D7916CAF091286EA3D31B9CFECB78BB0060245B943C4C040119FF780A74DD308BA9D028678674EB5504ECF284EE814DAED07440BAF649BE4B55DA2890F4D73E2D489A59EE54FDB0A85B59F2F52C4858A02705C4815A792B0C4A996A2023ECB195073E115E3E3647F64243A8338F2000BCB58DA5692C7E7C3D41
310
3F963FEDF3CF00FBB0F831A9D51360FECA43819F527B89FA260EB63C5DA676830AA3626A3693B23F1A17A0DFFCE3EE164E31B5365EDF0C89EF64D8E38AB0BA9A1117D7C3A0EC44F44F4023095E80BA610DE336D0F99593A88BFC5306E72DF98F7FD132ED95878DF2964EA7E43071359FD83B2BDF9C6B5BDF768F0F3C0FC351
310
199526F53D9460A34511F75D1B63E488178569472C91A94497807A3FD4A390C6558F26D416365C3656DE6E769DA9D8FC73774E1709812842DD8EF96AED1960F79D21B395CDDFE6F92CB4EB962A4668C76990E2EF29798C8941D67DA50F4A5F947872460F1F6FDB794E8A29FD7AC0C0D6E0714339CE258FB17AE8535221E346
310
4A10F29A0BE5EEECEFC5675926A89F49EB14E5711894F6586DB5754EB4D5DA9C6437EBA57DB97A24F8B8A8DB295FFD73266CF57E82694DF5166DDF93573AFE9C9C5EB05F8FEF8E89E0A8917B0B3724DB7BEBB53252581EFC3E38166BA131A3A5B42FE2AD00A769BBFA4458D2DE7822F8C4F63D0B8E21B285AE13325F3410A4
310
35C648C9D91FDEB109E73CEDA7BC796961AF79175E1A3CE4C5E8B0D009B0C9E29EFD98BC8E97554E3D8D838424E270F7685226E5AC268E021EDE3522D583E8F20C0BDE2959EF5BBFEEDAB32FE9A3ED0E39F211A86AA9DEBFC68182EDED132AB8BB794442D2D7EA9F4D8BFF52BC4D55BB165124EE90A42D101E67BBBB292FFB
310
4F66DE5BF2300E44546757DA7CEF8932BFC9F92A0707953491A55C5A5ACEDABD9FA1AEA01BAC3DC5A24E22E7C47213493996EFBC369D086ED9397C9BA6C7F9855C7BD5E15BFC8C53DB3D2A4C5901A57ACD2FBDF4D1676E95338B2C2BCE65FDA4C64F5FEFDC7D9CA5AA1FCF11E193F2FDABF0F4916BF13FB916A224380E6462
310
A9815F2300DC49CC4DF8D055CEF76462F4B7A7ACA7365C2707891370BC1D0AA6203C44CCAB47084FEC057F27FFCD57F89B8B9852459798A675C66BD7CE572CAF71FF7E6D7ECF7BF62CAB7B3F1107DCD04DC55A3F9961700286141C94A4F771FEB2BCDA2DDEE0CB0BAE402FF1DB0100F8E475DFFFC074DDB4498AB7D186A765
310
4DDB1CB680D703D47CEB4E72F8CB13D86A4AA68116E26387B93FD6738779B34FEDB8E517EDF2BAF28D9BE93A1D3A164320E07D42E514725C29515FF361754213EDE06B079A2E99EB1CA82A02019EADEEB87B9AF005BD04BBCECB14AACD6B24EFBE482194A97DD32400685FF1FEF1544D1B14EFB1E7F08E6D2CD2AF52DE757F
310
35F5E62332EE88EA26417AD5C3E0E319D68F25414E6D672BD4522B278C57D18F0113921C71D96527E091F00CEB15AE23D24667369BD3CEFA10C7549D930890BA4366F4EBC55F01F746109F98ABCDD5A3EE06619C6AD78AB33E48E4C9BD21BF7478B385EC05C4F8987E2C1BFA0A60EBEDAA0AE0B015C2720ECE180FB6F2DEFB
310
EB822D96338C9B63822183BBF52FB664A7AE57003AABCE512BF77E7E31BDA2E739AC4C131657DDFE5225E900FB56CC01CDE808FA4A9C9DA16AC679656BB64796283D89812B8F91136AE18EE5EBBAF47A73BE3C153EB5D4CD491B4BFB4FE690A4CF9ABA08C0D8AA64220C438C96EA6CA80B58FE5761E697B3A292EB9FBDA502
310
FA863E49FE694ADDFFF9D62C520BDD1A22014147A0903A05B9B729F54272EF83931FEEC057BFF8C8055C279EAC5C0011804828734024F6CFA319C9CC6867C727184465CD9BB7ED386AFFD96B294A85E3802FAE47244602D8273615952B98C4F23F7EAE4463D9D638EEE374A20959E0FE519C4CFB0FBFE5DD80C2AA3F9DB961
310
D1BDE57E67C9BB47B77FDD74EE3094F5DBBE3EBC1FBDB7393F5116263009E2EFE1AF9A221B2AE234C902BF70E9F280ED23E73908361565964333A3F01D0B006AF32FB21AA1316744B489D5A198E85299241735BE559675130955C902A8ED761FC0DBE337A9F91919AF5CE32AF902ADF9AB2615E00E8A94586BA1A90839B618
310
32FF1BFB76D2EFADE6DB1BA04CCAD3DA649E7E2A0219F592E22F2AD54847EEA8E42271011E9074F8F3DD9FBA6CDF88FFC9FC7E811AD1CA8F4557CE4AFC7BBEDCF0114A48689F20A584520C74DA8127124B767E2FB91A6B186246727BE63C9445BAE02088D58B8EFDC0F1072407CD9B89A13F6303B4A928F593AD489B58E686
310
9325790ADC406036C591729FE14021F94B7796BB11848D463536A092A26F077F94639F7CEEE2A724C66EC885F4A24F8B8A0AC321F8FD149BA529460FAA34E4663C02D41FDF80BCA222D42F0ABFF8490F4FA74C673807C2051D8E467B47B616072860069A9A303ABA9B319D58404461401B0A0F9BE5E1E151C14BC33B32ABE0
310
3DDE91708DFAEB15E7C0D593C86BB7D7EC17BE56E57975F077BFD5525F3A1A361D584A75E08CF29FC7B44B2B3085014F3A5A14517377C3F6B8F37E59514C3B12F8AACDEDDA4DFC49BE5710101534CD6FB6DE15B50F11A09472AABA727F0C49D9CB906B158030065F48EB3625E010CEC1D511D0053474B11E6A4F01C0D6EF1B
310
ED3A944FDEC70E0DDCDC756C86545910E0DAE3BE3AA9A404574C2995CD5CAF9549226BC94B4F4F0F5F9086F418F6B32346464610D8BC7391D3C3A3CCF04CFC1FB2A3A3170E369511868F14EEA4E5E438CC73DB1F3248AA94B6B2FF33B222FF3D1E7BF146CAD229770158063BCE4F5391964DF62F7E52A7BE0EEA829C9E13C4
310
C147D6F93FE59E111DAB5E4594D6F3CD1AD375EE039930EFE5AF2BB2D41C83C7DABD8C659BAFBE8FAB392CA634F3D15C1D945DB4588D2B0824A4EC928AAC565557CA2F0DAA588CA5BE30B3A8004F7BF005E96CBF891D7F18112A3619FDF530DC8AA64954258E1811789B5189B49B4EB53F5F89F7D37523894F3EB57B373763
310
C91E502F52CC99EB7BDDF933FC324C4FFC2561DFFA7339FAFDD0A4BFBE6D3A8FF9ED1FC49898139864602458968913181918F719CCF5A68B2EE9C1FF050E34E63107003B8120FA982C21B30A874E4F5E4B38D5A8290C4B8D9BE48A0BE31EA995BDC37AC6DE90BA17D259DEF53605D55922FEB1855D915B659FBEB350EE0DFB
310
2F9F766E1C84CC8964B75D08667445EAB966015F63A18A9E0A325C1B3DC628C0D3CB60F767FA93CC65F25458BD23C3B312716E5F40E5858AC06EBA9AB14F95DB99147B832069201541D09A0D856E12C629CF32683760EE855537D1901988D5EBC156676C7DD51D7207CF3267AF1D76C2AD867315E44618015313A98B19941C
310
696FED3461CAA9B5415F918556D7802EDACEFD6B2E45853A9735DFC9DBF7E440F9319F8B6805A973BCCDC76C069A9144E51F187EDCC12FC31B5DEAAF0A76137199B106EC84ADA6B6EE697D4E6A96E007417F4E880E8B1E89B4BCE9D81EF611E2ED8F0C1A6C25F620FAFAAB656A7C42D464880E8AFAB0E0FC8EA38CA9A8AEEA
310
EE3E4648BA4680270A89743CDD3E6C6CBF34B7B640EFA285ABC7EA0A1E28F3CC963D114A80123EE66D0AF7D5380EB41909B605AB4765B709B808590458157E69BA1378FEC4B48CAF6A730E3BE3C5EF2DD1A5EAF94B1DDE50CEB55DDFD7EE9A16747FA4B223359FB1FCC69E1194892BABB93A1D5C4E807AC0EA2E30180811E7
310
7A2291F6E7F7FAA5E0F60215BC6024E48DE436C511F0628B8CA189982D4D83CCA17D305A7E923C37941CFDFDCD93ACAF735EF5F0E61BBD3E6C41A59B242790D3A3BAC7064DCD89AA2E37214EC839820949D5CAA31E240D2948E48F690298974A96BA9A8432BC90F5071D6537C9666EA4564796B7AFFFA548077BEEA75F6308
310
3435074BA182F3699557397F71548383FDA8CA34D99B981E72835ECDA5DDDC151315173D05A21F651AAF8524E88209E2E7A737ED1045800CE3390050BCFB8BE588DF111617874C62575039CA588EEFDEFEFE319B739DE2EDC147092A262611E159650E787917885EF08F1F51B8F2D8A71D60B58B190FEF9541A1BE94BC19FE
310
A50784DA1419FE4B0FB51B8D36B5FF8E1286FD8AF42B91E59A5F1CC4D60174E764045FD8C57B18209B217F89A62252BD20BE0E63E12B8E8F029FE19E0E8D0870F58721A557082250D5424F7909369376E41666C0EE77CD87CB283F661D5FB6D0DA023CB67320A20DC7BE661E9E1BFE5463085C557DA1FF9BE835733766C3D1
310
39F2CF9E2208873AD0EB4814DE9E6BF2CAF81614D4D43906ED1C05A3265CABBFE192770FC2F64F940CB6B17B5F166F133C9AEEAD2641807C3E69515171DD74C4A85311513D6EC9530B3B601B6BA3EBFF3B5C3D2F7D69765141E345F75433953D013ADDF8F6AA7DC3F4A7563FE5C7D367937E2900D7EAD0F9FC9A4A1A9B5BDF
310
1FEF08532660C01C5D6DE22199AA774383E306DAB87E301ABB7D213887F9869D4942D0D71E94B27EDF216A318BD488D45DF84529EF575AF3C3938C0AAA0215B01994153E2054A0B894DA5C784980633AAD48576957CF4AEAEAFADC7C587368551C73DBE1E57C58AC713303A8BFC258BD04B51724459FF9E24C03A81E0E0679
310
CEB9B348C0DC998FEB9C6D6EFA77D247CC8F92D3848599ED89A23218D0636465AD1CEEB7DC140D7426F83491C4E8E8281C2FB35240918FFECE880CA2A42D70E8B20B34DF5221C7DB0CF90ECCB9C745B37A47E9B716FF7A97B7A252C1F3814DC7B1E1A7F72B8751D524EF7CAE45B0C73B3BE7D08ED39781B380DDFC9AA4A474
310
9C9493DB5BAD07A6EA6C092FBD0E85DB004DF06B8C9D3089C5320187E4CE1846158C7EA7DDAE8AD9AFFF21AA3A1026BB06A259845E8232DEE62811A4DA9CEAB3A4887320B76E2AE5615EAB7BDF738CBDD01F1E64064BC13D9EC53576751CA8CACD58B3CEB0E6CA585BD089B2A59B9FC101403387AADBDBE70586B93D64BF3A
310
D4453EF9C3B6A93817E8346991798601344F79A83C51F3D50F7BF2683A3605F51A72449489E0EE6169C749C60B1035651103AEE24D24E51A759C840DD3FC6504DA6FE107510E447B43461C79D22970B75DE5E1BD3007D1AFC619A4A4A69B5626AF5E9B8374E20677F77E2F8E73DF868E8BEC7EBA7B6A75EEF7205E1AB9486C
310
B642741D6E03FF13FCCEDB1C4AC129886268B01CDF4B124AF797CF784F3C6DEC97A17D4B558070A0F1C04DA4FF9BDBF34159AEFE958479824B3F58EBD1E19088A2AFDE501B6F2052368A3FD0E650A179EFAB1561E1D27527077136E652676C3670F42DCB3352F48F6BC86D2C3B0051727E41A0A4DC6CE2BE9D47F5CAA2935A
310
3C0539AF080665997194ABECD723B08129CC5B6B21D2E7D54CD4D12610E7E9FB8306771A89576C7A982002775ED44F3F744CF21EEBB27A631671D921938AAEE3EB0D19CD1E083727F607823E817BF599DCED5394E37EEBC2E88782E638920CA641EF74D4CDFCDEF06F4278ECB18E31E7E9876F2D783C8BF429C75395F57E98
310
C2B495A3DA077EB3AC3C158608B6B57FE3EA48484D9A480096FCEE0DE880950E7E5A5714131C5C41AAA29FD19AE81AC145FA1B9E85C7169A5AB837B213493DF7E9AA4B5FBF9CDEB36EBD21EF1181B7CF7366AB2A951D01E37AF4EB835D1BE8C117CFBE7625D2EBCDB0B20C5A4B45CED0BCDE3EE8DA9DA78C2E21DEAAFFD119
310
7E463C33CC6A80FB785669B856EFF7A8CCCA2841B5A5369173320B1170C368B2748D81062EA0296E5E2D95D7667A4A46D98A6FF475C76AAB0A8C8D45E226FAFC9FE0133EA9F60111F99CA81ACE03A1D14C89E8B0D69079C91464FA1D99E651D0EAF606F345C42A8A1AA9BA391031582B96D5B4176A77AADB01F12FD298A75D
310
EEBB2C82F0B8650E880722F8DDD90C56A7A058E5FDEF1AC93545BA27367C76F5D8F9690CB6F8DAE141EDD7971F0FB548A2AE435F224D6E5954CA155512F7332029D5A1230854B79F258EC5FFDB09F5F6343A8EB193229B7F7E79B3E48F8E183860B38C8269D1B53738FF1E0BACF6AADA6D4869E9DE708E79B5DADCC09B1BC7
310
6F649731CFAF59A83FD8BAE4C749D66FA87A3810D4D62FFE826FA400C0F325D2BC0F3CA35F5847B82A2ACC7961745C823E4D863D54460AF792CE6F79B5C7A33B25C3AEA6CDE15A919B6367D781E9D44F61BF828672594A3E1D9EDD6DF179A81F27EAC05B936575D73E05C209DDD2115CFB705DF9BBF3C911589B3640735E9E
310
618FC9C36A7326C82B2205E244C55D56FDB9D5DC93CE958D4BF8174D2B3DA54CB3C09F2C2A6DFF73D23B2197355761AD421EC581284A7EF8DE2CE3497C0C804D49B41DFD6A7360844E5BEFFB495CFCDB97A4595911CDBA623274CE852B5E278AF0BEB1770E9D37CD977B2766A7DED0E94B840E1E95E8C77DE5CB6354AF7871
310
427C28ADBEEF7BA0A28E19DE9ACD75F379FE373EAE6DDDAE3834692F9C2B03B4FCA8FCA9ABE8EEEBEBB725B88A7C90941E850682CA04061A7DF0CE82ED49BFAFFD42C309818FAE14755CAAE78B0F73243ECCCAD7DF58FCB9CDFAE7A4D3E6671A613639130D056C8383C8F4FCF4808C331E544DD26E4755D09EA05253B3049A
310
1E32587CC25D72E073E2CD96D04A71BBCB0038FEC3F53D254199C3CDC67CD66640269431860225392B2CB3ECD0B4498AAE78BA1994246AE1EE78F2EDFB79F6C6CB6B5E279C4D373FBC21CB2698C9ACBBEB6A4BB6B39E16AB0E421CCBFC7654D81ED86022F9BB522146F9F4772E2D0E4FA70120C95A85A417BF5078B232F475
310
4363EB1750B2AC2148EB46B1EA72AD9B4D23ADCBC589D70106C3EC2ABEEED84DFE28E718C6C83502C28E9FDD3B09DA0A6F6F7B72B706A31C9E2A331EE70DA56A083D2177BFD63C55B11D8D949FAFCF90B23A1E24B9B5018B9A17E99F2890EC302F330FE7936E2C23F0D237EC8916F5166AB84B62A21BB0B950146962D754F9
310
2CC2C8877BED8FC7B7B25726DD19545392570B3A2C66B58F027BEF412E552D12A588C4A3CC5C3193FCB3485EFFF700D0B9EEC077754A33DC1FB9E25AF814628F91DDFECB667D3F7690803F38D13F8AE39353523BB08FC6760144AFA2CE28236F65EDBB3D5F59A57D612B99E3D7E5F8A851666BF9B5A6658EFC96EEB37A378A
310
BB0EB3FDDF1303AF32C41BD1C8560745D7BD81066B0D6313359CF488563D3BA3F8E2185D1FAA3EBA1397C9D0E3DD232180A4DCADB6AF25DB3AC3CC26589C8239E66E81547BC7E2F328F9884764CA37EB5DBE390DFC03A5246B456A7C3684C4377D0EEF9A350680FA9A077E8B2957B489E09AB1AD41316944C2254B5984830F
310
691C93CAA767EECF976FA5647538830B5E63236A6F0365C1E0F3E327F24FE35EDDBD7360B0F7374837409F7A6311BECC12B7026D4FA1AE204FA3F5FE904B1F420C7A9044AE58E403E7C4848E7DA25DC9EDAC79DD756FAA26B9EA83ACE8A214A2612A22AFA19DAE7DBAC5F8CDE1292A485F98DAC731A29FE01A3966E96BCB9F
310
B5A4C8830E1B9AF0C54B87FBE221A097036E5D28D1F869F810C06A9BB0AC0612F69AEBAF893C6E7AD59460208BAB3A6B09CA4F6BDDAB8CF0D1F84B72487498395A70DCD754796E271099A567A55CF242BBED64696378BB6CF25EF0FCDB589F3A82F1116D010A9AB9FA4358809EE0C973A2B4229BAA876A70B03AB49CBA7FBE
310
71DB1832FFD32F9BF2C8E98075CACAFB36921235D0F552B6A67E94E094097A5D7DF681B40623DA535ADA7A9AD8E9A62407D7C9A5AE51D62A17A83A23728DE86BB56115804D3F2675F2C6B87541A0FC497BF0CA86420F558C9859EBE9FAD62747E323E3AADC03FDCDDFE7407B09DA90B44E3185723C5381EAEF589765E2F7A0
310
99BA46695BAD60CEF3491B8A171F5F56444F7CE9455312C3498C74173AEA0214EC029833B34B650CBB5A5508D5091665309642791708ECF27CF11DB3D797D6CFE474453BD4BFADB768094B2147814D81C7CBAF8228DCAF5564B5891F5EF6A860EB2E323CB82AB868D8EA048880D63B0DE5341F1B3D53297B928A11E15F25E5
310
148990F710747C3509ED14909C552EBE3973246FCE55D00564D8310BC3EBC5085D08D806799B77D6C57FDF5E55837F9E934F09C03C729271B64F12D0A9F9E938107CAF7BF1EC8CF1BB9B42363D33070F4CACB425E605DDB0A34A12BB936DE286B9887A4E2E558F0886498BFF49C311D96C277CF6A9FC0D75AD0ECC5226D7E0
310
E3572012E56D7FDE4410CEC7A6D0F997F225A2055B8B92E3956E875AE4993CB3D4C9063AF98FD45E1BAB165640A43439A2C9181A7C355B297C0A0CCFFAE19B6FA3C2BA238A885FBC98B8F6DAF4B94B97304878DF4D8BFF6A4AEDF79E90ED4E68F00CD7299F4E0D83E35601AF0CBEF18C1E870E74758FA91F5131075004DB3C
310
FCF09AE1DABC11957FD9808C92E8A678CE9DBE40DDA0E0D1D505AAFBCBA208232BFB6FB3704E8985E61ADE53DE74152F5C7DE74B1DEDCD37DC3E8FB30D7EBA8B9EFFC3606BF90B8D438279CB7709FC7C00D327F41817EEA71CD9E49FE9C8C9A81C70915D9F0F15958EC5AA4C3BBFAF46986B90F188BDB24B89DE3C6F29EC3E
310
6F66D84856EE96A35E657CA41B41EFD8DBFA16AD6E91439EA92B40B21C053249F51AE50EB0B24C770FFAF40DF12C8436366819C48E36547D4E7B72FE2BBF10828583057814A668BDF183F6B2E58DFB151103E56303E63D00F39C27C4661605DB644D19175D02E3F0241E8FC3458D17AAAADB117CE9EEA690D0DB01E634878C
310
04C2C9310B69FCAB831151E3AD293BEF6E46B0ABCECB50F5939B39C613D41E81FAE8D34CAE3C4566B761D37185FE864AC32FCB71AEF39DAA5BAB88609BB980CD2F07A8F941653B529567726E2B2A58D079DD57E1E5E31426CF184A04D7B03B985F276D47406AF276FE32E3328BA866EB1FD39BEF57863A317634AA5FE46740
310
9B3873F5069EF0D71AF00AD189D17BA1974ECDB2D623E9E14086386A6AAB5807825C37B015BFE892AFD154920EC437EB945D958E18622E1E0FE2FA06557CE4BB9BBD05A2D40E774DA2B65473791E314B7D6C886820B2FCFE4AA272B3B8B15E7344A145E8AF919B5454D89D36D413E87211186BF6F645E5EC94DCCE8E1C7990
310
22E4EC9BC86D7A0F2AFB1FC4B2CE48F84B3F49ECE65BAD24CADCC07EFF39AB06BE9E6B27A059938EA7208838455383DDBCFCD967DDE4650EF92A14FF933C975DB20BD7FEEBC4487576485963D757D16340D9599FEB362F775F38CA4185A86F74B629C81B133644A3B18FD056E997E0734F9BE26D11C0AAFC669E2AC9FC41D2
310
81F8B2E1C35AE27BCE05F3DA295488096688719D974DF1B5D182DB7792288697F8763CFB43562C1CDEE11C4AABD5C22B6E33F6F389CFC3477C5919DC0D533F8A7A1846B7ADB60ABDC26C43D0CFC8910B7C15EE22675BD02702ED39DB77A87A192CA7A543E6205B979B9F5A6B512A3CA799E198B2D5797C0AF8D1D872CA455D
310
4D431A7879D4DD76110B5FF7F4176B54477A9EB5E4A5D11214FDA585F0382751D8E2582BA5D2075053298FEB8F1537304E32CB22C2E2B693DC0A760B1DFCA751BDC445AFDCBB12820ED85F6D5298933C7EF1211E9E057684056CDA3FEF3BB6052355E162DF27C59E965A8DDB7F9437EB72CDDA3A090DE65A5B2F50326247B7
310
EC67B73ACC7047FC9B353D6EE990F772207C6EC52B39DC2F3C0754821DAB559F7C1809C7D0DD5B0499D0442E0A6E391B3D5DB46D11E731E6794EC77523FBDAA242ED67F9FA1FB684255671F63C9BCFE6E7E896D51001A6113EF2298BA494E0B0980D1FA5B9D60796554C02256B1E0345FB7C6186B6A19D2DCA270416262845
310
FA4F42DB5D9B0A0B6F07FCA2E56C242522E001E0CEB734AF310FC8BFB57E38E03AACE93B3326A2197891E68452B26A6307FDABFEE0223D3C03C3C73D2D5BC054C8311F12004CAE488E5C29287F8156A2CAA4AD0D7BE6B97264E4139F437CE73ADF52E5134C52B819777C18B323A5924E4F67AFD13B1CDC3A61793A79FAF5C0
310
CEB718E441071E797C6DCCB9EFCF7E4A1E9F3DF3C2F9C9E8294E9586868788C972857FB0556D7A26941A7EEB9B580AD78EC40B85DC906B4120A563CA3B87797ED612D3B035962BB75F6515A393F4CB057F564CDF54F2E5A024514E6A1F901DB80C7E70B1FC05E356A7E72FABF4775B3E3FB8F70A2A8E7B6A94542BB3041579
310
78CCC999E707A29CC795E67A59CC546A5D47B368954CA7B6E75EC9E1F6FC73CE3B4F71F8CB1A6B15923D61EAAEB14626AAA9D04A26EB9C66CD1BE86CA31A5D8703DE04CD1EBCE4F5CCB62F93909AD11E55799A781A956ED27D3E738F4538CB04ADABC7DAEF20BC35BA6A90BCC1DC61BA05F20D8832FFB9BC9B15E2DB838A0A
310
FBB7E0C82A562127E0446894F427794C3037186F622BF24DE1B00AA10A23BFA47B2A180D6DA5AD6F7326FEB8C100C2D7142EB2A0B2A9D1008A09BA343D70E054AB69E2A7EDB783CBD92537FAF4A44D1296AC2792729104B3276C276C951D0CF3CF3F1E6B017720A7B8505A5FF9589365979678C36F1BAF759EAF57C60F1FF5
310
FE9DCF5F8E764FF25A2D06CF25117A8FED51884C13B2B750DB0E4F5E3D64124FCF11F0AD8F1CC3B3DA4B38ED22BF1CB2585EE6BFEBBA63FBFD44F9537B9B37BDD6B358720F98A8125AED4349CCFEB0E135F19E208A04CA7E2B10711185D72E381F448036EF57C9F874E54A971CA37A639E986AC0226DC5AA00D5B14FEA9192
310
234B3DE617814FC221C92F33F1D392F297731B567FD98FD91D989379AF567A65B8ADF177591DB90FBEA99BF4ED11B16E50A0AB1DBF1156D034BBE04D69D08F939D8E92BF525A1DDAFF80ECBC95D8F45D3FDD289FD23F7D8B452F8EBB34EC082DEEE68E18EDDF072060FAD2AB1504DD4879BF67099FC58F6E9DEFBF645D1633
310
4A3E9A127C6F1AF6132CF287E433B43A0EE93812B4AA0B194E03EE3FF91EF9C6ED0074A2F6EB18A96A7C9890B1FCDA1F2095E944DB911ED54C60DF16FB74C8CE9BDC7C54C4F14078CF73C2FFF1F1BBCCD7CF64F71407EA1683DBC410D226627F66E509060D5C0AFD611DE681D509DB8DD12FB1265B03C6F5C55FF4C30BD941
310
87FF692B4F152982502F193098A789526A038AB529A52BC0DC4FB6285CBAC10A8B8DB75DCD9BDABBB221E27D1F8DA9F5EE5926A1C8AA9BA9BC09239C6A7F12914EA3B59EFF7AAEC3FFCCE56F1C5C2980AD072793527565E774F4631DB178CEEC691B1F367BEA0CF2907E1D6B854D527065979DDEF002D8B2ACEA7CE21AE297
310
737EDE1D45B31233B73FEA35BCFDD0B09721FDBAF6432681F2FD10C3E9EFB246FD6E854B344ACC9D8A0EEF876A7314B49B6A499FC650B099D650DBFEC7638ADFD245E2B7839DA5AC5F7D5623FC0ECEEC8653FC9B2BDD1AD4D00A566FBA7186DD3C9CD26512551637498CADB950FEC71ADB9A5524285DE328B8EC7EC75D2345
310
AEC6A27C42AF6D9B92155315C80DBFCABBB7DA0FAE425C4FB896B15C9BFAC4FE67DF5A23D30C93DA4D8F36FB15D100050DA6062E22AEC5F4DAC4F6FEEF97AE05DE63C6D38F9E068A20BC5E3B6BCD75320C5090924E7F93640A7735B1A43451C2D91EE62C6238B797349E59890AF3A520DF4A87095F3ABEC2E61F0593416CE4
310
6CDCBE0E00E2523FCCD04408588B5B6C9DB6459C786CE378770B54F51DA3A5E1DF2A3349BEAAC234A6CF8993B598B3B25B4B113E353A4D750FA7534749430F3EBF2512E7EA3FD43C6AB9A1F765A58463B306721A15D224FAFE8C6F5E3432D57EE697DA0DD5A9D4866A8BCCAAA9DFF1F06047851408FEC060471D0E3EB86BFA
310
F46E4B5E60311DC3E3CEA147C75CF971BE74689507154FF2D2E92F15CDB2B9182B11459FD8ACAC5A85F174BC94A7F4EE4C4F5CAFA7C02E37BF0BC77B7DCD0C047BC316F562A01A441AFA7931CC84A28CB9F4AA367EB515778F29BFE61195FA671F4352E5E46E3A64773F1F76EE5EB36D7BCE9BCEAD837A4D77F8DB8C92AEEF
310
6711920D7C7D0F76B0FD0EB7AB83724CD35BCA7D36DDDF5FBB7FF6F04A91F3E2BB3B8F1A43CD659639507FF6331C5F697BCC782AE57D757A27D97F1AB9E0AEDB43F92F1B2AACDF5FEC8ADBAF9F814E2027003BA2F9E144B1938A7A04050AE5D953B82C45619165C813A10E76DD6906B3C16438064D14CDA713AEC420034613
310
E1AC7241904A49FBF87409AFB1FCB9B72FE7933A87D8FBEDACECE4EDCF6A4FE9FB94D5DEB74FAB7CFEAE17EE965DF980DCCA2D04134994F9A2E94D2265DA4FE6AA7B7AC15FACAC2B5ABBCD7DFF542C5314FDAB2E1B9D8B65220B8E2B638BE008E8DCA22678C820C5053664D15E89F2D735B51A84955E81A443545E9FF787BE
310
0FA700A76D136C27DA179A7C6E8939E01BE756E19CB292798063D8B97F44E8A27BCF3A614FEB8BE974A718E86F7EC99B53CA35FA24F61F2B07266684623A3D4CF073E511F3A10A8FDAFAF0078C577F4DF9D339FE7862E5FA47CF4344209E5BF76D783B1B48E152AD281B15FCB934DCDA49CEC5706B1EE8B460F435324A5CAD
310
154725E21AB8044B75A557A79F6C807B9340AA3D92503E866F4274412926C8C504E4D5EF8C0E68DD0B028781A6B4054F11CF18941F101C57CCC796773ABC8DED9CD91FE5788806C05E548895354AEAC96546D55B0E94A59F148D061F42AA398D822CDECA4CDE79E13469BDCC44FDC990F366BA5978C15F97ED80CBFD73B0CD
310
9B8B83A4F6845BDFBFAF034019473FB9A63BD55D3A4A7284757071574029A4D016DCCBE95DD679EF3C4880BF169422F8C89B68A988D2B13793CAED4F74DE7486C72DC94DF46B8E93D8E02EFCB1FF9B3BA10C8AE7F653DF94F4AF466CDDCEF5776687F7C4C14B63E4EED1719DC2EC482D7DBCC7AE518CDE3D5FF86D39000EC3
310
673C0044E1D308BF05F74D1B5F033A7D1BE7F74BC55BBE3E4A20F920946CA0271EB17BD2B80E5660ACB8A29A79F5E4BBA49D4D945B6EEF4A7EFEAA65E5555BBB57A7E15D2F83C69F30BBB978D2B39F1F26FC097424D39BB33CA3D87ABF64E307938B685BAD44F71556A30B7E712CA4FE600613C3E554B69ADE949A7CFE214D
310
F1FFF05CB82151EC6FC31950239F94CF7AD39DC473F6EA356E5EC2C4EFA04383CEFE985A127484366FBEE3C0EC4FEA363E4F6632AE781392FD45D67B63FB8DF70E82734F431FD3443172A0E30A83D60982D55FA6A2CF86DBA8382502ACC6CDEF3B907982EED1160E14863FA242F9757347E1544275CCDCF71ECD5F8621CBEA
310
326B8BA884AD7F825781923E66971F04010D574C541D8427A438A37EEF8AF88240EED7362C953F5A81DE2D56109CDE2524EA0F5D2F87308C0C47BD97AD605878AB8589E17CA83930CB5E0DCCD75853D68B1AB136594926DE426C367428E9334AFAFF90ECE221BB5DC9E5BB53D2CDEF954EAA9CD814F0E5725F1965DD458E5F
310
8487683AD86B9D0076BE3EE91EB1CECC5331A67A3F79D8B27587C12EC2A6A70474749F27B4C0BBAFB94B34189E88DC18964BE4121B9137FD516C7755356E50D6714E31ACD222621EBBCD1CFF81D87479056A9DA0E0B8EA19D24CF937DA89F78E8650CCBDC110AAB6C4E46DCBFD0446BA9E2060E81F314AC2031E88135E5476
310
AC0160EF5C0DD2EEF1B8B5CB2D198BE9A554A9093B5F7D7E4B5407DDFCA1D9C152FD97F55BFFFDFE802954DFEC8995B983E28AC92F1971E28F531DC407A1280EB125F64A72E617EFB27DFBCEDCDA2D6F2BDADA36873EE46B9BE1782998C63DA7182BC383FB6FD15DA472B175D7E8B4FC88F38D6E07FEAA3FA3CBB8F6B449EC
310
F14D2175E5C5CCA3A42ABF24CA6C9395AF74535F4DDB38CB84F56614B0FD32D7E19CA5CF988DB4449C40E23DF2B16772594554579094450F56F253CD25EA7F77366FB1CFE79696C428BB64D5A41E986189427E5E4D7E2DAE3D5BB4972B3DC44EAABDDDD63A2264ECFA5C786EB0EE1FDC5BE34FA0F08376869FD1E61EA06CAE
310
15191135445EE8F0394161C3266A596AA035572BB0C8876180D8B9C77D307DF9DCDF7365ABDA6F3A2366436457A4DFC1F259666569A9E4A79C817BDD5610E5200FCE894A358EC72858D50EF67545DA81C6FACE3D457BAF70367E1E6BDD9A952FB4F56247F58F523B97E640246051A72F79BE42FFA0B3187F63097F91C48B86
310
8586F714B0EBD5A00A8412C1236E1298F60C72BE6C96B82B404CADAA304AE9F303176B14BA53FBC2D5E86377E35542019E24D97B96A49B2C0E5006E7795954DEAF5DA58958839043C6C70BD3B1B33B6DC5C31316D8A6923F142E26F6711A2258AF977DDF1F970ECC4F1F2B434B96D81BEB6E89BF3BBB3C7C8CC80505070723
310
D6D7D7D3C8CA27CA164A26024FED94B12A86031867241DA53D929636DA600F050BC40CE48B8BA03D69224720DEE2ED2127390BDF5E6EA64527BBD4C4C63FA76BB801FEEC0E61218EC98A8A86CD8313781617877E66692839B9468CF4DB8E50A73986E558E309C0D6F676F921BE02F1185454DC75B111572FF9D27D85EA14C0
310
5AD7271225B391C4275659CA4A43759D0BA44639BE4C30A84DB7F67A41399FB95CBF923B1B1672ABC807C1590557FB18D811983FA97F5E609516D62281D38B1281F68FC75528C35E4CD7DF0F7DBB5E5DD69C414EBEA2F4A5B241B996BA77AE6C772E367408C633EA3E438B68563EA8BE7667F3A4C4FDEEA52ABD78A2820F44
310
3B7914A15F180018D231E64519C56A12F6CA7C8DAE18F06F6B769DBF92329EF6A5D18FBCE600F36BD8E8198DE5CDAA96181F3A756EBA5501CEE58F497EA4F418A2B82565B9BCC611713C0B708CCA1F398B78C5F7D03B3437CC18F13061F55C7BEDADD5ACB1DB0E36D3CE47FF6EA1A563A57E9649EA5D14D1A50EAA45746338
310
1C073777EF1600607BAF6428A7DDC079D47A204EF1E1F1F0589FB054D45E02CE623B3823C317C601E589E22B1E88B448524B86A82828E32345EC18AE17214B42F8C41C6D428016D9BA31DDCB47572561E5A402E5BA4FCE55F78AF7268524AA04130F3A20BA5D1E9F9948EA48FC8F5314FDB35E21898198060034ACE5E3E2BB
310
CA34092518F275190AF65F45867FF0900AA4B81F25427414C372BF51DC29AA855C5428EE1EEDD6B849AD60F6E73475C2D2523F8A2772C840A478DED18A8C5C91B085F255DC4F54EA7AA8947354FD17ECF8FB3B4A0DE7B483CAF3A1165EE05BBA413E5C1FEF3DE1D6B8F2F3F3251C17D9FCAB48A9AAF63AC773A0E413BBC46A
310
9ADF84A566FC920E4D8C52C9769EE3301CADEEEDD92B312E02E2A7E35B7F1E7D203FE5A7D75578B06E99D0E46FFADB8FDA17ED8880390DA29094202D6F645F76F6F96409CDA05495A96E84B04A00D1A6C6C81D7F3DE9376E828CCF144EE50E364ACCE7237EA0BFB5607ED1AC3CFE73794E5B61739D14DF1743441B1AC98F00
310
ECEDE9E7301FA29755FBEFA68C91EF2B314CF510537EF1ABFC9A762496280B546F5EDAAF8A5B387D469FC9A878A92828C88608453ACEC6094DCA54111E7AD5B2663DFE2DD151B7F123B9F4FEF8EE36AB125FD7AD52A59B1B765B3E3F73E3F73DEA93875004D2AFFE3CDE9493B87A9904DD052028949041A91DC0E1BA47BA71
310
4343FD5B25E0A6A09503AFC17C790058A836A324FE31D7893512E28230332F153181C1E018E1124EBE1BA262AA428A518237D1EA7275E48C5C561BD19ED6912EDD8367DA0F31E40EEAE9683DA9257525AEA7B632B97119E17145A90231768A4F3B9120FF32E8319B015E3CBE26F1A754177D8185345817C096B0CE443A955D
310
13AC15E1FB5DEEA0239EC32A3C92241A237B0B02FFCB4F93CF2B02570C8D192E2F2A68CEEB42F12E6F8CEEFF46C251E22B4341C56FB08CCE550E7A9D6F4D6564B9EA52A83D5BF2C6E03FA19D2775E15A8A7ACF30A13C259EE7F5EF2AC3BA354F1500E1A07FC63FB4686E2F12EC69719F9ECF5FE3F35598DF2CE944008CE78F
310
0911BA5BE5D0A34E0098FF038669C26030BA9B300303039852A8F6F496341737CA7E0D2E3AAA36DE0A70AA7D9CA0D54D9AD84B18A44C9E625475E1C97B93BEBB38DCE7D227E67A2D00F531436136355F243D1FC0D712C5765754FA22FCFFAE97919161F46D6E61ACB37D83777B385889770B50765B127768443A5C4D3A4E35
310
A3151111F146B7CA116F918A049F1C272F2CD7976C69A0068773451659A97E0F4A08FE604C3FF6CE7385DB19F4D3ABC8A0D80DA8A42096AC377DB49382B36E270B6FA7570188B4B7D1DDDDA82ACA487CCA5D38BD3BD039ADBAFA4ACFF27809239B722081E2EB9F145320553D183F28471C388BC8814E5045676767AB58A8E7
310
2D1CED2CA731379515D2E533E4CF0B39DFC625F97AC4836831A4DE330E87A8126FA17EBE583D614E71E22A8DBF2825599743E0640037303E8E1B1E8EA4E1ABFA4F62907B5E4E0E5DCFDAB417C36C6848A2B8D15F1E505434C0707E16B1CFC2A1C36A42BBF55734F8F4301DDC2A5110CEE8C0747F69519265012A2174BF4E95
310
5ECD4FDE095A3ABC70536B7AD0B9D7892F81287D667C108703C9B66A221E9A0929D030008F77FF6F5D2108EF5706FC87A3069B976F7C9FC3239D13D283CDEA83597461079FEEE049B0F392889898B7D87D31F8D60ED7B56B91823A8E4EDDB36C6172ECEE42BD42B12CD67994FA0F0DFAE9389356F4CD4425A4B8AA55CBF7EC
310
D585C6A2C2316791E43D5C06841ADBB226A87FD61515FFBB0167B74E56BD7F3E90A57A97FEDCBDF483A0D6699A8C0849CAEB4947FAA90D8E332D9DEBD9F4738C37DA0CAF9CF3DAA68BCB67C420459C7A64498D6E848E5CADE92BB6901F607AA331104A67F7CD650EE169B1DAE94D2C31C2F993632259B6957E246EFE4C5481
310
107B07118607700040E5812A2A2A38DA0076875258C753F60E0F2662C748EDD5F3F3686B8FC3BD6FE631ECCAA1E8B1C1E565AD117E54893E79F4672E32F9E46B2A183DFDCF3EECB4D4D077DBEA0DA254D256045109670050129E9B9B1A9E4A11344D61497A992778095151510C4BB7EF2009B63AA4360635312E4CF668B7E0
310
D3D85A8688E2BD83B569439892ADB63461930D428E0DE42E4AC57CE48DA5CC1449530D8BD3D6A0F08DF20C8E8F570F2CFFFCEA286E30969B4654D498A58D9DA782E19FE3F002181838925592C4A1EF0B332D88B61A92C644547BED490D3A42CFFAB70E36D961F694F6307F72FF15A1C79D5B1B5CEFD353D9E2B52566DEC8F8
310
F09CB3E8359C0F68EBBB7898243E34E12A015B2685AB303C04D3A9E00671FF3DFF0A184E4A2ABEB2B666AF5B3A209C73D8EF29DCDB069C9F391EEE9DD0F74C7BCDE16F8F02E3B8816122BBEB50665775B600549D8BB33A54A6BF940C028118BC6878C79958D6784F9DEAA6E26748386FFAF8D0D0101E2847B6563F5D8DC1D7
310
8F787BE00E2C941AE12148D4A81599FE8F68D4DA5CDED75530ADE138240300EE13B0FC13A1687FED6774662C05A2B7DFB186732F0D7A93545D8B0A6390AE5054D9CB582DA846D7A061B3358B45E2B52DDE63E114397EDB7E09233A579155D795BE76102CF277F4DF8B188C4F2879BEAE3C08347124BF9ED23B128259FE107D
310
31E34A652F090B30B39E0D9AF917B76A2806135621A8A60681F16AF216514BBD02711585B5B1AE823F4B2D0369EA5B6BCB863072727FFC871CA6C9AB79A814D989057E9470A3D238BC87CBB4A0EA49AFE2B86F22E499793CAA9047080450166BDC357524561E258C77CB697F1ABB32562CF87C3B7AA12F911EF19FB3E5C022
310
22E887D08202A60A17151F5E053A86B437771088B4FEE14D652C43E8D939995D34545E12E2FF93D4E366EAD25F10CB7DED141563C3D0C447AF06078A91135FD4B9611583CB4BF3BD167F2399CEAB0E0100F8FFC305F00F1711717173138B4B48C83022295DE657EFEDD97F238ECA80F528AFB4F8D67AD4E2594B9A3AA86D74
310
87EFC313BA95745C186F0CDD84CC12DC9CB0424B42203D351FD9C0A3AF10CC7F388E0329279087386421F194F4A29464C1DEF7EF8BE515E4A199DCD5B909342598D8FE6A231F71336248D5CEC5454455C7BE383B3BC7B260FED27F703FDC39A170F3827239102F59D4DEE7FEF82EAA1A5E4BA94DCC4CC44E7E2EDE20F24244
310
E4454369D2E87C3F823F193FD4FD27E1C23984B01898D15ABC20711A8A558054951A6AE280096BA36CBA439603B7B0B4C45F248C14B2383B4B5CD8ECECE4FF859AD4A6CA2326D020EF090F4041D28DB66E5256B56232CC52829DE8060BAE6BBF37D4B7469B822454FE93210A3E8D15E69FFCF01123222611C51C4FD0A041A0
310
CFA2471CF6BE38D2B20FA4C3525B5B8B586759475CF80ADFE67A284AC24651E52B8E683D24C2622642F27E7C3C22783BCF63648BC398BD6CD0D9C97E7E7E3EACB6126DB7A6C1FD9F1031302EE67ED96F22B77C7CA0239BB324207559B105E4693EB26EC46182A92C9C0DBD24F29B31C5C5AC1F84300E0E17CEEAC15F5736FA
310
4A98971E2F1423BFCD68D4BBD5F86E74B40A369F39507C88FCDB35D2DD8DEBEA4AF999E23CF2816D204200DF6E611781B9884C1AC8888B4DE397320472959434323A5A36B22A8E1F721A270DF3BD65E4A31C11FF048AFB0D8B7B6881423793963A23CFCE935FC189ED36FAE35C46DA3574C979E4394BE52084F3081837BE03
310
3396D2EBD80F1F691B273F660D2B32FA27A33B1DE4ADA5F0FA4651511102DFA410DDA86E065272CA314D5249DF91B06BB92807B28EFD54F08F7B525252782CD276DD02E6B0319B13DF87B1F6361AD6B28FC0D711CF445429B9E5A433CD493051C49A9E03DDB1B147D880253514A5DED88009018620EE229101C041950E2D8A
310
A8E1F5F5438E0C0C0C60EEDEE9E3E0C051948C69F84BB7B2A48A1F3C8EB9E6864687F4F4F6F6E2FA87608ADAF9C5E117B7C1A737E710769DA1D15ECE6A84502AA855398712D5FB51BE92E4EF824969CE18278798AC303C2C7980DD2500ADF8FB1E6D6C2FAAFF9987178923334A244758BAA01A9A1B70FA5097D01E1CC2A58D
310
AD0EC94CE6430AA9B0C10D75E3C6BAC670EFBADEE1607739CE0FC18A2587E3EC3058562014C64219C69BC269082D5C2F4A659278D585755912176D78A1B641719C2A394CED495A1AC5D583FD2F5EDD93308EA7EAE8A6DD396598BDBD3D4CFED62D18A5BDFDE0DD5C80D1A89BA62697B131AE7CE9A6594138582F1B37D68F17
310
49AC7CB67A70695D48A4A056AC1FBD4E82358CEAE38F54B95A9016F9000F9879C0D9D131768635CA798895F27D6F1614F11F2838A83611AA51C9A3DDB539D42979C29F10465655C17BEC3E2760B80DCBF609198C7B171A531905F3EC218D696025975E986C6B4C666666787271F202805577DD5A3EF0CAFAF91B62DC4B2DB4
310
217A7606282F31D8DDBC290593BAA93EA6353AFA9939B877978481E15CFC9F2755CDC00C538F63A4BA3E80AE009B73CA0185687D339A507D165B74290D6EE46D5C58148F020C3668ABE9EF2F7549170DC80DB41FFC1D678FF19AEB10C7133832B104B80F691B3138F97A92D26E551F1F110400D45AC71A9B9AC41A1A1B1DAE
310
ED0B0810638EFFB511D46B121C6FEA0F38CD00E03CFFEB9713FE1F9C263E4DDEC160D0497FA9A132BA608584057FB15380825DE6C7FC3C667EE947D488A09898D8E939C4953BF4EC9836344D2CC6B2971B2A21A572B06096F4982D2CC7232D46E8EA69DC83722E267754D777F97F96D5DA74E1E75178084D0E70F12AD33E5F
310
71EF2AFA599B2BEBF60A5BE475F444F240CBFE8143C334E7ED9150FEEFEF7EB020C4DBED388DD1D6A167A76F3CBF119B578AE8CFA7736ACAFA4440A1C47185638A0D2F3EB5BDDEFDA958FB13CE4AA4923D5BF840392D45544329525749734866684BF7F8D9D54D892E19BCA9F829A0F8BFCBEEA6CFDFC61D74EA1A645ED7A1
310
FF241739F15694BD835B66FEC5677E40FE69BD3F91AE402F036537218A401CB0828604AD189E575015C6F3F6BBC8AC79CF6C70653847254B31551EFCBEB5978B9DB85D58D0FA41A9DFE9C624834AA04949D24B5AE6D299E072D152D12097920F14AA92C31C3B97E28B6C2E6E9C23D63043ECBBC0A60FDF5BD0C33C127EA8A3
310
308B8B6AFFEB28B4455BF6E7AF4FC6222728357EB8E46E85053E6A8843AB23295BF838ABDA94658FEF3F832F147046B4ACD6F7D48E8FCC9618582961C898D1C7A253C91BFECBDA6BA18A1FCF70755DCCEE2222F41B76D23CA98D0CB3D95F0CF66D57FFF65E2A90F5DF40FC3187621E981BD0BC1D992787212688976B94A8F0
310
C6EF646624B570B78E068826F87CE27041A95C9A4871FF65CC17FCB1639629AD6A9517000D63AC231F3D741CB8430777E7ECF80CE7A3F73C0F162F7E56AA71F4DA80A33CD6ACEE78E2C11FAC03DAFCE929B106F8F6B3ED2DC71FF994BD9CEF4E9A94896EF1B6E2B7B4978168BCF0847A3D2A4F1B0500B926E634B174548E9F
310
BAD27153FB5FC36799B1E6C7C38A94E1F9E996796D7B485E635D5287A2AE76FBD11A341DB3F8F810385BB7296391973DC6C37C452A9305AEBBE0CDB6C566DB59FE60C8E94B1FD090354BF51439FFD1B48D725228FFA88C84F686F547107A7A235665A4593B7C34D748C1AC8D56DD5DA861EEFBADDECBBD65117E65851F9035
310
1AEB65F0EFCFF4BCFEF24CB7A5879699FAC437A7AF9099186CF006BB923A59E37D7A36A29FD8D2CBB914A5E9D0A8FD212FBF796AE9A67958FF1D5D8B85F78F96219D4714EB919929241B6C018AAE0C02069F8D919961EC5DDFBFB7573E3AC8E08BFB7C8534BE6DE045B3CD63DBD71F7638BA2309CAE398EA3A7D8F98BBBC7A
310
EB367EFA5CFA27A9F8F2F52FE878058E6209C026453F8E7E8A237DFC389E9590F6059B397CFD65183BBF936E86896612A5B5FEE49DAC8455D026218AFEBEC12B3523A45B57B82C9C97E02ACFA1184DB18E48CF615DBF39C3CC6F0B4AE6BBEEA2E39D944E290302FA3DE33FA7E40296E2EF7BF1CD855BBECFAD0FD622BEE974
310
6FC4FDFDE545AE6E3BC234CADF83A0FB76DFB145BF3828AE3436368AC24989454F8FF70A177672C711CAA1A76107218CF948CA01F873520E7A2B118EBB161ABAD432932029628B6761590C98AB590C8C8C79798CE9F715BA696E839E9131A4BB68BE923F1747FBFF165331FFDD4D05997ACD168F12CA75348DAC04C7F509FE
310
83898A8B421181AF492861CE81E4A2DD0A30850CFA95E05F097FF70F9E777310D584A75BA7018922E271DAB1D785671157685B7D383D3E074DDB4F1E44EF04B07BAAC75A062077C54B9752C738C9D804D402E02851F3F89605AF189738C18C021D2139EAF72513824E10DDD3047BACC8521ED7E98B257D1166903B1B08FA6F
310
918FD7E162913FEC7D0EF4787E29C35FBA8C6E2C9C20E9AB30AE42CA2A01A090E7D010C1B5BF9CEE2A304BF3A987FB40D836979B79E18D70F257DA61E808472DD85B82761825779D6B90CAEB0F23360C6F80A7D7D77545E95B3DFF0CF96A827F9B5BCECD2C9698718417EF80FEEDEE938AFF55859D0D540B7FE09435583A6F
310
04874A0C7E8CF234DF4879722000167F5872CEC6BF3EF7E5A8CC8121E6A359227C8A29C95212F9F735BC72A887D56B8F309FC525BFB4FD767AAEC4AEFF249CFBBD2DE1AB9969A6155C7D8DABC307E47324C1F916C7BCFF40ABA5644E9FFB9238D19ADADA49D9610F01ABBA57E4DFCBDCCBB2B93C8953206C91DE01B0E2651A
310
6D6C31721915B31F7B7CBCE55466F6D70402788FA91D73BE4ADCBA99A35F17D6B83383704917D6833F0FA3CD45C926ADB8BC17999A4A0AFBCE2541F7B8CF4C2F5FBA611B3E626D64407CB32C122DFF4EF8674D6EDBB86C8F7C6A16D50FA685E2CCA34F8F7D1D8265BB0042E9D7F1F666F7BE5FAA5184DF58E12122A42EF02F
310
461B3F369AC746F96528AD208512AB56844CF75B97F352DF7995024FB02855385854F3798670D01CAC771AC3E1889EC25F61A20C1F8CAB46898817F9C47E2CDA1F286BF2F358298709FE567C91133E2638C8B53975E753EA8BFD3578B5F7186B7BF084EBA3F77BAC3132A5779902EC22AF2D2E79F42D324E083386DAEE9810
310
D1B44A5DAA54513C7A71E52A4AB9257D975B621308FE4D2141CC3DCFE946C154A3C1DFCCA7629EC69ACFA831634ADDA93C0388D2A9A2DDAFCF957C6995BCE7FBB6DC4EBAE79E63EB08E9A25F52F67076F7093CA545CA3053B5BF576DEAD4E0017143C5F759F32B2D6F145B52B67B48909B7C7FCA6586EE385A2189C16932CB
310
6DDFD9152AE317C430492A578ED27B72D85D40C7C93C097939E1B50F4D67F05334FE9DC362C30B7FF561B95259138ECFD9274C8D695C31B14D4EAA9F3D7FA8DDF652F8C5DEFA23284C799B7D94416DEE81E05A866302DC70192A5368EA65E1CED8BF107A1E2D3119A71E85DC1A7B0C1E93274CE04DD0F2ABC8AC7C987FDB00
310
2B6F81757B43502EF7A0D92E416494FAEEA4C9C090CD9557AA4D532F4996A272B94355C5A0E4974EEA9627476F30809B94D8D8D860062E02204643BEC7D0438AF800FC7E2B26955D595421E83C69E1A07E0E3122285835F014AD538188CF9737CE76D464A353FA55A001AB2526B84E985083693BC76FE211CA1D000679C889
310
E3C009832C87E1AC2EDD05C302557422DF0800E316FCAC86978A371F025A6C7DAA9F333E7BD160403A1A06EA75AA9888FF01504B03041400060808007162F34C51464CB48900000043010000360000006662782F30363134424434452D334138332D344439322D414644382D3630443136364139314446442F646972656374
310
6F72792E786D6C9D8F310EC2300C45AF127987122606C71DD918B841D4B851A43646695A717C52A85029031293A5A76FBF6FACEF7DA7264E43906840EF0FA03836E242F406C6DCEE4EA06AC22492573150D1F66C60C640E8938CB705396EEDD86DE9B5042FE27813D640EA63BB001C722AF6E55CB61E4863F58284D5D3F53D
310
D715CE1C3985E63FD7F1B7EBDD617E9F1E504B03041400060808007162F34CE1F04B4B45070000541C0000340000006662782F30363134424434452D334138332D344439322D414644382D3630443136364139314446442F6F626A656374732E786D6CDD595B6FE23814FE2B56F665F721242194811165C4A5ADD0A833A341
310
B3DAB7C80443BD752E729296EEAFDF63C70E711A209D8BB4DA562AD4B18FCFF9CEFD64F2E11031F444784693F8DAF27AAE85481C265B1AEFAFAD22DFD9230B7D98A2094F92BCB6CF42318EC8B52596ADE964CF9322554B5BB2C3056BAEDECEFF4259486262A190E12CBBB6B2F08144B8878B3CD992ECB1B7C539EEED77879E
310
D72B379A64F71CA70F8DAB52CC499C03ABB01E0315C58167FE0B2239D389233618DBFC6EDBFA67B639527093511A67398EC3575C35AEEB9FE0AA719DEF0D9637FDABB17D3518F8F660D8F7ECF9ED7C697BEF7C77315C2CC6B39BB185A6934D92B04A012989B7A0C5176BEA4D1CF1A4125FA1D0C67798C43109159A6D1BB644
310
D1A5246B626200EB49D16A0A2965AD2DF81D853FB1AD1328064B06DA5A38FD59B7DE64F337809075B1529E1161E559CE41D70AFBD21FDC8953AE1A7AA1198A704E38C50C31BAE1988382606BA920838CF016410A09CCA41635BD3AAF60D8977DA98DCB5DC198F05F6B2A3D2D007F24792639A3FF107EE4BE7E1BF004D21634
310
CE474AD8FC250512E3892317CB677E5F3D2C81443B86F7602D20A6D8E4F71B782D442C582DADE9C7DBCD612DE243FBE5294F52C2736179D29995DF690DD64C0B8CAF032825AEA6EE8EA87C05E83F01F2152F68029AE3F430380CB4EC1CC7D92EE1116807B9C876E18F8BC4D757DF264E75788A90112B4F610A6EFB933035C4
310
30EEAE413A9D3C81D127DC57C2AD43CCC0A6EF692CFC1C0C05B1049620DEEF36076BBA82600A8B700A33901E7E278EF88AE0A3A403F1A6A1A1B6F0DB4151DA619A7E76D4D51DD80CA761A52A43C653F85EFD147C67CBF5C775C1773824F7CAB1976447639A43326D67C800DD70F96FAB4FD223EF58B2C1EC78DAD814C235FB
310
44C48D16B5AC955A90D40B7022D270A919B9724FC1DB19C331498A4CADB7C5A93061090F362F41E9C2AD77FDA96DA0BC4C19406B2C83E41E729A0A4CACA9D25615087B3541C1C2305716B82FB51A6C8A280D709414B108B5AF4DB1C907C4196189405552D386ADBD5693DDD2DDAEC82078B5925C18402A7FD6844B0B1F401C
310
6BE397931DC790449338A09083C1595A6F302EA8C03BCF7346D82EA08C1551B0A30CF24810E1F404FD8E12D433D72379794EF8B695A06959DA27B50D09C015B01A249DADCA98AF74CAC9131565A6CC673A1B183B541D6A4D0727D285C8142D806A639466EECFC7337FE8CF6D6F3E70EDC1BBD9CC1EF77DDF760773AF3F5E2E
310
07B7E39B269F3A5AD5F31DA852943986FFE50F45B4893165F040888DB7E9FB0F327B5E3B101A1D77E80DE6CBC18DEDCF4650AD2DC77D7B76BB1CD94377E90D87B3B1B7BC5D3A9C6449C14392397DC70DB449A6F1FE14579ABBD73114CA9ACBC94EEBAB29CCFF3886367382A1C4FF6A10AD62574B41D835888AA3CD108AC347
310
91A28210AABE56F76904D1261F6D71EE8D71D9EDF9AEFCF1BC71DF1DF747E3ABAB8E614FDEF4C391AE4D86103ACF220F921487346F4FA90D643AB2FCA6ECD2F3BDAB121BFDB7DF478057E7D58AA9F399493115D008EF49B0C3A2AF6809A597246ECD7A7B9664198D4926FBC257F56283A6DB83F2CBCCD22D664BB3202239FE
310
1E8B958D46C30B209AB3003AD85CCC102ED611950BA89EE51445D12F43AA97F2BF04198E5256F6C69730F0FA1A02DD15B559A8605A5CF104F619E03C70B7448E3A2E51AFD8D71545ABD69AD4C7DF4DFE043CBA12FA85F0E82BBA175BBD2B6F2C7E46108686579E3F7C57A9E2125AFAB25CF47EAC806E357C099E09DD3F742A
310
4EBB69A556E69585784E22687D715EF04E1E3B8468A26D4B0BA42243C3256A37BDB1A0943D9FEEFAE032D9F49D2A896BD740ED4A63988D7512E49514AD462C7521E78062DCF506CFD6D85CA4FAC311F39757D975F78BE4C0E8320E5061972158C51FA30E6FADD48D1A2A7BC67908A1742D3FED3978C4966C8FCD9C41AEADAC
310
D735EDA58A7B25426A04535E2C22EDBDF8C2BE62503574DC997357167A4EB9BE12A9AD0703ED231F06D326ADCF77EB061558E97CFA8BC0883C3728A8D585E8A0CF90FAB63ACE091A149444DF56678EFF27BA10ADC0DAE80D26C859C2280CF2C916ED4902F91B46151D3A141E914CE665305E15A4F45B840EA79FCA396C8E37
310
4C9F0E1F300CB399EADF8A1006A99033AF2DB58E7E83D1A9985ECA8156EF115A3715C32C54707A6D81C5E6143AB4DE06466072E028A937469CE0D838DE8B8C5F9EAAFE3F1E13E840543ACA55EDE9828B92CC7026288553F96E01EABEF2C174F2FDA26B7610CEE1EBA6C82B618E0B47691408FA2542291C4C0A1F15BC072829
310
CECBE5F5E41E03924ED3FCB3765052B573CCF772245FC37BB6FCE28869FAEA334A59B117EA3CD7311B946CD1A9B3A29C5C4DC0309498291655E4E2BDF38527F05A2A42B7148C00FD7E180DFF701649142571B9E4CCD4CB2DB47E8057555B478F09A1F577BD91232707EA5540B0C119E9E16DF6080BA05A4EC53CB584D83080
310
2A9AD60C406B44E8028E19FB574BA4AAA3DA54A51E76053CF23D00024712EF7F84DBD437D48696E00BC0957C78FCA217260E87C1F9F45F504B03041400060808007162F34CFDFD2611E2000000550100003C0000006662782F30363134424434452D334138332D344439322D414644382D3630443136364139314446442F72
310
65736F75726365732F322F636E782E786D6C4D90CD6AC33010845F45087AB42CB9852661ADBC444EBD0455DEA822B6D6E8A7B46F5F2955A1A75D663E96D981F3D7B6B24F8CC95398B91292330C96161FDCCC4BBE0D07CECE1A2251FE877116CC86336F32D7E02295BD4B0BDE4C599BBAFA70EFA2BC3A0C18BDBDEEC1716657
310
93D2CC93FDC0CD0853322D98EE6231D9082522262AD1623D91FD86FD848D68322E5C4F521D06F93AA8E3454D27753C3DBFBCC1D8480DEF446BE77DC818697F9AA4A5BA869A48C2D8000D25FA4EB537AAF1174FD47830565B43CAB176D0B1FCBD57CC6FC6E1F8407E5D0D637BB28E470375B642F40F504B0304140006080800
310
7162F34CFF15A4A45D000000800000003A0000006662782F30363134424434452D334138332D344439322D414644382D3630443136364139314446442F7265736F75726365732F636E782E786D6C4D8B3B0E80201005AF42B6F75B59F0390B113044D83508C6E30BC6C26AF226F3B8BA6360974DA7271430F523308B2B198F
310
9B80925DB700539227A2FCCB80A18E5640D320F996A81C9F32D6E9129A0D1EF74FCE750E6D57BC7165FBCA07504B03041400060808007162F34CA27259624301000056050000300000006662782F30363134424434452D334138332D344439322D414644382D3630443136364139314446442F636E782E786D6CCD94C14E03
310
2110865F6543E271D9A59AD8362C4D3CF8041E8C37969DAE5816363018FBF642DDB61AD3E8A1497B23C347F2FF333FC3571F8329DEC107ED6C4318AD490156B94EDBBE2111D7E59C142BC1BD73F80D2385950334249789E0BD77719C4A1DAC6534B96AB4DD4C4589E8751B1102299491213424A857182495115D0761433B89
310
9232EA21B8E815A4F7A80798DE2B0F12A1236256B37959DF976CF1C4664BB658DEDEBDF02A9382B7CE9989D716C1BBF166562B978E36C9A9799501C1A3D713953D1071D4465B6D7995EE050F49AFED270EB763E6C6D168253135AA720A01CB04811C78F5050B5E65C73F7C3F3E3C1F35A453A73D28747E7BB136B0536D3848
310
A32911FFEBC20EFCCBBC6BDF92E5CBCDFDA4E149D8D9ECEE931B52747F2721E549DADE5CE30738483B7FFED36241ADAED1F45ED9993C57BB1598069F37A2F804504B03041400060808007162F34C1F8F9C287D000000A30000000B0000006662782F636E782E786D6C4D8CD10AC22018465F45FE7B4B9B88037518B6F718CD
310
0DC969D88C1E3F8D5D74F5C1E13B470E9F2DA0B7CB2F9FA2027A22805CBCA7D9C75541D9172C000D5AE694F6BF1BA0386D4E41C3A0E59A53791E6876CB5442A3C1C7C70109A7EC6AD90D77467498D9FE82CD6805E6C452CE4D4FED68AB716E4A9D5FAF6ECBEB2F504B03041400060808007162F34CA6D797065F0000008200
310
000007000000636E782E786D6C4DCB3B0E80201045D1AD90E9FD7516806B51190811670C8A61F982B1B0BAC9C97B72CA7B1037C6D3332918DA1E04D2CAC69353902EDB8C20262D23F3F59B81A079470595414B17391D1F19B4730A5583A7ED43BBE4025D9592775E5ADFFA01504B03041400060808007162F34CECFD112DA8
310
00000026010000130000005B436F6E74656E745F54797065735D2E786D6C7D4F4B0EC22010BD0A61DF525D18634ABB506FE00510A79458060253536F2FD89D5197F3FED3F68B9BD80362B21E25DFD40D6780DADF2C1AC9671AAA3D677DD75E9E0112CB5A4C928F44E12044D22338956A1F003333F8E814E5331A1194BE2B03
310
62DB343BA13D122055543278D79E6050F344ECBC6478EDCD76CE8EABAE5449AE4298AC56946789C28AAFBEABC53F3EAF09A84A1441B91F0101CD4780756578C173A578FFDDBD00504B03041400060808007162F34C3DEE336E64000000790000001B0000006175746F6465736B2D64657369676E2D7061636B6167652E786D
310
6C35CBC10E83200C00D05F21DCA56CA76D41FC96062B120735B69A7DBE268BB7777961F8D5AF396893C2ADB70FE7ADA196782C2DF776D7A97B5933C430F15651E5469C55D70F80A4992A3ADC954792C525AE70A1E4D6AD9816CC044FEFDF01FE3FDE907802504B03041400060808007162F34C59AE57A6F20000008E010000
310
3D0000006662782F30363134424434452D334138332D344439322D414644382D3630443136364139314446442F7265736F75726365732F322F636F72652E786D6C8550CB6EC32010FC156BEFD8E0A09A449888AAED17F4D41BC2C44189C1E251F5F30BB12BB5A79E76353B33BB3BFCFCB5DC9B4F13A2F56E04D262688CD37E
310
B26E1E21A70B62D09C050FDEA75F34689C5ACC081506C1E7E0F3BA43DABB645C459D9FCC0EAA184D8246DF4B3342D457B3A856E55418F1D6AE4ADFD46C5AD26E3CC173B6D32EB55371B3176B0208FC4A089394A1E1450E88D2378AA4A4183D31429E991C24A59877552C78B2CBCF761D8C4A6602D163C2101E1039BE93FE44
310
8EA703FDE05D650A1E53283FEF4BEB7785CEBB0DFDE396D7E97FB76C5D3AF4BBDBA688204839EE3110BCABE994F288AED49AA4F806504B03041400060808007162F34C1B42666FF8000000960100003B0000006662782F30363134424434452D334138332D344439322D414644382D3630443136364139314446442F726573
310
6F75726365732F636F72652E786D6C8550CB6E833010FC15B477032656219171E4AAED17F4D49B6536C44AB0911F553FBF76A0527BEA6957B333B3BBC3CF5FCBBDFA441F8CB323D0BA850AAD7693B1F308295EC800D55970EF5CFC4583CAAA05472830083E7B97D61DD2CE46B405B56EC21D542160844ADF733342D0575C54
310
AD52CC8C70AB57A56F6AC69AD61B4FF094CCB44BCD94DDCCC5A007D1BE523A483690FE45F684B13746A4642D791A287D1E642F196B7953C48247B3FC6CD71E55C40944D7D281B43DA1C777DA9DE8F174601FBC294CC143F4F9E77D69F90E84C7E092D71878B34DFFB8A675FADF35191B0FDDEEBA2902089A8F7C0C046F4A4A
310
B93C22CCB5242ABE01504B03041400060808007162F34CB20B4296F2000000B1010000310000006662782F30363134424434452D334138332D344439322D414644382D3630443136364139314446442F636F72652E786D6C8D504D6F842014FC2BE6DD51516375836C6CE8FE829E7A23C05AB22B183E9AFEFCC26A93F6B6A7
310
47E6CD30F3869CBFD77BF1A59CD7D64C80CB1A0A658495DA2C13C470450314674A9CB5E10F0D0AC3573541868192C5D9B81D90B02628935163A53A40EEBD0A50887B7A4CE0C5A75A79C963480C7F2B372E6E7C51252E771E2541AFBF52E1140F4A026D6A3CA0FA05E1F11D37273C9EDAEE83549949498C5A1E565A26777DD5
310
CA01AD7BDCBDB2EE0DB5F3D0A28E8D0D9A2F6C407DCD70DFCF23661746AA2CA6C407976E3E3EC9D73D2BDF85FF32C74D3E91599BD03687E1AEF04071CAF3585052E502D378B49B662E9BFE00504B03041400060808007162F34C545EEFA452010000DD0200000C0000006662782F636F72652E786D6C8D525D6F832014FD2B
310
8677542C99B6411A976DBF604F7BA3482DA9824130FDF9033FE27C58B7982039F7DE73EE39819C1F5D1B8DC20C52AB12A0380591505CD752352570F60A0B109D29315ADB1F6D2052AC13250830A0A431DAF50BC4B5B2420554E95A2C201B066141C45B7F29C1C06FA2633173D6770CF7B867FCCE1A11A378EEA3C439592FA3
310
B2F66CF22A8501347D47A8A87001F3B72A87187F60585538852F0542AF45955718A72409C39458D9ADEADC0866450D6896A202A63944C74F949DD0F174C05F24099D940CD678CF8B687007E8F5F220C98CEFF85C5FFFCDE7A4B2876CE19B270640915F6F2A5092847CFC6F0A6F9FA117F6F9597669570B770F8D825B6DB0AF
310
D4DA6DA591B54E78EA349A3E92CC55CF3C11FCC6933DE179CEE18362AAF1AB31EBAF176783FA7EA75E1838DA47A4B4E958BB2D37AFB89D9BD0CED23ACE75ABCD7FA657AB6B98497898F41B504B03041400060808007162F34C857B503A05010000B201000008000000636F72652E786D6C8D50C14EC42014FC15F2EEB4A54B
310
6C7743D960D42FF0E40D81AD645B680ADDE8DF0B5B4CF4E6E99199796F8661E7CF794237B306EBDD00A46A0019A7BCB66E1C608B17DC033A73B67A1F7FC90039399B01320C9C8DABDF960229EFA27119755E9B02CA104C04A4A6F41820A80F33CB4A6E3129C2B55AA4BACAD154A4DA759C453BFFACAAD5C86834F0B6213D6E
310
3A4C8EAFA43D91E3E940DF589D959C6D9BD5C5CAEAE46E2FD6ACC09B67427A417BDC3D890E53FA42B110B4C10F3D218FBDE804A50DABF3326721AEE9CFE548CA195190B7ECCBEA9DE2ECDDFBA90852288DBC9BBE9209AB33F127F4B6E87F84B62E1EDA7270DF08C0490A742792716E308D7BBD69E6B6F937504B0102140014
310
00060808007162F34C0000000000000000000000003700000000000000000000000000000000006662782F30363134424434452D334138332D344439322D414644382D3630443136364139314446442F617474726962757465732E62696E504B010214001400060808007162F34C0000000000000000000000003500000000
310
000000000000000000550000006662782F30363134424434452D334138332D344439322D414644382D3630443136364139314446442F76657274696365732E62696E504B010214001400060808007162F34CF270F13306000000040000003600000000000000000000000000A80000006662782F30363134424434452D3341
310
38332D344439322D414644382D3630443136364139314446442F747269616E676C65732E62696E504B010214001400060808007162F34C88E57597CD3F0000904100004200000000000000000000000000020100006662782F30363134424434452D334138332D344439322D414644382D3630443136364139314446442F72
310
65736F75726365732F322F305F67656E657269632E706E67504B010214001400060808007162F34C51464CB4890000004301000036000000000000000000000000002F4100006662782F30363134424434452D334138332D344439322D414644382D3630443136364139314446442F6469726563746F72792E786D6C504B01
310
0214001400060808007162F34CE1F04B4B45070000541C000034000000000000000000000000000C4200006662782F30363134424434452D334138332D344439322D414644382D3630443136364139314446442F6F626A656374732E786D6C504B010214001400060808007162F34CFDFD2611E2000000550100003C000000
310
00000000000000000000A34900006662782F30363134424434452D334138332D344439322D414644382D3630443136364139314446442F7265736F75726365732F322F636E782E786D6C504B010214001400060808007162F34CFF15A4A45D000000800000003A00000000000000000000000000DF4A00006662782F303631
310
34424434452D334138332D344439322D414644382D3630443136364139314446442F7265736F75726365732F636E782E786D6C504B010214001400060808007162F34CA272596243010000560500003000000000000000000000000000944B00006662782F30363134424434452D334138332D344439322D414644382D3630
310
443136364139314446442F636E782E786D6C504B010214001400060808007162F34C1F8F9C287D000000A30000000B00000000000000000000000000254D00006662782F636E782E786D6C504B010214001400060808007162F34CA6D797065F000000820000000700000000000000000000000000CB4D0000636E782E786D
310
6C504B010214001400060808007162F34CECFD112DA80000002601000013000000000000000000000000004F4E00005B436F6E74656E745F54797065735D2E786D6C504B010214001400060808007162F34C3DEE336E64000000790000001B00000000000000000000000000284F00006175746F6465736B2D64657369676E
310
2D7061636B6167652E786D6C504B010214001400060808007162F34C59AE57A6F20000008E0100003D00000000000000000000000000C54F00006662782F30363134424434452D334138332D344439322D414644382D3630443136364139314446442F7265736F75726365732F322F636F72652E786D6C504B010214001400
310
060808007162F34C1B42666FF8000000960100003B00000000000000000000000000125100006662782F30363134424434452D334138332D344439322D414644382D3630443136364139314446442F7265736F75726365732F636F72652E786D6C504B010214001400060808007162F34CB20B4296F2000000B10100003100
310
000000000000000000000000635200006662782F30363134424434452D334138332D344439322D414644382D3630443136364139314446442F636F72652E786D6C504B010214001400060808007162F34C545EEFA452010000DD0200000C00000000000000000000000000A45300006662782F636F72652E786D6C504B0102
310
14001400060808007162F34C857B503A05010000B2010000080000000000000000000000000020550000636F72652E786D6C504B050600000000120012002D0600004B5600000000
  0
XRECORD
  5
1AB3A
102
{ACAD_REACTORS
330
1AB35
102
}
330
1AB35
100
AcDbXrecord
280
     1
270
     1
271
     1
  0
XRECORD
  5
1AB39
102
{ACAD_REACTORS
330
1AB35
102
}
330
1AB35
100
AcDbXrecord
280
     1
270
     1
271
     1
  0
XRECORD
  5
1AB3B
102
{ACAD_REACTORS
330
1AB35
102
}
330
1AB35
100
AcDbXrecord
280
     1
270
     1
271
     1
  0
XRECORD
  5
1AB38
102
{ACAD_REACTORS
330
1AB35
102
}
330
1AB35
100
AcDbXrecord
280
     1
270
     1
271
     1
  0
CELLSTYLEMAP
  5
21DB2
102
{ACAD_REACTORS
330
21DB1
102
}
330
21DB1
100
AcDbCellStyleMap
 90
        3
300
CELLSTYLE
  1
TABLEFORMAT_BEGIN
 90
        5
170
     1
 91
        0
 92
    32768
 62
   257
 93
        1
300
CONTENTFORMAT
  1
CONTENTFORMAT_BEGIN
 90
        0
 91
        0
 92
        4
 93
        0
300

 40
0.0
140
1.0
 94
        5
 62
     0
340
11
144
6.0
309
CONTENTFORMAT_END
171
     1
301
MARGIN
  1
CELLMARGIN_BEGIN
 40
1.5
 40
1.5
 40
1.5
 40
1.5
 40
0.18
 40
0.18
309
CELLMARGIN_END
 94
        6
 95
        1
302
GRIDFORMAT
  1
GRIDFORMAT_BEGIN
 90
        0
 91
        1
 62
     0
 92
       -2
340
0
 93
        0
 40
0.045
309
GRIDFORMAT_END
 95
        2
302
GRIDFORMAT
  1
GRIDFORMAT_BEGIN
 90
        0
 91
        1
 62
     0
 92
       -2
340
0
 93
        0
 40
0.045
309
GRIDFORMAT_END
 95
        4
302
GRIDFORMAT
  1
GRIDFORMAT_BEGIN
 90
        0
 91
        1
 62
     0
 92
       -2
340
0
 93
        0
 40
0.045
309
GRIDFORMAT_END
 95
        8
302
GRIDFORMAT
  1
GRIDFORMAT_BEGIN
 90
        0
 91
        1
 62
     0
 92
       -2
340
0
 93
        0
 40
0.045
309
GRIDFORMAT_END
 95
       16
302
GRIDFORMAT
  1
GRIDFORMAT_BEGIN
 90
        0
 91
        1
 62
     0
 92
       -2
340
0
 93
        0
 40
0.045
309
GRIDFORMAT_END
 95
       32
302
GRIDFORMAT
  1
GRIDFORMAT_BEGIN
 90
        0
 91
        1
 62
     0
 92
       -2
340
0
 93
        0
 40
0.045
309
GRIDFORMAT_END
309
TABLEFORMAT_END
  1
CELLSTYLE_BEGIN
 90
        1
 91
        1
300
_TITLE
309
CELLSTYLE_END
300
CELLSTYLE
  1
TABLEFORMAT_BEGIN
 90
        5
170
     1
 91
        0
 92
        0
 62
   257
 93
        1
300
CONTENTFORMAT
  1
CONTENTFORMAT_BEGIN
 90
        0
 91
        0
 92
        4
 93
        0
300

 40
0.0
140
1.0
 94
        5
 62
     0
340
11
144
4.5
309
CONTENTFORMAT_END
171
     1
301
MARGIN
  1
CELLMARGIN_BEGIN
 40
1.5
 40
1.5
 40
1.5
 40
1.5
 40
0.18
 40
0.18
309
CELLMARGIN_END
 94
        6
 95
        1
302
GRIDFORMAT
  1
GRIDFORMAT_BEGIN
 90
        0
 91
        1
 62
     0
 92
       -2
340
0
 93
        0
 40
0.045
309
GRIDFORMAT_END
 95
        2
302
GRIDFORMAT
  1
GRIDFORMAT_BEGIN
 90
        0
 91
        1
 62
     0
 92
       -2
340
0
 93
        0
 40
0.045
309
GRIDFORMAT_END
 95
        4
302
GRIDFORMAT
  1
GRIDFORMAT_BEGIN
 90
        0
 91
        1
 62
     0
 92
       -2
340
0
 93
        0
 40
0.045
309
GRIDFORMAT_END
 95
        8
302
GRIDFORMAT
  1
GRIDFORMAT_BEGIN
 90
        0
 91
        1
 62
     0
 92
       -2
340
0
 93
        0
 40
0.045
309
GRIDFORMAT_END
 95
       16
302
GRIDFORMAT
  1
GRIDFORMAT_BEGIN
 90
        0
 91
        1
 62
     0
 92
       -2
340
0
 93
        0
 40
0.045
309
GRIDFORMAT_END
 95
       32
302
GRIDFORMAT
  1
GRIDFORMAT_BEGIN
 90
        0
 91
        1
 62
     0
 92
       -2
340
0
 93
        0
 40
0.045
309
GRIDFORMAT_END
309
TABLEFORMAT_END
  1
CELLSTYLE_BEGIN
 90
        2
 91
        1
300
_HEADER
309
CELLSTYLE_END
300
CELLSTYLE
  1
TABLEFORMAT_BEGIN
 90
        5
170
     1
 91
        0
 92
        0
 62
   257
 93
        1
300
CONTENTFORMAT
  1
CONTENTFORMAT_BEGIN
 90
        0
 91
        0
 92
        4
 93
        0
300

 40
0.0
140
1.0
 94
        2
 62
     0
340
11
144
4.5
309
CONTENTFORMAT_END
171
     1
301
MARGIN
  1
CELLMARGIN_BEGIN
 40
1.5
 40
1.5
 40
1.5
 40
1.5
 40
0.18
 40
0.18
309
CELLMARGIN_END
 94
        6
 95
        1
302
GRIDFORMAT
  1
GRIDFORMAT_BEGIN
 90
        0
 91
        1
 62
     0
 92
       -2
340
0
 93
        0
 40
0.045
309
GRIDFORMAT_END
 95
        2
302
GRIDFORMAT
  1
GRIDFORMAT_BEGIN
 90
        0
 91
        1
 62
     0
 92
       -2
340
0
 93
        0
 40
0.045
309
GRIDFORMAT_END
 95
        4
302
GRIDFORMAT
  1
GRIDFORMAT_BEGIN
 90
        0
 91
        1
 62
     0
 92
       -2
340
0
 93
        0
 40
0.045
309
GRIDFORMAT_END
 95
        8
302
GRIDFORMAT
  1
GRIDFORMAT_BEGIN
 90
        0
 91
        1
 62
     0
 92
       -2
340
0
 93
        0
 40
0.045
309
GRIDFORMAT_END
 95
       16
302
GRIDFORMAT
  1
GRIDFORMAT_BEGIN
 90
        0
 91
        1
 62
     0
 92
       -2
340
0
 93
        0
 40
0.045
309
GRIDFORMAT_END
 95
       32
302
GRIDFORMAT
  1
GRIDFORMAT_BEGIN
 90
        0
 91
        1
 62
     0
 92
       -2
340
0
 93
        0
 40
0.045
309
GRIDFORMAT_END
309
TABLEFORMAT_END
  1
CELLSTYLE_BEGIN
 90
        3
 91
        2
300
_DATA
309
CELLSTYLE_END
  0
ENDSEC
  0
SECTION
  2
ACDSDATA
 70
     2
 71
     8
  0
ACDSSCHEMA
 90
        0
  1
AcDb_Thumbnail_Schema
  2
AcDbDs::ID
280
    10
 91
        8
  2
Thumbnail_Data
280
    15
 91
        0
101
ACDSRECORD
 95
        0
 90
        1
  2
AcDbDs::TreatedAsObjectData
280
     1
291
     1
101
ACDSRECORD
 95
        0
 90
        2
  2
AcDbDs::Legacy
280
     1
291
     1
101
ACDSRECORD
  1
AcDbDs::ID
 90
        3
  2
AcDs:Indexable
280
     1
291
     1
101
ACDSRECORD
  1
AcDbDs::ID
 90
        4
  2
AcDbDs::HandleAttribute
280
     7
282
     1
  0
ACDSSCHEMA
 90
        1
  1
AcDbDs::TreatedAsObjectDataSchema
  2
AcDbDs::TreatedAsObjectData
280
     1
 91
        0
  0
ACDSSCHEMA
 90
        2
  1
AcDbDs::LegacySchema
  2
AcDbDs::Legacy
280
     1
 91
        0
  0
ACDSSCHEMA
 90
        3
  1
AcDbDs::IndexedPropertySchema
  2
AcDs:Indexable
280
     1
 91
        0
  0
ACDSSCHEMA
 90
        4
  1
AcDbDs::HandleAttributeSchema
  2
AcDbDs::HandleAttribute
280
     7
 91
        1
284
     1
  0
ACDSRECORD
 90
        0
  2
AcDbDs::ID
280
    10
320
22
  2
Thumbnail_Data
280
    15
 94
     3128
310
89504E470D0A1A0A0000000D49484452000001000000007508030000009634CF9200000300504C5445212830FFFFFF2128300000000000000000000000000000000000000000000000000000330000660000990000CC0000FF0033000033330033660033990033CC0033FF0066000066330066660066990066CC0066FF0099
310
000099330099660099990099CC0099FF00CC0000CC3300CC6600CC9900CCCC00CCFF00FF0000FF3300FF6600FF9900FFCC00FFFF3300003300333300663300993300CC3300FF3333003333333333663333993333CC3333FF3366003366333366663366993366CC3366FF3399003399333399663399993399CC3399FF33CC00
310
33CC3333CC6633CC9933CCCC33CCFF33FF0033FF3333FF6633FF9933FFCC33FFFF6600006600336600666600996600CC6600FF6633006633336633666633996633CC6633FF6666006666336666666666996666CC6666FF6699006699336699666699996699CC6699FF66CC0066CC3366CC6666CC9966CCCC66CCFF66FF0066
310
FF3366FF6666FF9966FFCC66FFFF9900009900339900669900999900CC9900FF9933009933339933669933999933CC9933FF9966009966339966669966999966CC9966FF9999009999339999669999999999CC9999FF99CC0099CC3399CC6699CC9999CCCC99CCFF99FF0099FF3399FF6699FF9999FFCC99FFFFCC0000CC00
310
33CC0066CC0099CC00CCCC00FFCC3300CC3333CC3366CC3399CC33CCCC33FFCC6600CC6633CC6666CC6699CC66CCCC66FFCC9900CC9933CC9966CC9999CC99CCCC99FFCCCC00CCCC33CCCC66CCCC99CCCCCCCCCCFFCCFF00CCFF33CCFF66CCFF99CCFFCCCCFFFFFF0000FF0033FF0066FF0099FF00CCFF00FFFF3300FF3333
310
FF3366FF3399FF33CCFF33FFFF6600FF6633FF6666FF6699FF66CCFF66FFFF9900FF9933FF9966FF9999FF99CCFF99FFFFCC00FFCC33FFCC66FFCC99FFCCCCFFCCFFFFFF00FFFF33FFFF66FFFF99FFFFCCFFFFFF0000000D0D0D1A1A1A2828283535354343435050505D5D5D6B6B6B787878868686939393A1A1A1AEAEAEBB
310
BBBBC9C9C9D6D6D6E4E4E4F1F1F1FFFFFF0000000000000000000000000000000000000000000000000000000000002E4550F1000006804944415478DAED5C3B9AAC2A10AE1D9CF8469392B8FFEC4FCE368C7A0F27BFCAB30051B005D1A1A6BBD5D6FEB47EEA491543D492504EEA87FFE81D049A34D91D46DBBF7819006499
310
CD43E06D00C0F08A0DFE2726F33D0120826DEA7C9E0494CB4CEF00081A00E88D90B4CF8EB0B477477D7EF9E81F00C11FFA807F0F00D10900E24B32BE5D2C2F4978681C20B2CE88E02B21CE68749736E0140085FCFB2A2028A508B7D8809300886F01108F0660D92942E07D36A050065E67034AED0022A793744DD4910AB000
310
7D03801221C804A0371B00DA05804436040FB5014700E4ABC1436DC002006200C42900B26D407B157064835A73E848D87077395B9E123200A83B009C9E928AE7C13670D220BF9296D186FD2FB201EA8E9233F08D7E8E5993F02520DB0DF46803C0B4111E9F2466CC585F6AE8D6873108F8095101001DDA006BE0165E3573CB
310
07240033687D1BE9A5F52B090D1BCDA240082100BBE2BF9E6EA102E67E8A39C99FE256A163DEE403702616EED70DFAF3B146F949B21E194184D920F070000026098111D412E0394A04F27B3617A09429686C03E0C502D6DD838505F01F13F178FE5DA9DC08DE0F002EA23C001E5D1BFC7301DA3DC601D7D1B929B12D2FD252
310
05B4EF937FA476F5D16CBEDCDE9FCD6FDDE50F06801DB17D3ADA3797ABE8E9D9B9C097283E7F3EA0096DB8C16ED2E142DAEFEB18003CC806CC677E9493D20E1B90A1027B08BF1A003A0040BC1680D127386C40960D50E744CF6E7000F01A1B10DE0B2D242035E8AB7B2035F8BA44DCA84B6CDD5249625F07808DFE99062AA0
310
B50D6A04AC50500D208E8A00DEB17AB7B1012BFF40189E5C0F41C775015905713221BC11BBDE0BA4C25F6D09C868412B005C198859243014DA02E0CC40ABC208E95A27E7D4AB035C24089D86C2F2267EF221F53F182ABCD406689035AB6A5AD86202DF28BE5202F42D2C006B91D862228BC4DC2D806EA17FD5F95700CC8C98
310
59E076EB1E085AB5C86C00E0444488FB1068D823149B0582EF18D608AD86B67F5976BB0400D62E43BC712CF0D51087F69C9D9F634A3A86ED6BAAA668C2F53E7A38C3730CA65542E8D5512800A0E4C21B0030EE5EC44B16857BA8D53702E4654B6F510144C9A8EDE5B200ACDE91874BE2F0A1A6C2E70E578D06C7534DED57F7
310
716287A0255A37CD29B320AF823029739A21F9112F12265D4B32ABA7531C4EBB871584C0291E10F584C399050F809D313600848BA4ED77B4BEC86230117975367D512B00E0AC0F33FF51EC036DFEE506BB11811966F21020F532C2E14BC08D00701EB945D04C0BD7DF697B85A17A0893796228C2B104ECCB785B15309CC38B
310
806072019303F04E510D0052C161C450F88F13FA01C0F4FEACDC98DE1FC863B9D1E66139FA137605C95FE9CD1100875EE036002AF9E9E962AA2800C6FD41DB42E5EC64DB975188B58F1A3638642A607E7AAC02CD67528A01D05990DCB7D1A8F2FD8B115CEC9E5E2B232F6100EC1B41C49329D0EDE7B60E83985B84D126AA3B
310
01CF0BA8D86F16D1E02A37080BC0914EDB0A03DF06BA93A559A8EF01F85059367D704C07BD8E037663DD89CD21B177CC33F91FB70010B061160BC1CD92417602C2A44C2C12CC90008F6BDAE2945292D14605102443AE5D9EA5C37C25012123190A7D4C0900D414009874383EC1B3413E799E91E83DC70B8065B8C9F900B21E
310
4147CA8789EE73E2003E25C6D9025F0E6A2784849A17C4E1907C1B09B69380605294BBC5301D16C24C1D8A4C86FE5344F4F97CE4872362DB9E0080AB8BF8B3C2A68D22B3683E31FE17003402EB9F619D2424EBA98E2440E53DEB72490600C85B1D9937CFB501C0A74F008E2B4341CF04E81400A458D63C7F8C52742001D898
310
FF72B541D73853561A8C01D0CA9E0400667DA27D00166E570560AB0C04131D85390AF771B4E3A00E01A04802926943FD503850781B1FC19F35F09D3C9FD23C04E0E358D646809C5FB0D7835C65CEAE596F950C79A531A1BDFDB6E8E72CFAD0C0784E803C00B44550FC2B1560A170100D574F877969CCA83DF282DEAB02A14D
310
00AC50D4F68132D145A8F65F54A4CA63DD9D04B92E00AA51125C9A2F28C89D92003F7DE473D555ABC3BAEACFF3D5EF4901F023A940051233035503A13ACDD293E3DF01F0A351F1AE54174C949C2CAB0C4025E200FCD89D14850078B3678D72810A00AC9CAB113EE47F07007A32003F79003809B8311BACAD02B487430FE970
310
0D00ACCD53762F21FD9DCC08D503A0F329B17F156851E62951EA6183EF7D3F1D165F67FAE534001800FC6AEEE7F9D74BC0A04183060D1A3468D0A04183060D1A7419FD0F93C65B364DB29D160000000049454E44AE4260826683F152248E899057B85A2B5817F51704FCCB9CC9CF89004E6B97EF92FE49DF29008BACE4B2EB
310
5CAB00F89993AF05E01FF7EB7F5300E474FFC316F043610864437FF5E4704700C9C585B1B0C9F86F0EA0AD40E8F714E9E7D36E6ABA15277FFD4D6A0CFD7179003C00FEB2F2FA9E3F8F3CF2C8238F3CF2C8238F3CF2C8238F3CB254FE0753E312FE3AB1C6320000000049454E44AE42608200000049454E44AE42608230C441
310
B9ED1306B15084BC4A880D519427C445C900D3FC9726CEAC8B016C67407335C924B6C2247B03A07EEB8915A1627875C920C48B742C65808A22F42800E1E4D4B7382916C6E60040D20451AE0BCC4451391CDB44515B07A072ABB484611209D1890C28426002C008AED700205558C8E2D812611A79801CFF9C0435007A54E274
310
5DC0DD0D91FB00136F82F06FE49CB036FF0FC1218B09F25724574C408DFC5F006056A0E92C8AB21E8AA134865C2613F755D72A4372EC31CBED5B00BC5A13140C48594D45218B9D9A3502591D806E8D423934E57D03C873C13D7940EEF7A6B832A1A709780DA3580429782E0100142953EC1B6E2A075500F8F16D3D117254A2
310
6810FEF7F501745B805E202186592E500AEAB874F91BD70724004810F9F95947604A4E823AEF76FB02105C6B4659751319FFAA84CA116157546E0000EE1F634188302A937093F1783A5F11CA6E19A92EDBDC5D00B4250059BF7314D4958AD4F8C1DF227E753B088008871D18F02600A4CE062CC0911FC2FFD2074C3D7DC03B
310
01007F31A004C0C5834B032065F1460CF8A9A689477F8FFC1D010080CC18F2C8A835F56E82C8BF1734AE2F2CF170DA5C4E989A55220B5FDE8E00F01FA587C3340FFEA12C0000000049454E44AE426082
  0
ENDSEC
  0
EOF
